Passenger_ID,Flight_ID,Flight_Date,Origin,Destination,Aircraft_Type,Flight_Status,Delay_Minutes,Cabin_Class,Booking_Channel,Travel_Purpose,Loyalty_Tier,Ticket_Fare_USD,Revenue_USD,Customer_Satisfaction,Baggage_Issue
P00001,FL0001,2025-05-21,London,Singapore,Airbus A350,On Time,0,Economy,Mobile App,Business,Gold,316.78,316.78,3.5,No
P00002,FL0002,2025-10-07,London,Toronto,Airbus A320,On Time,0,Economy,Travel Agent,Leisure,Silver,309.12,309.12,4.4,No
P00003,FL0003,2025-02-17,Dubai,London,Airbus A350,On Time,0,Business,Mobile App,Leisure,Gold,2523.66,2523.66,3.4,No
P00004,FL0004,2025-10-15,Sydney,London,Airbus A350,On Time,0,Economy,Travel Agent,Business,Gold,219.98,219.98,4.2,No
P00005,FL0005,2025-04-23,New York,Frankfurt,Boeing 787,On Time,0,Business,Website,Visiting Friends/Relatives,Platinum,2121.23,2121.23,3.5,No
P00006,FL0006,2025-12-24,Dubai,Doha,Boeing 787,On Time,0,Economy,Website,Leisure,Gold,349.03,366.48,4.4,No
P00007,FL0007,2025-06-22,Singapore,Paris,Airbus A320,On Time,0,Economy,Mobile App,Visiting Friends/Relatives,Bronze,369.46,369.46,5,No
P00008,FL0008,2025-06-26,London,Frankfurt,Airbus A380,On Time,0,Business,Website,Business,Bronze,1777.89,1777.89,4.3,No
P00009,FL0009,2025-10-02,Dubai,New York,Airbus A320,Cancelled,0,Premium Economy,Corporate,Business,Platinum,599.69,629.67,2.4,No
P00010,FL0010,2025-10-10,Frankfurt,Singapore,Boeing 777,Delayed,1,Economy,Mobile App,Leisure,Silver,339.88,339.88,3.0,No
P00011,FL0011,2025-12-27,Sydney,Dubai,Airbus A320,On Time,0,Business,Travel Agent,Leisure,Silver,1823.25,1823.25,3.9,No
P00012,FL0012,2025-02-10,Doha,Mumbai,Airbus A350,Delayed,1,Business,Website,Business,Bronze,2497.83,2497.83,4.3,No
P00013,FL0013,2025-08-21,Frankfurt,Paris,Boeing 777,On Time,0,Business,Mobile App,Leisure,Gold,2054.41,2054.41,4.6,No
P00014,FL0014,2025-12-10,Bangkok,Dubai,Boeing 777,On Time,0,Economy,Mobile App,Visiting Friends/Relatives,Bronze,360.83,360.83,4.9,No
P00015,FL0015,2025-11-22,London,Tokyo,Airbus A350,On Time,0,Economy,Mobile App,Visiting Friends/Relatives,Gold,324.33,324.33,4.4,No
P00016,FL0016,2025-08-25,Doha,Dubai,Boeing 787,On Time,0,Economy,Mobile App,Business,Gold,395.85,415.64,3.5,No
P00017,FL0017,2025-12-17,New York,Dubai,Boeing 777,Delayed,19,Economy,Website,Business,Silver,336.34,353.16,3.1,No
P00018,FL0018,2025-07-25,Dubai,Frankfurt,Boeing 777,On Time,0,Premium Economy,Mobile App,Visiting Friends/Relatives,Silver,1132.94,1132.94,4.8,No
P00019,FL0019,2025-04-19,Sydney,Mumbai,Boeing 787,On Time,0,Economy,Mobile App,Visiting Friends/Relatives,Platinum,204.49,204.49,5,No
P00020,FL0020,2025-05-16,Paris,Doha,Airbus A350,On Time,0,Economy,Mobile App,Leisure,Gold,200.72,200.72,4.8,No
P00021,FL0021,2025-05-15,New York,Sydney,Airbus A380,On Time,0,Business,Corporate,Business,Bronze,1998.72,1998.72,4.0,No
P00022,FL0022,2025-07-05,Sydney,Frankfurt,Airbus A350,Cancelled,0,Economy,Mobile App,Business,Silver,329.19,329.19,2.5,No
P00023,FL0023,2025-09-10,Singapore,Sydney,Airbus A320,On Time,0,Economy,Mobile App,Visiting Friends/Relatives,Bronze,409.76,409.76,3.3,No
P00024,FL0024,2025-11-18,London,Dubai,Airbus A350,Delayed,9,Economy,Website,Leisure,Gold,346.66,363.99,3.7,No
P00025,FL0025,2025-02-02,Frankfurt,Tokyo,Boeing 787,On Time,0,Economy,Website,Visiting Friends/Relatives,Gold,398.28,398.28,3.7,No
P00026,FL0026,2025-05-09,Paris,Sydney,Airbus A380,Delayed,37,Business,Travel Agent,Business,Bronze,1834.04,1834.04,4.4,No
P00027,FL0027,2025-11-25,New York,Paris,Boeing 777,On Time,0,Economy,Travel Agent,Business,Bronze,244.66,244.66,5,No
P00028,FL0028,2025-08-21,Frankfurt,Doha,Airbus A320,Delayed,19,Economy,Website,Leisure,Silver,355.48,355.48,4.6,No
P00029,FL0029,2025-04-02,Mumbai,Sydney,Airbus A380,Delayed,24,Premium Economy,Website,Visiting Friends/Relatives,Silver,687.4,687.4,3.3,No
P00030,FL0030,2025-04-12,New York,Tokyo,Airbus A350,On Time,0,Economy,Website,Visiting Friends/Relatives,Bronze,393.86,413.55,3.9,No
P00031,FL0031,2025-09-29,Singapore,Sydney,Airbus A320,On Time,0,Economy,Mobile App,Leisure,Silver,243.62,243.62,4.5,No
P00032,FL0032,2025-02-27,Paris,London,Boeing 777,Delayed,10,Economy,Mobile App,Leisure,Gold,359.95,377.95,2.8,No
P00033,FL0033,2025-01-30,Mumbai,Dubai,Airbus A350,Delayed,22,Business,Mobile App,Business,Silver,1779.12,1868.08,3.3,No
P00034,FL0034,2025-09-30,Paris,Singapore,Airbus A350,On Time,0,Economy,Mobile App,Leisure,Bronze,503.11,503.11,4.1,No
P00035,FL0035,2025-03-26,Paris,Sydney,Boeing 777,On Time,0,Economy,Website,Visiting Friends/Relatives,Bronze,475.42,475.42,3.8,No
P00036,FL0036,2025-04-19,Sydney,Frankfurt,Airbus A380,On Time,0,Economy,Website,Business,Bronze,474.07,474.07,4.3,No
P00037,FL0037,2025-07-24,Doha,Mumbai,Boeing 777,On Time,0,Economy,Mobile App,Visiting Friends/Relatives,Gold,265.96,265.96,4.7,Yes
P00038,FL0038,2025-03-03,New York,Bangkok,Airbus A350,On Time,0,Business,Mobile App,Leisure,Platinum,1644.46,1644.46,2.7,No
P00039,FL0039,2025-10-29,Bangkok,London,Airbus A380,On Time,0,Economy,Travel Agent,Leisure,Silver,326.93,326.93,4.3,No
P00040,FL0040,2025-02-06,Doha,London,Airbus A320,On Time,0,Economy,Website,Visiting Friends/Relatives,Bronze,219.17,219.17,4.2,No
P00041,FL0041,2025-02-06,Dubai,Frankfurt,Airbus A380,On Time,0,Business,Website,Visiting Friends/Relatives,Silver,1468.04,1468.04,4.2,No
P00042,FL0042,2025-10-04,Paris,Dubai,Airbus A350,On Time,0,Economy,Corporate,Business,Bronze,273.55,273.55,4.5,No
P00043,FL0043,2025-08-31,Sydney,Tokyo,Airbus A350,Delayed,16,Business,Website,Business,Gold,3093.16,3247.82,3.3,No
P00044,FL0044,2025-02-18,Frankfurt,Dubai,Airbus A320,On Time,0,Economy,Travel Agent,Visiting Friends/Relatives,Silver,382.47,401.59,5,No
P00045,FL0045,2025-07-30,Bangkok,Frankfurt,Boeing 787,Delayed,34,Economy,Website,Business,Bronze,342.88,360.02,4.5,No
P00046,FL0046,2025-07-26,London,Singapore,Boeing 777,Delayed,23,Economy,Website,Leisure,Silver,358.42,358.42,3.6,No
P00047,FL0047,2025-04-09,London,Paris,Airbus A350,On Time,0,Economy,Website,Leisure,Platinum,398.23,398.23,4.8,No
P00048,FL0048,2025-04-04,Singapore,Bangkok,Boeing 777,On Time,0,Economy,Mobile App,Leisure,Platinum,295.38,295.38,4.8,No
P00049,FL0049,2025-10-09,London,New York,Airbus A320,On Time,0,Business,Mobile App,Visiting Friends/Relatives,Gold,1486.88,1486.88,3.7,No
P00050,FL0050,2025-02-17,New York,London,Airbus A350,On Time,0,Economy,Website,Visiting Friends/Relatives,Bronze,420.72,441.76,3.9,No
P00051,FL0051,2025-04-20,Paris,New York,Boeing 787,Delayed,18,Business,Corporate,Business,Bronze,2095.41,2200.18,3.8,No
P00052,FL0052,2025-08-21,Frankfurt,Paris,Boeing 777,On Time,0,Economy,Website,Leisure,Bronze,420.62,420.62,4.9,No
P00053,FL0053,2025-09-07,New York,Toronto,Airbus A350,On Time,0,Economy,Website,Visiting Friends/Relatives,Bronze,343.18,343.18,4.7,No
P00054,FL0054,2025-10-24,Doha,London,Airbus A380,On Time,0,Business,Website,Visiting Friends/Relatives,Platinum,1593.17,1593.17,4.0,No
P00055,FL0055,2025-01-26,Bangkok,London,Airbus A380,On Time,0,Economy,Mobile App,Leisure,Platinum,371.66,371.66,4.2,No
P00056,FL0056,2025-01-30,New York,Doha,Airbus A380,On Time,0,Economy,Website,Business,Gold,293.31,293.31,4.9,No
P00057,FL0057,2025-11-01,Singapore,Doha,Airbus A320,On Time,0,Economy,Website,Visiting Friends/Relatives,Gold,316.46,332.28,4.3,Yes
P00058,FL0058,2025-03-03,Doha,Bangkok,Airbus A380,On Time,0,Economy,Website,Leisure,Silver,290.57,305.1,4.3,No
P00059,FL0059,2025-11-14,Sydney,London,Airbus A320,On Time,0,Economy,Mobile App,Visiting Friends/Relatives,Bronze,333.02,333.02,5,No
P00060,FL0060,2025-09-25,Sydney,Tokyo,Boeing 777,Delayed,18,Economy,Website,Business,Bronze,226.94,238.29,3.5,No
P00061,FL0061,2025-06-10,Doha,Toronto,Airbus A350,On Time,0,Economy,Website,Visiting Friends/Relatives,Gold,438.94,438.94,5,No
P00062,FL0062,2025-11-27,Singapore,Toronto,Boeing 777,On Time,0,Economy,Website,Leisure,Gold,253.16,265.82,4.9,No
P00063,FL0063,2025-08-23,London,Singapore,Airbus A380,Cancelled,0,Economy,Travel Agent,Leisure,Bronze,266.06,279.36,2.7,No
P00064,FL0064,2025-10-03,London,Doha,Airbus A350,On Time,0,Economy,Travel Agent,Visiting Friends/Relatives,Bronze,379.87,398.86,4.3,No
P00065,FL0065,2025-02-05,Singapore,Frankfurt,Airbus A350,On Time,0,Premium Economy,Mobile App,Business,Platinum,652.7,652.7,5,Yes
P00066,FL0066,2025-10-06,Singapore,New York,Boeing 777,On Time,0,Premium Economy,Corporate,Business,Gold,689.22,689.22,4.6,No
P00067,FL0067,2025-12-08,New York,London,Airbus A380,On Time,0,Economy,Mobile App,Business,Bronze,342.29,342.29,5,No
P00068,FL0068,2025-05-16,London,Dubai,Airbus A320,Delayed,17,Economy,Website,Business,Silver,251.38,251.38,5,No
P00069,FL0069,2025-04-18,Mumbai,Tokyo,Boeing 777,On Time,0,Economy,Travel Agent,Visiting Friends/Relatives,Platinum,221.43,221.43,3.5,No
P00070,FL0070,2025-09-08,Mumbai,Sydney,Boeing 777,Delayed,11,Economy,Mobile App,Visiting Friends/Relatives,Bronze,199.08,199.08,3.6,No
P00071,FL0071,2025-11-21,Dubai,Singapore,Boeing 787,Delayed,28,Economy,Website,Leisure,Bronze,266.43,266.43,3.2,No
P00072,FL0072,2025-05-15,Singapore,Toronto,Airbus A350,On Time,0,Premium Economy,Website,Leisure,Silver,699.4,699.4,3.3,No
P00073,FL0073,2025-10-15,New York,Frankfurt,Airbus A320,On Time,0,Economy,Mobile App,Visiting Friends/Relatives,Bronze,204.1,214.31,4.6,No
P00074,FL0074,2025-01-19,Singapore,Sydney,Boeing 777,On Time,0,Economy,Website,Business,Bronze,252.4,252.4,4.9,Yes
P00075,FL0075,2025-03-07,Singapore,Bangkok,Airbus A320,On Time,0,Economy,Mobile App,Visiting Friends/Relatives,Silver,357.7,375.58,4.7,Yes
P00076,FL0076,2025-04-18,Dubai,Frankfurt,Airbus A350,On Time,0,Economy,Travel Agent,Leisure,Silver,306.69,306.69,3.0,Yes
P00077,FL0077,2025-07-28,Bangkok,Sydney,Airbus A380,On Time,0,Economy,Corporate,Business,Bronze,337.24,337.24,3.8,No
P00078,FL0078,2025-04-01,Doha,Dubai,Boeing 787,On Time,0,Business,Mobile App,Visiting Friends/Relatives,Silver,1834.09,1834.09,3.0,No
P00079,FL0079,2025-12-09,Bangkok,Frankfurt,Airbus A350,On Time,0,Economy,Travel Agent,Business,Platinum,282.1,296.21,3.7,No
P00080,FL0080,2025-01-20,London,Bangkok,Boeing 787,On Time,0,Economy,Travel Agent,Leisure,Silver,376.41,395.23,5,No
P00081,FL0081,2025-06-06,Paris,Frankfurt,Airbus A350,On Time,0,Economy,Mobile App,Business,Silver,403.38,403.38,3.8,No
P00082,FL0082,2025-06-18,Doha,Bangkok,Boeing 777,Delayed,20,Business,Mobile App,Business,Bronze,1591.99,1671.59,3.8,No
P00083,FL0083,2025-11-25,Mumbai,Frankfurt,Airbus A380,On Time,0,Economy,Travel Agent,Visiting Friends/Relatives,Bronze,282.89,282.89,4.3,No
P00084,FL0084,2025-01-15,New York,Mumbai,Airbus A320,Delayed,16,Economy,Travel Agent,Leisure,Bronze,346.39,346.39,4.2,No
P00085,FL0085,2025-02-25,Mumbai,London,Airbus A380,On Time,0,Economy,Website,Visiting Friends/Relatives,Gold,255.95,255.95,4.4,No
P00086,FL0086,2025-11-07,Bangkok,Frankfurt,Airbus A380,On Time,0,Economy,Corporate,Business,Silver,379.17,379.17,5,No
P00087,FL0087,2025-05-11,Sydney,Dubai,Airbus A320,On Time,0,Business,Travel Agent,Business,Gold,1144.98,1144.98,4.5,No
P00088,FL0088,2025-10-03,Dubai,Sydney,Airbus A350,On Time,0,Premium Economy,Website,Business,Silver,809.93,809.93,4.2,No
P00089,FL0089,2025-06-19,London,Toronto,Airbus A380,On Time,0,Economy,Website,Leisure,Bronze,332.97,349.62,4.4,No
P00090,FL0090,2025-09-17,London,Mumbai,Boeing 777,On Time,0,Economy,Travel Agent,Business,Gold,415.34,415.34,4.8,No
P00091,FL0091,2025-12-23,Bangkok,Frankfurt,Boeing 777,On Time,0,Economy,Travel Agent,Leisure,Bronze,284.58,284.58,4.6,No
P00092,FL0092,2025-12-07,Doha,Bangkok,Boeing 787,On Time,0,Premium Economy,Corporate,Business,Gold,642.74,642.74,3.8,No
P00093,FL0093,2025-10-19,Singapore,Tokyo,Boeing 777,On Time,0,Premium Economy,Website,Business,Platinum,658.26,658.26,4.9,No
P00094,FL0094,2025-05-27,Dubai,Mumbai,Airbus A350,On Time,0,Business,Website,Leisure,Bronze,2178.61,2178.61,4.3,No
P00095,FL0095,2025-12-02,Sydney,Tokyo,Boeing 777,On Time,0,Economy,Website,Business,Gold,312.24,312.24,5,No
P00096,FL0096,2025-04-20,Paris,Toronto,Airbus A380,On Time,0,Economy,Mobile App,Visiting Friends/Relatives,Silver,310.48,310.48,4.0,No
P00097,FL0097,2025-02-13,Singapore,Toronto,Boeing 777,On Time,0,Economy,Corporate,Visiting Friends/Relatives,Bronze,199.25,199.25,3.5,No
P00098,FL0098,2025-02-17,Sydney,Mumbai,Airbus A350,On Time,0,Economy,Mobile App,Leisure,Bronze,296.8,296.8,4.8,No
P00099,FL0099,2025-03-17,Doha,Paris,Airbus A320,On Time,0,First,Corporate,Visiting Friends/Relatives,Bronze,4123.89,4123.89,3.7,No
P00100,FL0100,2025-02-07,Paris,Tokyo,Boeing 787,On Time,0,Economy,Website,Leisure,Bronze,266.3,266.3,5,No
P00101,FL0101,2025-12-23,Sydney,Dubai,Boeing 787,On Time,0,Economy,Corporate,Business,Platinum,477.55,501.43,4.3,No
P00102,FL0102,2025-12-02,Doha,Dubai,Airbus A320,Delayed,33,Economy,Travel Agent,Visiting Friends/Relatives,Platinum,282.35,282.35,4.1,No
P00103,FL0103,2025-04-23,London,Bangkok,Airbus A350,Delayed,13,Economy,Mobile App,Leisure,Platinum,340.15,340.15,3.9,No
P00104,FL0104,2025-03-04,New York,Dubai,Boeing 787,On Time,0,Economy,Corporate,Visiting Friends/Relatives,Gold,361.95,361.95,4.6,No
P00105,FL0105,2025-09-29,Paris,Toronto,Airbus A380,On Time,0,Premium Economy,Mobile App,Visiting Friends/Relatives,Bronze,991.71,991.71,3.9,No
P00106,FL0106,2025-09-16,Paris,Tokyo,Boeing 787,Delayed,5,Economy,Website,Leisure,Silver,387.29,387.29,3.8,No
P00107,FL0107,2025-03-23,New York,Bangkok,Boeing 787,On Time,0,Business,Website,Business,Gold,2314.07,2314.07,3.1,Yes
P00108,FL0108,2025-05-22,Doha,Toronto,Airbus A380,On Time,0,Premium Economy,Mobile App,Business,Bronze,784.09,784.09,3.9,No
P00109,FL0109,2025-08-14,Doha,Mumbai,Airbus A320,On Time,0,Economy,Mobile App,Leisure,Bronze,381.07,381.07,4.0,No
P00110,FL0110,2025-06-21,Doha,Mumbai,Boeing 777,Delayed,24,Economy,Travel Agent,Leisure,Platinum,272.11,272.11,3.7,No
P00111,FL0111,2025-12-28,Frankfurt,Doha,Airbus A350,On Time,0,Economy,Travel Agent,Visiting Friends/Relatives,Gold,311.45,327.02,4.0,No
P00112,FL0112,2025-10-05,Frankfurt,Mumbai,Boeing 787,On Time,0,Economy,Travel Agent,Business,Gold,393.98,393.98,3.7,No
P00113,FL0113,2025-07-19,Doha,Bangkok,Airbus A380,Delayed,21,Economy,Mobile App,Leisure,Bronze,254.17,254.17,3.6,No
P00114,FL0114,2025-07-14,Dubai,Tokyo,Boeing 787,On Time,0,Business,Mobile App,Visiting Friends/Relatives,Silver,1743.05,1743.05,3.8,No
P00115,FL0115,2025-07-19,Bangkok,Paris,Boeing 787,On Time,0,Economy,Website,Business,Bronze,356.83,374.67,3.1,No
P00116,FL0116,2025-04-23,New York,Tokyo,Boeing 787,On Time,0,Economy,Travel Agent,Business,Gold,246.11,246.11,3.9,No
P00117,FL0117,2025-01-15,Frankfurt,New York,Boeing 787,On Time,0,Economy,Mobile App,Visiting Friends/Relatives,Gold,308.02,323.42,5.0,No
P00118,FL0118,2025-08-28,Frankfurt,Doha,Airbus A350,Cancelled,0,Economy,Mobile App,Business,Gold,172.98,172.98,2.9,No
P00119,FL0119,2025-07-21,New York,London,Airbus A380,On Time,0,Business,Website,Business,Platinum,1679.81,1679.81,4.5,No
P00120,FL0120,2025-11-26,Dubai,Singapore,Boeing 787,On Time,0,Economy,Mobile App,Visiting Friends/Relatives,Bronze,319.27,319.27,3.8,No
P00121,FL0121,2025-01-26,Paris,Doha,Boeing 777,On Time,0,Economy,Travel Agent,Visiting Friends/Relatives,Silver,341.03,341.03,3.8,No
P00122,FL0122,2025-06-17,Doha,New York,Boeing 777,On Time,0,Economy,Website,Leisure,Gold,230.44,230.44,4.7,No
P00123,FL0123,2025-08-04,Frankfurt,Paris,Boeing 777,Delayed,1,Economy,Mobile App,Visiting Friends/Relatives,Platinum,235.77,235.77,3.0,No
P00124,FL0124,2025-04-25,Dubai,Frankfurt,Airbus A320,Delayed,21,Economy,Website,Business,Gold,274.69,288.42,4.0,No
P00125,FL0125,2025-05-07,Dubai,London,Airbus A350,Delayed,11,Economy,Website,Visiting Friends/Relatives,Gold,254.48,254.48,2.8,No
P00126,FL0126,2025-02-28,Paris,Toronto,Airbus A380,Delayed,11,Premium Economy,Corporate,Visiting Friends/Relatives,Bronze,690.44,690.44,2.7,No
P00127,FL0127,2025-07-08,Paris,Mumbai,Airbus A350,On Time,0,Economy,Travel Agent,Business,Silver,340.69,357.72,4.7,No
P00128,FL0128,2025-06-09,London,Dubai,Airbus A320,On Time,0,Economy,Corporate,Visiting Friends/Relatives,Gold,270.8,284.34,4.1,No
P00129,FL0129,2025-12-13,Mumbai,Tokyo,Boeing 787,On Time,0,Economy,Website,Visiting Friends/Relatives,Silver,346.67,346.67,4.1,No
P00130,FL0130,2025-10-31,Doha,Singapore,Airbus A350,On Time,0,Economy,Mobile App,Visiting Friends/Relatives,Silver,321.52,321.52,4.6,Yes
P00131,FL0131,2025-11-04,Mumbai,Toronto,Airbus A320,Delayed,14,Economy,Mobile App,Business,Platinum,282.97,297.12,4.0,No
P00132,FL0132,2025-12-05,New York,Frankfurt,Boeing 777,On Time,0,Economy,Travel Agent,Business,Platinum,480.6,480.6,3.3,No
P00133,FL0133,2025-08-04,Bangkok,London,Boeing 787,On Time,0,Business,Travel Agent,Leisure,Silver,1487.11,1487.11,4.5,No
P00134,FL0134,2025-08-24,Bangkok,Toronto,Airbus A350,On Time,0,Economy,Mobile App,Business,Silver,437.83,437.83,4.0,No
P00135,FL0135,2025-05-19,New York,Toronto,Airbus A380,Delayed,16,Economy,Mobile App,Business,Bronze,369.5,369.5,4.1,No
P00136,FL0136,2025-08-27,New York,Bangkok,Boeing 787,Delayed,9,Economy,Corporate,Business,Bronze,421.8,421.8,3.9,No
P00137,FL0137,2025-05-23,Doha,Singapore,Boeing 787,On Time,0,Economy,Travel Agent,Leisure,Bronze,314.71,314.71,4.7,No
P00138,FL0138,2025-11-09,Paris,Tokyo,Boeing 787,On Time,0,Business,Website,Business,Silver,1985.09,1985.09,3.4,No
P00139,FL0139,2025-04-04,Paris,Frankfurt,Boeing 787,On Time,0,Business,Travel Agent,Visiting Friends/Relatives,Bronze,2353.05,2353.05,4.5,Yes
P00140,FL0140,2025-05-24,Mumbai,Frankfurt,Airbus A380,On Time,0,Business,Mobile App,Leisure,Bronze,1958.53,1958.53,4.4,No
P00141,FL0141,2025-01-06,Mumbai,Sydney,Airbus A380,Delayed,12,Economy,Website,Leisure,Silver,330.38,330.38,4.1,No
P00142,FL0142,2025-07-28,London,Paris,Boeing 787,On Time,0,Economy,Website,Visiting Friends/Relatives,Bronze,280.44,280.44,4.1,No
P00143,FL0143,2025-11-27,Doha,New York,Boeing 787,On Time,0,Economy,Website,Leisure,Silver,268.41,281.83,4.2,No
P00144,FL0144,2025-05-31,Dubai,Singapore,Airbus A350,On Time,0,Business,Mobile App,Leisure,Silver,1865.79,1959.08,4.6,No
P00145,FL0145,2025-12-06,Doha,Mumbai,Airbus A380,On Time,0,Economy,Corporate,Visiting Friends/Relatives,Silver,413.44,413.44,4.5,No
P00146,FL0146,2025-06-26,New York,Sydney,Boeing 787,Cancelled,0,Business,Website,Business,Silver,1527.36,1527.36,2.2,No
P00147,FL0147,2025-06-30,New York,Mumbai,Boeing 787,On Time,0,Economy,Website,Visiting Friends/Relatives,Bronze,322.06,322.06,4.3,No
P00148,FL0148,2025-03-03,Mumbai,Dubai,Airbus A350,On Time,0,Economy,Website,Leisure,Silver,338.81,338.81,2.8,No
P00149,FL0149,2025-04-09,New York,Doha,Airbus A350,On Time,0,Economy,Travel Agent,Business,Gold,249.76,249.76,3.8,No
P00150,FL0150,2025-09-26,Mumbai,Tokyo,Airbus A380,On Time,0,Business,Website,Leisure,Bronze,1137.85,1137.85,3.3,No
P00151,FL0151,2025-06-01,London,Paris,Airbus A350,On Time,0,Business,Website,Business,Silver,2220.3,2331.32,3.9,No
P00152,FL0152,2025-12-29,Mumbai,London,Airbus A380,On Time,0,First,Mobile App,Leisure,Silver,7152.27,7152.27,4.3,No
P00153,FL0153,2025-10-11,Dubai,London,Boeing 777,On Time,0,Economy,Travel Agent,Leisure,Platinum,363.55,363.55,3.4,No
P00154,FL0154,2025-09-09,Singapore,Toronto,Airbus A320,Delayed,5,Premium Economy,Corporate,Visiting Friends/Relatives,Bronze,753.23,790.89,4.3,Yes
P00155,FL0155,2025-04-05,Paris,Frankfurt,Airbus A320,On Time,0,Economy,Mobile App,Leisure,Gold,295.39,295.39,3.4,No
P00156,FL0156,2025-02-03,Paris,Singapore,Boeing 787,On Time,0,Economy,Corporate,Leisure,Silver,315.28,331.04,4.5,No
P00157,FL0157,2025-12-18,Sydney,Toronto,Airbus A320,On Time,0,Economy,Website,Business,Platinum,393.65,413.33,3.8,No
P00158,FL0158,2025-02-13,Sydney,Paris,Airbus A350,On Time,0,Economy,Mobile App,Leisure,Silver,289.53,304.01,3.8,No
P00159,FL0159,2025-11-02,Frankfurt,Tokyo,Airbus A380,On Time,0,Economy,Mobile App,Visiting Friends/Relatives,Silver,470.42,470.42,3.8,Yes
P00160,FL0160,2025-08-19,New York,Frankfurt,Boeing 787,On Time,0,Economy,Corporate,Visiting Friends/Relatives,Gold,315.95,331.75,4.5,No
P00161,FL0161,2025-06-06,Sydney,Frankfurt,Airbus A380,On Time,0,Business,Travel Agent,Visiting Friends/Relatives,Bronze,1767.41,1767.41,4.2,No
P00162,FL0162,2025-04-17,Sydney,Singapore,Airbus A350,On Time,0,Economy,Mobile App,Business,Silver,439.83,439.83,3.3,No
P00163,FL0163,2025-05-03,London,Dubai,Airbus A350,On Time,0,Economy,Mobile App,Business,Bronze,388.5,388.5,3.5,No
P00164,FL0164,2025-07-29,Singapore,London,Boeing 787,On Time,0,Economy,Travel Agent,Leisure,Silver,385.08,404.33,3.6,No
P00165,FL0165,2025-01-17,Paris,Mumbai,Airbus A350,On Time,0,Economy,Website,Visiting Friends/Relatives,Bronze,213.3,213.3,3.9,No
P00166,FL0166,2025-02-06,Mumbai,New York,Airbus A350,Delayed,11,Economy,Website,Visiting Friends/Relatives,Bronze,255.25,255.25,3.4,No
P00167,FL0167,2025-04-12,Sydney,Toronto,Boeing 787,On Time,0,Economy,Travel Agent,Leisure,Bronze,393.52,413.2,3.8,No
P00168,FL0168,2025-03-18,Doha,Toronto,Boeing 777,Delayed,24,Economy,Corporate,Visiting Friends/Relatives,Bronze,170.92,170.92,3.9,No
P00169,FL0169,2025-10-19,Mumbai,Tokyo,Boeing 777,On Time,0,Economy,Website,Leisure,Bronze,369.76,369.76,4.7,No
P00170,FL0170,2025-12-25,Paris,Mumbai,Boeing 787,Delayed,21,Economy,Website,Leisure,Platinum,350.7,350.7,4.2,No
P00171,FL0171,2025-09-10,New York,Sydney,Boeing 787,On Time,0,Economy,Travel Agent,Visiting Friends/Relatives,Gold,361.44,361.44,4.1,No
P00172,FL0172,2025-06-15,Dubai,Bangkok,Airbus A380,On Time,0,Economy,Website,Leisure,Gold,224.94,224.94,4.0,Yes
P00173,FL0173,2025-12-12,London,Paris,Airbus A380,On Time,0,Economy,Website,Visiting Friends/Relatives,Bronze,401.63,401.63,3.8,No
P00174,FL0174,2025-05-18,Dubai,Toronto,Airbus A380,On Time,0,First,Mobile App,Business,Silver,11041.15,11041.15,4.1,No
P00175,FL0175,2025-09-23,Singapore,New York,Boeing 787,Delayed,24,Economy,Website,Business,Bronze,222.58,222.58,3.3,No
P00176,FL0176,2025-08-29,Paris,Singapore,Boeing 777,On Time,0,Economy,Mobile App,Business,Silver,384.17,384.17,3.0,No
P00177,FL0177,2025-02-23,Bangkok,Toronto,Airbus A350,On Time,0,Economy,Website,Visiting Friends/Relatives,Platinum,293.76,293.76,4.3,Yes
P00178,FL0178,2025-12-06,Paris,Mumbai,Boeing 787,Delayed,32,Economy,Mobile App,Business,Silver,522.69,522.69,3.9,No
P00179,FL0179,2025-08-21,New York,London,Airbus A320,On Time,0,Economy,Travel Agent,Leisure,Silver,505.35,530.62,4.1,No
P00180,FL0180,2025-07-26,Bangkok,Singapore,Airbus A380,Delayed,42,Business,Mobile App,Leisure,Platinum,1835.15,1926.91,4.1,No
P00181,FL0181,2025-01-28,Paris,Bangkok,Airbus A350,On Time,0,Economy,Mobile App,Leisure,Gold,489.79,489.79,4.7,No
P00182,FL0182,2025-11-17,Sydney,Bangkok,Boeing 787,On Time,0,Economy,Travel Agent,Business,Bronze,298.73,313.67,4.9,No
P00183,FL0183,2025-10-09,Doha,Mumbai,Airbus A350,Delayed,18,Economy,Corporate,Leisure,Silver,247.28,247.28,3.2,Yes
P00184,FL0184,2025-03-04,Paris,New York,Airbus A320,Cancelled,0,Economy,Corporate,Leisure,Gold,241.99,254.09,3.5,No
P00185,FL0185,2025-12-30,Sydney,Dubai,Airbus A350,On Time,0,Economy,Mobile App,Business,Bronze,372.14,372.14,4.9,Yes
P00186,FL0186,2025-07-28,Dubai,Sydney,Airbus A320,On Time,0,Premium Economy,Mobile App,Business,Platinum,733.02,733.02,5,No
P00187,FL0187,2025-03-02,London,New York,Airbus A350,On Time,0,Economy,Website,Visiting Friends/Relatives,Silver,379.61,398.59,4.3,No
P00188,FL0188,2025-12-28,Mumbai,Sydney,Boeing 777,On Time,0,Economy,Mobile App,Business,Bronze,363.26,363.26,3.6,No
P00189,FL0189,2025-05-05,Paris,New York,Boeing 787,On Time,0,Economy,Website,Leisure,Silver,238.33,238.33,5,No
P00190,FL0190,2025-11-03,Frankfurt,Dubai,Airbus A380,On Time,0,Economy,Website,Business,Silver,467.98,491.38,4.3,No
P00191,FL0191,2025-05-22,Singapore,Doha,Boeing 787,On Time,0,Economy,Website,Business,Gold,340.76,357.8,4.2,No
P00192,FL0192,2025-01-02,New York,Paris,Boeing 777,On Time,0,Economy,Mobile App,Business,Silver,274.95,274.95,3.5,No
P00193,FL0193,2025-12-04,Sydney,Tokyo,Boeing 787,Delayed,4,Economy,Mobile App,Visiting Friends/Relatives,Silver,216.42,216.42,3.2,No
P00194,FL0194,2025-10-06,Bangkok,Sydney,Boeing 787,On Time,0,Economy,Mobile App,Business,Platinum,257.15,270.01,3.9,No
P00195,FL0195,2025-12-24,Bangkok,Dubai,Airbus A350,On Time,0,Economy,Website,Visiting Friends/Relatives,Bronze,212.69,223.32,4.3,No
P00196,FL0196,2025-01-23,Doha,Bangkok,Boeing 777,On Time,0,Economy,Mobile App,Leisure,Silver,200.74,200.74,4.9,No
P00197,FL0197,2025-12-06,Frankfurt,Bangkok,Airbus A350,On Time,0,First,Mobile App,Visiting Friends/Relatives,Bronze,3630.51,3630.51,3.7,No
P00198,FL0198,2025-09-15,Dubai,Doha,Airbus A380,On Time,0,First,Website,Leisure,Platinum,2563.44,2563.44,4.5,No
P00199,FL0199,2025-02-21,London,New York,Airbus A380,Delayed,22,Economy,Website,Business,Bronze,254.49,254.49,3.5,No
P00200,FL0200,2025-07-29,Dubai,Doha,Airbus A350,On Time,0,Economy,Website,Visiting Friends/Relatives,Platinum,225.61,236.89,4.5,No
P00201,FL0201,2025-11-16,Mumbai,Frankfurt,Boeing 787,On Time,0,Premium Economy,Mobile App,Visiting Friends/Relatives,Bronze,1079.1,1079.1,4.7,No
P00202,FL0202,2025-10-01,Bangkok,Toronto,Boeing 787,Delayed,1,Economy,Website,Visiting Friends/Relatives,Bronze,400.57,420.6,3.6,No
P00203,FL0203,2025-01-19,Paris,Sydney,Airbus A380,On Time,0,Premium Economy,Website,Visiting Friends/Relatives,Gold,652.47,685.09,3.8,No
P00204,FL0204,2025-02-16,Mumbai,Dubai,Boeing 787,Cancelled,0,Economy,Website,Leisure,Bronze,310.52,310.52,2.6,No
P00205,FL0205,2025-03-27,London,New York,Boeing 777,Delayed,1,Economy,Mobile App,Visiting Friends/Relatives,Gold,315.56,331.34,3.1,No
P00206,FL0206,2025-01-29,Dubai,Frankfurt,Boeing 777,On Time,0,Economy,Website,Visiting Friends/Relatives,Silver,178.32,178.32,4.4,No
P00207,FL0207,2025-05-06,Frankfurt,Doha,Airbus A380,On Time,0,Economy,Mobile App,Leisure,Silver,389.03,389.03,3.7,No
P00208,FL0208,2025-03-31,Singapore,Dubai,Airbus A320,On Time,0,Economy,Mobile App,Visiting Friends/Relatives,Platinum,204.84,204.84,4.2,Yes
P00209,FL0209,2025-12-16,Frankfurt,Tokyo,Airbus A350,On Time,0,Economy,Travel Agent,Visiting Friends/Relatives,Bronze,314.5,314.5,4.1,No
P00210,FL0210,2025-04-29,Sydney,Doha,Boeing 787,On Time,0,Business,Website,Visiting Friends/Relatives,Gold,1386.28,1386.28,3.7,No
P00211,FL0211,2025-12-08,Paris,Mumbai,Airbus A320,Delayed,8,Economy,Mobile App,Business,Bronze,290.54,305.07,2.9,No
P00212,FL0212,2025-02-07,New York,Doha,Boeing 787,Delayed,20,Economy,Travel Agent,Visiting Friends/Relatives,Gold,431.43,431.43,3.1,No
P00213,FL0213,2025-11-24,Sydney,Paris,Boeing 787,On Time,0,Economy,Website,Business,Silver,452.85,452.85,4.4,No
P00214,FL0214,2025-04-12,Paris,Mumbai,Boeing 787,Delayed,27,Economy,Website,Business,Platinum,224.31,235.53,3.9,No
P00215,FL0215,2025-06-01,Bangkok,Tokyo,Boeing 777,On Time,0,Economy,Website,Business,Gold,244.15,256.36,4.6,No
P00216,FL0216,2025-01-05,Frankfurt,Paris,Airbus A380,Delayed,25,Business,Mobile App,Visiting Friends/Relatives,Silver,2025.69,2025.69,3.1,No
P00217,FL0217,2025-09-12,Dubai,Tokyo,Boeing 777,On Time,0,Economy,Website,Leisure,Bronze,287.12,287.12,3.4,No
P00218,FL0218,2025-06-30,Doha,Tokyo,Airbus A350,On Time,0,Economy,Mobile App,Visiting Friends/Relatives,Platinum,388.85,388.85,3.9,No
P00219,FL0219,2025-12-14,Sydney,Paris,Airbus A350,On Time,0,Economy,Mobile App,Leisure,Bronze,378.78,378.78,4.3,No
P00220,FL0220,2025-08-14,Dubai,Mumbai,Airbus A320,On Time,0,Economy,Mobile App,Business,Silver,197.3,197.3,4.6,No
P00221,FL0221,2025-06-01,Singapore,Doha,Boeing 777,On Time,0,Economy,Corporate,Leisure,Silver,334.73,334.73,4.2,No
P00222,FL0222,2025-03-09,Singapore,Paris,Airbus A380,Delayed,8,Premium Economy,Website,Business,Silver,1014.41,1065.13,3.5,No
P00223,FL0223,2025-05-12,Mumbai,Doha,Boeing 787,Delayed,28,Economy,Website,Leisure,Bronze,237.79,249.68,3.9,No
P00224,FL0224,2025-02-28,Mumbai,Frankfurt,Boeing 787,Delayed,37,Economy,Mobile App,Visiting Friends/Relatives,Silver,330.83,330.83,4.2,No
P00225,FL0225,2025-07-07,Frankfurt,Sydney,Airbus A320,Delayed,42,Premium Economy,Website,Leisure,Silver,628.77,660.21,3.6,No
P00226,FL0226,2025-10-02,Dubai,Mumbai,Airbus A320,On Time,0,Economy,Website,Leisure,Platinum,301.5,301.5,4.2,No
P00227,FL0227,2025-07-15,Mumbai,Tokyo,Boeing 777,On Time,0,Premium Economy,Website,Visiting Friends/Relatives,Gold,477.63,477.63,3.7,No
P00228,FL0228,2025-01-13,Doha,New York,Airbus A380,Delayed,1,Economy,Travel Agent,Leisure,Bronze,366.24,384.55,3.4,No
P00229,FL0229,2025-02-02,Doha,Toronto,Boeing 787,Delayed,7,Economy,Travel Agent,Leisure,Bronze,250.73,263.27,3.3,No
P00230,FL0230,2025-07-29,Mumbai,Toronto,Airbus A320,On Time,0,Economy,Mobile App,Visiting Friends/Relatives,Silver,314.28,314.28,4.5,No
P00231,FL0231,2025-09-10,Dubai,Mumbai,Airbus A320,On Time,0,First,Mobile App,Leisure,Bronze,3883.62,3883.62,4.6,No
P00232,FL0232,2025-07-18,New York,Doha,Boeing 787,On Time,0,Economy,Travel Agent,Visiting Friends/Relatives,Silver,281.6,295.68,4.8,No
P00233,FL0233,2025-10-28,New York,Frankfurt,Airbus A350,Delayed,5,Business,Website,Business,Gold,1884.61,1978.84,3.1,No
P00234,FL0234,2025-05-24,Sydney,Frankfurt,Airbus A320,On Time,0,Economy,Mobile App,Business,Bronze,235.64,235.64,3.3,No
P00235,FL0235,2025-08-16,Doha,New York,Airbus A350,Delayed,1,Economy,Mobile App,Visiting Friends/Relatives,Bronze,181.05,181.05,3.6,No
P00236,FL0236,2025-07-08,London,Toronto,Airbus A380,Delayed,15,Economy,Website,Business,Bronze,324.49,340.71,2.6,No
P00237,FL0237,2025-03-04,Mumbai,Dubai,Boeing 787,On Time,0,Economy,Website,Business,Silver,524.11,524.11,4.9,No
P00238,FL0238,2025-11-24,Doha,Toronto,Airbus A380,Cancelled,0,Economy,Website,Leisure,Silver,252.73,252.73,3.2,No
P00239,FL0239,2025-05-05,Dubai,Frankfurt,Airbus A350,Delayed,14,Business,Corporate,Business,Bronze,2427.56,2427.56,2.6,No
P00240,FL0240,2025-10-11,Doha,Singapore,Airbus A350,On Time,0,Business,Mobile App,Business,Silver,1776.22,1776.22,5,No
P00241,FL0241,2025-03-17,Doha,Frankfurt,Airbus A380,On Time,0,Economy,Website,Leisure,Bronze,360.28,360.28,4.9,No
P00242,FL0242,2025-10-04,Singapore,Dubai,Boeing 777,Delayed,36,Business,Mobile App,Business,Gold,1395.6,1395.6,4.0,No
P00243,FL0243,2025-07-03,Singapore,London,Airbus A350,On Time,0,Business,Corporate,Business,Platinum,2354.11,2354.11,4.8,No
P00244,FL0244,2025-05-16,Dubai,Doha,Airbus A320,On Time,0,Premium Economy,Website,Business,Silver,532.1,558.71,3.8,No
P00245,FL0245,2025-02-28,Frankfurt,Sydney,Airbus A320,On Time,0,Economy,Website,Leisure,Gold,267.91,267.91,4.8,No
P00246,FL0246,2025-10-31,Bangkok,Sydney,Airbus A320,On Time,0,Economy,Mobile App,Leisure,Silver,490.29,490.29,4.8,No
P00247,FL0247,2025-01-23,Doha,Tokyo,Airbus A380,On Time,0,Premium Economy,Website,Leisure,Platinum,640.18,640.18,4.6,No
P00248,FL0248,2025-09-03,Dubai,London,Boeing 787,On Time,0,Business,Mobile App,Leisure,Gold,1735.64,1735.64,5,No
P00249,FL0249,2025-12-31,London,New York,Boeing 787,On Time,0,Economy,Website,Business,Gold,240.45,240.45,4.3,No
P00250,FL0250,2025-11-08,London,Frankfurt,Airbus A350,On Time,0,Economy,Mobile App,Leisure,Platinum,371.76,371.76,4.3,No
P00251,FL0251,2025-11-21,Mumbai,Tokyo,Airbus A380,On Time,0,Economy,Mobile App,Leisure,Bronze,316.72,332.56,3.3,No
P00252,FL0252,2025-11-02,Bangkok,Frankfurt,Airbus A380,On Time,0,Premium Economy,Website,Business,Gold,932.85,932.85,4.8,No
P00253,FL0253,2025-08-09,New York,Tokyo,Airbus A320,Delayed,33,Business,Website,Business,Gold,2114.81,2220.55,3.6,No
P00254,FL0254,2025-11-30,London,Toronto,Airbus A380,On Time,0,Economy,Mobile App,Business,Silver,356.14,356.14,4.4,No
P00255,FL0255,2025-08-20,Doha,Bangkok,Airbus A350,On Time,0,Economy,Mobile App,Business,Platinum,313.65,313.65,4.2,No
P00256,FL0256,2025-08-01,Paris,Bangkok,Airbus A320,On Time,0,Economy,Mobile App,Leisure,Silver,317.84,333.73,3.8,No
P00257,FL0257,2025-05-11,Bangkok,Toronto,Boeing 777,Delayed,12,Economy,Travel Agent,Leisure,Silver,242.36,254.48,2.9,No
P00258,FL0258,2025-02-17,London,Doha,Boeing 787,On Time,0,Economy,Website,Visiting Friends/Relatives,Bronze,336.35,336.35,3.7,No
P00259,FL0259,2025-10-12,Bangkok,Doha,Airbus A320,On Time,0,Economy,Website,Visiting Friends/Relatives,Bronze,287.93,287.93,5.0,No
P00260,FL0260,2025-06-18,New York,Sydney,Airbus A320,On Time,0,Economy,Website,Leisure,Silver,226.94,226.94,3.2,No
P00261,FL0261,2025-05-28,Frankfurt,London,Airbus A380,On Time,0,Economy,Travel Agent,Business,Bronze,465.59,488.87,4.5,No
P00262,FL0262,2025-09-17,London,Tokyo,Airbus A350,On Time,0,Economy,Mobile App,Business,Platinum,273.11,273.11,4.5,No
P00263,FL0263,2025-02-25,Paris,Dubai,Boeing 777,Delayed,5,Business,Corporate,Leisure,Bronze,2560.07,2560.07,4.1,No
P00264,FL0264,2025-05-23,Bangkok,Singapore,Airbus A380,On Time,0,Economy,Mobile App,Visiting Friends/Relatives,Silver,363.87,363.87,3.9,No
P00265,FL0265,2025-11-15,Frankfurt,Sydney,Airbus A380,On Time,0,Business,Website,Visiting Friends/Relatives,Silver,1997.8,1997.8,4.0,No
P00266,FL0266,2025-11-08,New York,London,Boeing 777,On Time,0,Economy,Mobile App,Business,Silver,327.27,327.27,4.8,No
P00267,FL0267,2025-06-23,Mumbai,Paris,Boeing 777,On Time,0,Premium Economy,Mobile App,Visiting Friends/Relatives,Platinum,845.98,888.28,3.7,No
P00268,FL0268,2025-12-03,Singapore,Tokyo,Boeing 787,On Time,0,Economy,Mobile App,Business,Gold,262.21,262.21,4.6,No
P00269,FL0269,2025-09-29,Dubai,Singapore,Airbus A350,On Time,0,Economy,Website,Business,Silver,283.29,283.29,3.8,Yes
P00270,FL0270,2025-03-22,Paris,Frankfurt,Boeing 777,On Time,0,Business,Website,Leisure,Bronze,1508.24,1583.65,3.2,No
P00271,FL0271,2025-11-02,Bangkok,Tokyo,Airbus A320,Delayed,29,Business,Travel Agent,Leisure,Platinum,1974.43,1974.43,4.2,No
P00272,FL0272,2025-02-11,Dubai,Toronto,Boeing 777,On Time,0,First,Travel Agent,Visiting Friends/Relatives,Silver,3697.85,3697.85,4.7,No
P00273,FL0273,2025-11-07,Frankfurt,New York,Boeing 787,On Time,0,Business,Corporate,Visiting Friends/Relatives,Silver,2232.89,2232.89,3.9,No
P00274,FL0274,2025-02-28,Doha,Sydney,Boeing 777,On Time,0,Economy,Mobile App,Visiting Friends/Relatives,Gold,407.8,407.8,4.3,No
P00275,FL0275,2025-12-14,Mumbai,Toronto,Airbus A380,On Time,0,Economy,Mobile App,Leisure,Bronze,306.44,306.44,3.8,No
P00276,FL0276,2025-04-23,Mumbai,London,Boeing 787,Cancelled,0,Economy,Travel Agent,Leisure,Gold,317.64,317.64,2.5,No
P00277,FL0277,2025-04-15,Dubai,London,Boeing 777,Delayed,34,Economy,Website,Visiting Friends/Relatives,Silver,571.5,571.5,4.2,No
P00278,FL0278,2025-05-29,Singapore,Mumbai,Boeing 777,On Time,0,Business,Website,Visiting Friends/Relatives,Silver,2009.99,2110.49,3.7,No
P00279,FL0279,2025-03-31,Paris,Bangkok,Airbus A350,On Time,0,Business,Website,Leisure,Platinum,993.94,1043.64,5,No
P00280,FL0280,2025-10-14,Doha,Sydney,Boeing 777,On Time,0,Business,Mobile App,Visiting Friends/Relatives,Gold,900.88,900.88,4.9,Yes
P00281,FL0281,2025-01-10,Dubai,Bangkok,Boeing 787,Delayed,28,Business,Travel Agent,Business,Gold,1757.92,1757.92,3.3,No
P00282,FL0282,2025-12-30,Sydney,Frankfurt,Boeing 787,On Time,0,Economy,Website,Visiting Friends/Relatives,Bronze,267.59,267.59,4.1,No
P00283,FL0283,2025-06-16,Frankfurt,London,Airbus A350,Delayed,6,Economy,Travel Agent,Visiting Friends/Relatives,Bronze,256.76,256.76,3.7,No
P00284,FL0284,2025-12-20,Sydney,Bangkok,Boeing 777,On Time,0,Economy,Website,Visiting Friends/Relatives,Silver,206.57,216.9,4.4,No
P00285,FL0285,2025-08-12,London,Paris,Airbus A380,On Time,0,Economy,Mobile App,Business,Silver,285.15,285.15,3.8,No
P00286,FL0286,2025-06-08,London,Bangkok,Boeing 777,On Time,0,Business,Corporate,Business,Silver,1863.24,1863.24,5.0,No
P00287,FL0287,2025-09-19,Singapore,Doha,Airbus A320,On Time,0,Economy,Website,Business,Silver,245.35,257.62,3.9,No
P00288,FL0288,2025-06-29,Doha,Frankfurt,Airbus A350,On Time,0,Premium Economy,Website,Business,Bronze,460.73,483.77,4.5,No
P00289,FL0289,2025-04-12,Singapore,Mumbai,Airbus A350,On Time,0,Business,Mobile App,Business,Silver,1471.72,1471.72,3.7,No
P00290,FL0290,2025-11-18,London,Dubai,Boeing 787,On Time,0,Economy,Mobile App,Business,Platinum,370.42,388.94,4.3,No
P00291,FL0291,2025-08-18,Sydney,Tokyo,Airbus A380,On Time,0,Economy,Corporate,Leisure,Silver,376.79,376.79,4.1,No
P00292,FL0292,2025-11-18,Sydney,Mumbai,Boeing 777,On Time,0,Economy,Mobile App,Business,Bronze,290.41,290.41,4.9,No
P00293,FL0293,2025-08-15,London,New York,Boeing 777,Delayed,8,Economy,Mobile App,Visiting Friends/Relatives,Bronze,484.53,484.53,4.0,No
P00294,FL0294,2025-08-25,London,Mumbai,Boeing 787,On Time,0,Economy,Website,Leisure,Bronze,342.58,342.58,4.6,No
P00295,FL0295,2025-02-09,Bangkok,Paris,Airbus A320,On Time,0,Economy,Travel Agent,Leisure,Platinum,263.35,263.35,4.8,No
P00296,FL0296,2025-08-25,New York,Frankfurt,Airbus A380,On Time,0,Business,Mobile App,Leisure,Bronze,2394.83,2394.83,3.5,No
P00297,FL0297,2025-10-20,Dubai,New York,Airbus A350,On Time,0,Business,Website,Business,Bronze,1655.13,1737.89,3.6,No
P00298,FL0298,2025-03-19,Paris,Sydney,Airbus A320,On Time,0,Economy,Corporate,Leisure,Bronze,236.28,236.28,5,No
P00299,FL0299,2025-09-16,Bangkok,Singapore,Airbus A350,On Time,0,Economy,Travel Agent,Business,Gold,246.75,246.75,4.2,No
P00300,FL0300,2025-09-26,Paris,New York,Airbus A380,On Time,0,Business,Website,Visiting Friends/Relatives,Silver,1969.88,1969.88,3.0,No
P00301,FL0301,2025-05-25,Bangkok,Mumbai,Boeing 787,On Time,0,Economy,Corporate,Visiting Friends/Relatives,Bronze,319.68,319.68,3.5,No
P00302,FL0302,2025-11-03,Bangkok,Toronto,Airbus A320,Delayed,11,Economy,Mobile App,Leisure,Silver,293.25,307.91,4.0,Yes
P00303,FL0303,2025-06-18,Bangkok,Singapore,Airbus A320,On Time,0,Premium Economy,Travel Agent,Business,Bronze,497.11,497.11,3.5,No
P00304,FL0304,2025-05-10,Frankfurt,Paris,Airbus A380,Delayed,10,Business,Website,Leisure,Bronze,2331.23,2447.79,4.0,No
P00305,FL0305,2025-06-08,Singapore,Frankfurt,Boeing 787,On Time,0,Economy,Travel Agent,Leisure,Bronze,386.09,386.09,4.5,No
P00306,FL0306,2025-10-14,London,Mumbai,Boeing 787,On Time,0,Premium Economy,Mobile App,Leisure,Silver,1109.01,1109.01,3.7,No
P00307,FL0307,2025-12-10,Bangkok,Doha,Airbus A380,On Time,0,Economy,Website,Visiting Friends/Relatives,Gold,337.41,354.28,3.4,No
P00308,FL0308,2025-07-05,Frankfurt,Sydney,Airbus A320,On Time,0,Economy,Mobile App,Visiting Friends/Relatives,Platinum,406.7,406.7,3.7,No
P00309,FL0309,2025-06-24,Singapore,Paris,Boeing 787,On Time,0,Economy,Mobile App,Business,Bronze,231.37,242.94,3.6,No
P00310,FL0310,2025-02-09,Singapore,Dubai,Boeing 777,Delayed,31,Economy,Website,Leisure,Silver,295.26,295.26,4.2,No
P00311,FL0311,2025-10-04,London,Sydney,Airbus A380,On Time,0,Economy,Website,Business,Gold,272.96,272.96,3.9,No
P00312,FL0312,2025-03-09,Bangkok,Tokyo,Airbus A380,On Time,0,Economy,Mobile App,Visiting Friends/Relatives,Bronze,248.85,248.85,3.5,No
P00313,FL0313,2025-12-21,Singapore,Dubai,Airbus A380,Delayed,24,Economy,Website,Visiting Friends/Relatives,Bronze,398.53,398.53,4.1,No
P00314,FL0314,2025-12-13,Frankfurt,Mumbai,Airbus A350,Delayed,29,Economy,Corporate,Visiting Friends/Relatives,Gold,218.24,218.24,3.9,No
P00315,FL0315,2025-08-18,Sydney,Paris,Airbus A350,On Time,0,Economy,Website,Business,Gold,260.66,273.69,4.8,Yes
P00316,FL0316,2025-04-10,Mumbai,New York,Boeing 777,On Time,0,Economy,Website,Visiting Friends/Relatives,Silver,397.98,397.98,3.9,No
P00317,FL0317,2025-08-25,Sydney,Bangkok,Boeing 777,On Time,0,Economy,Travel Agent,Visiting Friends/Relatives,Platinum,315.94,315.94,3.8,No
P00318,FL0318,2025-08-03,New York,Sydney,Airbus A350,Delayed,20,Economy,Website,Leisure,Silver,485.41,485.41,3.4,No
P00319,FL0319,2025-11-25,Mumbai,London,Boeing 787,Delayed,11,Economy,Mobile App,Leisure,Bronze,424.15,424.15,4.6,No
P00320,FL0320,2025-12-31,New York,Singapore,Airbus A380,Delayed,13,Economy,Website,Visiting Friends/Relatives,Bronze,511.07,536.62,3.7,No
P00321,FL0321,2025-09-20,Mumbai,New York,Airbus A350,Delayed,37,First,Website,Visiting Friends/Relatives,Silver,3894.28,4088.99,3.8,No
P00322,FL0322,2025-08-19,London,Paris,Boeing 777,Delayed,7,Economy,Website,Visiting Friends/Relatives,Silver,282.1,282.1,3.0,No
P00323,FL0323,2025-07-17,Bangkok,Dubai,Airbus A320,On Time,0,Business,Corporate,Leisure,Gold,1963.17,1963.17,4.5,No
P00324,FL0324,2025-02-20,Dubai,Frankfurt,Boeing 777,Delayed,24,Economy,Mobile App,Visiting Friends/Relatives,Gold,555.91,555.91,3.3,No
P00325,FL0325,2025-05-27,Singapore,London,Boeing 787,On Time,0,Economy,Mobile App,Business,Bronze,314.24,329.95,3.9,No
P00326,FL0326,2025-08-18,Singapore,New York,Airbus A380,On Time,0,Economy,Website,Business,Bronze,224.23,224.23,4.8,No
P00327,FL0327,2025-05-12,London,Singapore,Airbus A350,Delayed,1,Economy,Travel Agent,Business,Gold,339.1,339.1,2.6,No
P00328,FL0328,2025-02-26,New York,Frankfurt,Boeing 777,On Time,0,First,Corporate,Business,Silver,4441.55,4441.55,4.8,No
P00329,FL0329,2025-05-03,London,Singapore,Boeing 787,On Time,0,Economy,Corporate,Business,Silver,340.1,340.1,4.0,No
P00330,FL0330,2025-02-02,Sydney,Bangkok,Airbus A320,Delayed,12,Economy,Travel Agent,Business,Gold,302.31,302.31,3.9,No
P00331,FL0331,2025-10-02,Paris,Tokyo,Airbus A320,On Time,0,Economy,Website,Visiting Friends/Relatives,Bronze,379.77,398.76,4.7,No
P00332,FL0332,2025-03-15,Sydney,Dubai,Boeing 777,On Time,0,Economy,Website,Business,Silver,286.62,286.62,4.8,No
P00333,FL0333,2025-05-04,Sydney,Mumbai,Airbus A380,On Time,0,Premium Economy,Travel Agent,Business,Silver,696.81,696.81,5,No
P00334,FL0334,2025-07-04,London,Sydney,Airbus A320,Delayed,1,Economy,Website,Visiting Friends/Relatives,Bronze,281.04,281.04,3.1,No
P00335,FL0335,2025-01-11,New York,Sydney,Boeing 787,Delayed,12,Premium Economy,Corporate,Leisure,Gold,484.31,484.31,3.9,Yes
P00336,FL0336,2025-07-18,Dubai,Toronto,Boeing 777,On Time,0,Economy,Mobile App,Visiting Friends/Relatives,Silver,378.47,397.39,3.9,No
P00337,FL0337,2025-02-04,Dubai,Frankfurt,Boeing 777,On Time,0,First,Website,Business,Platinum,5270.91,5270.91,4.4,No
P00338,FL0338,2025-06-20,London,Tokyo,Airbus A350,On Time,0,Business,Travel Agent,Leisure,Bronze,2053.86,2053.86,4.4,No
P00339,FL0339,2025-11-26,New York,Mumbai,Airbus A350,Delayed,4,Economy,Travel Agent,Leisure,Gold,453.93,453.93,4.3,No
P00340,FL0340,2025-04-04,Paris,Toronto,Airbus A350,On Time,0,Economy,Website,Leisure,Platinum,228.42,228.42,4.9,No
P00341,FL0341,2025-05-31,Paris,London,Airbus A350,On Time,0,Economy,Mobile App,Leisure,Bronze,532.28,532.28,4.9,No
P00342,FL0342,2025-06-11,Doha,London,Boeing 777,On Time,0,Economy,Mobile App,Leisure,Bronze,242.36,242.36,4.8,No
P00343,FL0343,2025-05-10,New York,Bangkok,Airbus A320,On Time,0,Economy,Website,Leisure,Platinum,305.45,320.72,4.7,No
P00344,FL0344,2025-07-02,Doha,Mumbai,Airbus A320,Delayed,1,Economy,Mobile App,Leisure,Silver,287.84,302.23,4.2,No
P00345,FL0345,2025-03-05,Bangkok,Paris,Boeing 777,On Time,0,Business,Website,Leisure,Silver,1716.21,1716.21,3.7,No
P00346,FL0346,2025-07-17,Frankfurt,New York,Boeing 777,Cancelled,0,Business,Mobile App,Business,Silver,1425.86,1497.15,3.1,No
P00347,FL0347,2025-07-08,Paris,New York,Airbus A380,On Time,0,Economy,Corporate,Leisure,Bronze,331.7,331.7,4.3,No
P00348,FL0348,2025-02-10,London,Bangkok,Boeing 787,On Time,0,Economy,Website,Business,Platinum,376.67,395.5,5,No
P00349,FL0349,2025-05-31,Singapore,Sydney,Boeing 777,On Time,0,Economy,Website,Visiting Friends/Relatives,Silver,327.93,327.93,4.6,No
P00350,FL0350,2025-06-01,Bangkok,Toronto,Boeing 777,On Time,0,Economy,Mobile App,Leisure,Silver,224.15,224.15,4.3,No
P00351,FL0351,2025-12-20,Frankfurt,Doha,Boeing 787,On Time,0,Business,Website,Leisure,Silver,1064.02,1117.22,3.6,No
P00352,FL0352,2025-11-11,Dubai,Frankfurt,Boeing 787,On Time,0,Economy,Website,Visiting Friends/Relatives,Silver,308.12,308.12,4.8,No
P00353,FL0353,2025-12-10,Dubai,Singapore,Boeing 787,On Time,0,Economy,Travel Agent,Visiting Friends/Relatives,Gold,347.66,347.66,3.6,No
P00354,FL0354,2025-03-15,Singapore,London,Airbus A380,On Time,0,Premium Economy,Website,Visiting Friends/Relatives,Bronze,816.15,856.96,4.8,No
P00355,FL0355,2025-03-06,Paris,London,Airbus A320,On Time,0,Economy,Website,Business,Silver,303.87,303.87,4.6,No
P00356,FL0356,2025-07-16,Bangkok,Mumbai,Airbus A380,On Time,0,Economy,Mobile App,Business,Gold,254.33,254.33,5,No
P00357,FL0357,2025-08-19,Singapore,Toronto,Boeing 777,On Time,0,Economy,Website,Leisure,Bronze,226.04,226.04,5,No
P00358,FL0358,2025-03-12,London,Tokyo,Airbus A380,On Time,0,First,Website,Business,Silver,3164.5,3164.5,3.3,No
P00359,FL0359,2025-05-23,Bangkok,Toronto,Airbus A350,Delayed,25,Economy,Mobile App,Visiting Friends/Relatives,Bronze,673.12,673.12,3.7,No
P00360,FL0360,2025-10-15,New York,Frankfurt,Airbus A320,On Time,0,Economy,Mobile App,Business,Silver,389.68,409.16,3.2,No
P00361,FL0361,2025-04-20,Mumbai,New York,Airbus A380,On Time,0,Business,Corporate,Leisure,Bronze,1857.21,1950.07,4.6,No
P00362,FL0362,2025-03-04,Paris,Dubai,Airbus A350,Delayed,19,Economy,Website,Visiting Friends/Relatives,Bronze,422.9,422.9,3.9,No
P00363,FL0363,2025-08-16,Paris,Doha,Airbus A320,Delayed,52,Economy,Mobile App,Leisure,Bronze,225.71,225.71,3.2,No
P00364,FL0364,2025-10-09,Bangkok,Singapore,Airbus A380,On Time,0,Business,Mobile App,Visiting Friends/Relatives,Silver,1359.75,1359.75,5,No
P00365,FL0365,2025-12-31,Mumbai,Doha,Airbus A350,Delayed,10,Premium Economy,Website,Visiting Friends/Relatives,Bronze,590.68,590.68,2.8,No
P00366,FL0366,2025-03-04,New York,Dubai,Airbus A350,Delayed,19,Economy,Mobile App,Visiting Friends/Relatives,Gold,224.82,236.06,3.7,No
P00367,FL0367,2025-10-21,Bangkok,Sydney,Boeing 777,On Time,0,First,Travel Agent,Leisure,Bronze,5521.87,5521.87,3.6,No
P00368,FL0368,2025-11-10,New York,Doha,Airbus A320,On Time,0,Economy,Website,Business,Bronze,489.4,489.4,4.6,Yes
P00369,FL0369,2025-09-27,Frankfurt,New York,Boeing 787,On Time,0,Economy,Website,Visiting Friends/Relatives,Gold,438.57,438.57,4.6,No
P00370,FL0370,2025-03-06,Sydney,Singapore,Boeing 777,On Time,0,Economy,Website,Business,Silver,318.51,318.51,3.4,No
P00371,FL0371,2025-12-15,Paris,New York,Airbus A380,On Time,0,Economy,Mobile App,Business,Bronze,483.32,507.49,4.3,No
P00372,FL0372,2025-10-28,New York,Toronto,Airbus A350,On Time,0,Economy,Travel Agent,Business,Platinum,330.89,330.89,4.2,No
P00373,FL0373,2025-09-15,Singapore,Bangkok,Airbus A320,Delayed,31,Economy,Mobile App,Leisure,Bronze,380.12,399.13,3.4,No
P00374,FL0374,2025-06-05,New York,Doha,Airbus A350,On Time,0,Economy,Mobile App,Leisure,Silver,463.93,487.13,4.1,Yes
P00375,FL0375,2025-09-23,Doha,Frankfurt,Boeing 777,Delayed,17,Business,Travel Agent,Business,Bronze,1841.45,1933.52,4.5,No
P00376,FL0376,2025-03-06,New York,Paris,Boeing 777,On Time,0,Premium Economy,Mobile App,Business,Bronze,444.78,444.78,4.6,No
P00377,FL0377,2025-11-25,London,Sydney,Airbus A350,On Time,0,Economy,Website,Business,Gold,460.12,460.12,4.1,No
P00378,FL0378,2025-03-29,Sydney,Doha,Airbus A380,On Time,0,Economy,Mobile App,Business,Silver,232.1,232.1,5,No
P00379,FL0379,2025-10-16,Sydney,Mumbai,Airbus A320,Delayed,35,Economy,Corporate,Business,Gold,177.58,177.58,3.3,No
P00380,FL0380,2025-01-24,Dubai,Singapore,Airbus A380,On Time,0,Economy,Mobile App,Business,Silver,341.45,341.45,3.8,No
P00381,FL0381,2025-08-02,Doha,Tokyo,Airbus A380,On Time,0,Business,Travel Agent,Leisure,Silver,2598.8,2728.74,4.1,No
P00382,FL0382,2025-10-07,Paris,Toronto,Boeing 777,On Time,0,Economy,Travel Agent,Visiting Friends/Relatives,Gold,309.66,309.66,4.3,No
P00383,FL0383,2025-05-06,Mumbai,New York,Boeing 787,On Time,0,Economy,Mobile App,Visiting Friends/Relatives,Silver,349.69,367.17,4.3,No
P00384,FL0384,2025-03-22,London,Singapore,Boeing 787,On Time,0,Business,Travel Agent,Visiting Friends/Relatives,Bronze,1324.56,1390.79,3.5,No
P00385,FL0385,2025-06-24,Paris,Dubai,Airbus A380,On Time,0,Economy,Mobile App,Visiting Friends/Relatives,Platinum,278.23,278.23,4.2,No
P00386,FL0386,2025-07-24,Bangkok,Mumbai,Airbus A350,On Time,0,Economy,Travel Agent,Business,Bronze,326.7,326.7,3.9,No
P00387,FL0387,2025-02-24,New York,Sydney,Boeing 777,On Time,0,Economy,Website,Leisure,Silver,343.77,343.77,4.4,No
P00388,FL0388,2025-08-19,London,Mumbai,Airbus A350,On Time,0,Business,Website,Business,Silver,2661.82,2661.82,3.7,No
P00389,FL0389,2025-07-16,Dubai,Mumbai,Airbus A380,On Time,0,Premium Economy,Mobile App,Business,Silver,498.06,498.06,3.6,No
P00390,FL0390,2025-10-23,Singapore,Frankfurt,Boeing 777,On Time,0,Economy,Website,Business,Bronze,246.6,246.6,3.4,No
P00391,FL0391,2025-09-21,Singapore,New York,Boeing 787,On Time,0,Economy,Website,Business,Bronze,278.63,278.63,3.4,No
P00392,FL0392,2025-01-12,Mumbai,New York,Airbus A320,Delayed,1,Economy,Travel Agent,Leisure,Silver,384.85,384.85,3.5,No
P00393,FL0393,2025-06-30,Doha,Tokyo,Airbus A320,On Time,0,Premium Economy,Corporate,Leisure,Bronze,535.88,535.88,4.6,No
P00394,FL0394,2025-12-01,Paris,Tokyo,Boeing 787,On Time,0,Economy,Travel Agent,Leisure,Bronze,342.77,342.77,4.4,No
P00395,FL0395,2025-08-09,Dubai,Singapore,Airbus A350,Delayed,16,Premium Economy,Mobile App,Visiting Friends/Relatives,Gold,859.6,859.6,3.2,No
P00396,FL0396,2025-07-07,Bangkok,Frankfurt,Airbus A320,On Time,0,Economy,Corporate,Visiting Friends/Relatives,Gold,282.25,282.25,4.0,No
P00397,FL0397,2025-04-10,Sydney,New York,Boeing 777,On Time,0,Economy,Mobile App,Business,Bronze,439.29,439.29,4.7,No
P00398,FL0398,2025-09-16,London,Bangkok,Boeing 787,On Time,0,Economy,Travel Agent,Business,Silver,302.02,302.02,4.7,No
P00399,FL0399,2025-12-15,Mumbai,Tokyo,Airbus A380,On Time,0,Economy,Mobile App,Leisure,Silver,322.85,338.99,4.0,No
P00400,FL0400,2025-07-11,London,Bangkok,Boeing 777,On Time,0,Economy,Mobile App,Visiting Friends/Relatives,Bronze,212.6,212.6,3.9,No
P00401,FL0401,2025-04-12,Bangkok,Doha,Airbus A380,On Time,0,Business,Travel Agent,Visiting Friends/Relatives,Bronze,1504.7,1504.7,3.8,No
P00402,FL0402,2025-01-24,New York,London,Airbus A320,On Time,0,Economy,Travel Agent,Business,Gold,296.06,296.06,3.6,No
P00403,FL0403,2025-09-23,Bangkok,New York,Boeing 787,On Time,0,Business,Website,Leisure,Gold,1500.68,1575.71,4.4,No
P00404,FL0404,2025-06-17,New York,Doha,Airbus A380,On Time,0,Business,Website,Leisure,Silver,998.77,1048.71,4.4,No
P00405,FL0405,2025-06-03,Frankfurt,Tokyo,Airbus A380,On Time,0,Economy,Mobile App,Leisure,Bronze,402.09,402.09,4.8,No
P00406,FL0406,2025-09-08,New York,Sydney,Airbus A380,On Time,0,Business,Mobile App,Leisure,Bronze,2051.26,2051.26,4.1,No
P00407,FL0407,2025-06-19,Dubai,Frankfurt,Airbus A320,Cancelled,0,Premium Economy,Website,Leisure,Bronze,720.79,756.83,2.7,No
P00408,FL0408,2025-12-19,Sydney,Paris,Airbus A320,On Time,0,Economy,Mobile App,Visiting Friends/Relatives,Bronze,352.25,352.25,4.8,Yes
P00409,FL0409,2025-10-24,Mumbai,Toronto,Airbus A380,On Time,0,Economy,Mobile App,Visiting Friends/Relatives,Bronze,441.45,441.45,4.7,No
P00410,FL0410,2025-09-03,Dubai,Tokyo,Airbus A350,On Time,0,Economy,Mobile App,Leisure,Bronze,225.76,237.05,3.0,No
P00411,FL0411,2025-03-17,Sydney,Frankfurt,Airbus A350,On Time,0,Premium Economy,Mobile App,Visiting Friends/Relatives,Bronze,832.13,832.13,5,No
P00412,FL0412,2025-01-10,London,Paris,Boeing 787,On Time,0,Economy,Travel Agent,Business,Bronze,285.43,299.7,4.2,No
P00413,FL0413,2025-12-20,Singapore,Bangkok,Airbus A350,On Time,0,Economy,Website,Visiting Friends/Relatives,Silver,264.41,277.63,4.3,No
P00414,FL0414,2025-02-01,Sydney,Bangkok,Airbus A350,On Time,0,Economy,Website,Leisure,Gold,435.44,435.44,3.5,No
P00415,FL0415,2025-12-06,New York,Mumbai,Boeing 787,On Time,0,Business,Mobile App,Business,Gold,1434.2,1434.2,4.9,No
P00416,FL0416,2025-08-24,Bangkok,Doha,Airbus A380,On Time,0,Economy,Corporate,Business,Gold,408.87,408.87,4.1,No
P00417,FL0417,2025-12-15,Bangkok,Toronto,Boeing 777,On Time,0,Business,Mobile App,Leisure,Silver,1349.28,1349.28,4.1,No
P00418,FL0418,2025-05-23,Doha,Paris,Airbus A380,On Time,0,Economy,Website,Leisure,Gold,393.06,412.71,3.6,No
P00419,FL0419,2025-12-27,Mumbai,Paris,Airbus A350,On Time,0,Economy,Website,Business,Silver,188.43,197.85,4.9,No
P00420,FL0420,2025-09-03,Paris,Frankfurt,Boeing 777,On Time,0,Economy,Website,Business,Bronze,302.41,302.41,4.4,No
P00421,FL0421,2025-03-04,Mumbai,Paris,Airbus A380,On Time,0,Business,Mobile App,Business,Gold,1108.65,1108.65,4.0,No
P00422,FL0422,2025-06-26,Frankfurt,Bangkok,Airbus A350,On Time,0,Economy,Mobile App,Visiting Friends/Relatives,Gold,478.96,502.91,3.9,No
P00423,FL0423,2025-06-27,Mumbai,Singapore,Boeing 787,On Time,0,Economy,Travel Agent,Leisure,Bronze,377.2,377.2,3.3,No
P00424,FL0424,2025-04-14,Paris,Dubai,Airbus A380,On Time,0,Economy,Mobile App,Visiting Friends/Relatives,Gold,278.69,292.62,4.3,No
P00425,FL0425,2025-03-12,New York,Paris,Airbus A320,On Time,0,First,Website,Leisure,Silver,3467.93,3641.33,4.3,No
P00426,FL0426,2025-05-05,Sydney,Dubai,Airbus A320,On Time,0,Economy,Website,Business,Bronze,451.78,474.37,4.5,No
P00427,FL0427,2025-11-23,New York,Dubai,Airbus A350,On Time,0,Economy,Website,Leisure,Silver,268.11,268.11,4.5,No
P00428,FL0428,2025-08-30,Frankfurt,Mumbai,Airbus A320,On Time,0,Economy,Website,Visiting Friends/Relatives,Platinum,413.7,413.7,4.0,No
P00429,FL0429,2025-10-09,Singapore,London,Airbus A350,On Time,0,Economy,Mobile App,Visiting Friends/Relatives,Platinum,367.83,367.83,3.3,No
P00430,FL0430,2025-11-30,Paris,New York,Airbus A350,On Time,0,Economy,Mobile App,Business,Bronze,341.88,341.88,3.4,No
P00431,FL0431,2025-05-27,Mumbai,Frankfurt,Airbus A320,Delayed,31,Economy,Mobile App,Leisure,Bronze,512.39,512.39,3.6,No
P00432,FL0432,2025-03-31,New York,London,Boeing 787,Delayed,26,Economy,Travel Agent,Visiting Friends/Relatives,Bronze,349.98,367.48,3.6,Yes
P00433,FL0433,2025-07-23,Singapore,London,Boeing 787,On Time,0,Business,Website,Visiting Friends/Relatives,Bronze,1447.03,1447.03,3.8,No
P00434,FL0434,2025-01-05,Mumbai,London,Boeing 777,On Time,0,Economy,Mobile App,Leisure,Bronze,573.29,573.29,4.5,No
P00435,FL0435,2025-05-26,London,Frankfurt,Boeing 787,Cancelled,0,Economy,Corporate,Business,Bronze,212.07,212.07,1.9,No
P00436,FL0436,2025-09-10,New York,Sydney,Airbus A350,Delayed,10,Economy,Website,Leisure,Gold,358.85,358.85,3.7,No
P00437,FL0437,2025-03-25,London,Frankfurt,Boeing 787,On Time,0,Economy,Website,Business,Platinum,344.22,361.43,4.5,No
P00438,FL0438,2025-06-22,Singapore,London,Boeing 777,On Time,0,Economy,Travel Agent,Leisure,Silver,466.63,466.63,3.7,No
P00439,FL0439,2025-11-09,Doha,Dubai,Boeing 787,Delayed,19,Business,Mobile App,Leisure,Gold,1239.74,1239.74,3.8,No
P00440,FL0440,2025-02-14,New York,Mumbai,Boeing 787,On Time,0,Business,Website,Leisure,Silver,1448.34,1520.76,4.1,No
P00441,FL0441,2025-09-02,Singapore,Dubai,Boeing 777,Delayed,29,Economy,Corporate,Leisure,Silver,320.39,336.41,4.3,No
P00442,FL0442,2025-06-18,Paris,Mumbai,Boeing 777,On Time,0,Economy,Corporate,Leisure,Platinum,315.56,315.56,4.1,No
P00443,FL0443,2025-05-14,Sydney,London,Boeing 777,On Time,0,Business,Mobile App,Leisure,Silver,2166.9,2275.25,4.3,No
P00444,FL0444,2025-03-02,Dubai,Toronto,Boeing 787,On Time,0,Premium Economy,Mobile App,Business,Gold,789.58,789.58,4.7,No
P00445,FL0445,2025-09-15,Frankfurt,Toronto,Boeing 777,On Time,0,Economy,Corporate,Visiting Friends/Relatives,Bronze,299.24,299.24,4.0,No
P00446,FL0446,2025-11-11,Mumbai,Frankfurt,Airbus A350,On Time,0,Economy,Corporate,Visiting Friends/Relatives,Platinum,461.44,484.51,3.7,No
P00447,FL0447,2025-03-20,Singapore,New York,Boeing 787,On Time,0,Economy,Mobile App,Visiting Friends/Relatives,Silver,285.53,299.81,4.7,No
P00448,FL0448,2025-08-01,Sydney,Mumbai,Airbus A380,Delayed,18,Business,Mobile App,Visiting Friends/Relatives,Bronze,1046.01,1046.01,3.8,No
P00449,FL0449,2025-04-22,New York,Toronto,Airbus A350,On Time,0,Premium Economy,Website,Leisure,Bronze,704.01,739.21,3.8,No
P00450,FL0450,2025-09-27,Sydney,Singapore,Boeing 787,On Time,0,Economy,Website,Business,Bronze,320.45,320.45,4.3,No
P00451,FL0451,2025-10-16,Bangkok,Singapore,Airbus A320,On Time,0,Economy,Mobile App,Business,Bronze,376.36,376.36,4.4,No
P00452,FL0452,2025-04-14,New York,Sydney,Airbus A380,On Time,0,Economy,Mobile App,Visiting Friends/Relatives,Platinum,346.24,346.24,4.7,No
P00453,FL0453,2025-09-24,Singapore,Frankfurt,Boeing 787,On Time,0,Economy,Travel Agent,Leisure,Platinum,323.48,323.48,4.3,No
P00454,FL0454,2025-09-08,Doha,Tokyo,Airbus A320,Delayed,14,Economy,Mobile App,Leisure,Gold,365.51,365.51,4.2,No
P00455,FL0455,2025-08-01,Singapore,Sydney,Boeing 787,On Time,0,Business,Travel Agent,Business,Bronze,2423.79,2423.79,3.1,No
P00456,FL0456,2025-12-11,New York,Bangkok,Boeing 777,On Time,0,Economy,Corporate,Visiting Friends/Relatives,Bronze,406.64,426.97,3.4,No
P00457,FL0457,2025-01-02,Frankfurt,Paris,Airbus A350,On Time,0,Economy,Mobile App,Business,Gold,298.26,298.26,4.2,No
P00458,FL0458,2025-06-26,Dubai,Bangkok,Airbus A320,On Time,0,Economy,Mobile App,Visiting Friends/Relatives,Platinum,225.16,236.42,5,No
P00459,FL0459,2025-08-30,Dubai,Singapore,Airbus A320,On Time,0,Economy,Website,Business,Bronze,518.67,518.67,4.2,No
P00460,FL0460,2025-11-25,Singapore,Dubai,Boeing 787,On Time,0,Economy,Website,Business,Silver,397.31,417.18,4.9,No
P00461,FL0461,2025-07-13,Frankfurt,New York,Boeing 787,On Time,0,Economy,Corporate,Leisure,Bronze,225.73,225.73,4.1,No
P00462,FL0462,2025-12-01,New York,Doha,Boeing 777,On Time,0,Economy,Website,Leisure,Silver,256.21,256.21,3.6,No
P00463,FL0463,2025-09-28,New York,Frankfurt,Airbus A350,On Time,0,Business,Travel Agent,Visiting Friends/Relatives,Platinum,2061.9,2165.0,3.2,No
P00464,FL0464,2025-01-12,Doha,London,Boeing 777,On Time,0,Economy,Website,Business,Bronze,393.47,393.47,4.3,No
P00465,FL0465,2025-09-30,New York,Frankfurt,Boeing 787,Delayed,19,Economy,Mobile App,Leisure,Gold,526.03,526.03,3.9,Yes
P00466,FL0466,2025-06-27,Doha,New York,Airbus A350,On Time,0,Economy,Mobile App,Business,Gold,357.88,375.77,4.0,No
P00467,FL0467,2025-12-05,London,Singapore,Boeing 787,On Time,0,Economy,Travel Agent,Leisure,Bronze,286.98,301.33,4.7,No
P00468,FL0468,2025-04-16,Dubai,Paris,Airbus A320,On Time,0,Economy,Website,Business,Platinum,338.79,338.79,3.9,No
P00469,FL0469,2025-11-03,Dubai,New York,Airbus A320,On Time,0,Economy,Website,Leisure,Gold,346.75,346.75,4.0,No
P00470,FL0470,2025-08-13,Dubai,Bangkok,Airbus A350,On Time,0,Economy,Travel Agent,Business,Gold,635.02,635.02,4.2,No
P00471,FL0471,2025-09-15,Dubai,Doha,Boeing 777,On Time,0,Economy,Mobile App,Leisure,Platinum,292.58,307.21,4.1,No
P00472,FL0472,2025-10-23,Sydney,Mumbai,Airbus A380,On Time,0,Economy,Travel Agent,Business,Gold,359.79,377.78,4.6,No
P00473,FL0473,2025-06-04,Bangkok,Dubai,Airbus A350,Cancelled,0,Economy,Website,Business,Bronze,265.34,278.61,3.0,No
P00474,FL0474,2025-07-31,New York,Dubai,Boeing 777,On Time,0,Economy,Mobile App,Leisure,Bronze,358.61,358.61,3.5,No
P00475,FL0475,2025-03-31,New York,Tokyo,Boeing 787,On Time,0,Economy,Mobile App,Visiting Friends/Relatives,Bronze,280.47,280.47,2.8,No
P00476,FL0476,2025-11-26,Dubai,Frankfurt,Boeing 787,Delayed,12,Premium Economy,Corporate,Visiting Friends/Relatives,Bronze,753.27,753.27,4.1,No
P00477,FL0477,2025-07-12,Singapore,Mumbai,Airbus A350,On Time,0,Economy,Mobile App,Visiting Friends/Relatives,Gold,501.92,501.92,4.6,No
P00478,FL0478,2025-04-26,Paris,Dubai,Boeing 777,Delayed,29,Economy,Mobile App,Leisure,Silver,192.88,192.88,4.4,No
P00479,FL0479,2025-01-30,Singapore,New York,Airbus A380,On Time,0,Economy,Travel Agent,Business,Bronze,367.64,367.64,4.4,No
P00480,FL0480,2025-09-29,Frankfurt,Sydney,Airbus A350,On Time,0,Economy,Website,Leisure,Gold,274.89,288.63,3.6,No
P00481,FL0481,2025-06-19,Mumbai,Dubai,Airbus A320,Delayed,21,Economy,Website,Business,Platinum,496.72,496.72,3.4,No
P00482,FL0482,2025-05-18,Doha,London,Boeing 787,On Time,0,Economy,Mobile App,Business,Silver,365.07,365.07,4.9,No
P00483,FL0483,2025-02-07,Sydney,London,Airbus A350,Delayed,13,Economy,Mobile App,Business,Platinum,510.37,510.37,3.8,No
P00484,FL0484,2025-10-14,Sydney,Toronto,Airbus A350,On Time,0,Economy,Mobile App,Leisure,Bronze,334.06,350.76,4.7,No
P00485,FL0485,2025-01-08,Bangkok,Paris,Airbus A350,Delayed,23,Economy,Travel Agent,Leisure,Bronze,347.27,347.27,4.1,No
P00486,FL0486,2025-12-23,Paris,Dubai,Airbus A380,On Time,0,Economy,Website,Leisure,Bronze,340.22,340.22,4.8,No
P00487,FL0487,2025-10-10,Frankfurt,Dubai,Boeing 777,On Time,0,Economy,Mobile App,Business,Platinum,218.42,229.34,4.8,No
P00488,FL0488,2025-10-01,Frankfurt,New York,Boeing 777,On Time,0,Business,Mobile App,Leisure,Platinum,1422.8,1422.8,4.0,No
P00489,FL0489,2025-09-12,Bangkok,Sydney,Boeing 787,On Time,0,Economy,Website,Visiting Friends/Relatives,Bronze,252.81,265.45,4.4,No
P00490,FL0490,2025-04-15,Paris,Frankfurt,Boeing 777,On Time,0,Business,Mobile App,Business,Platinum,1595.6,1595.6,4.1,No
P00491,FL0491,2025-04-24,Dubai,Tokyo,Airbus A350,On Time,0,Economy,Mobile App,Leisure,Gold,376.63,376.63,4.4,No
P00492,FL0492,2025-10-24,New York,Tokyo,Boeing 787,On Time,0,First,Travel Agent,Visiting Friends/Relatives,Bronze,3873.17,4066.83,4.0,No
P00493,FL0493,2025-04-28,Doha,Frankfurt,Boeing 787,On Time,0,Economy,Mobile App,Business,Gold,334.49,334.49,4.3,No
P00494,FL0494,2025-10-09,Doha,New York,Boeing 777,On Time,0,Economy,Travel Agent,Visiting Friends/Relatives,Silver,305.8,321.09,3.8,No
P00495,FL0495,2025-09-09,Paris,Toronto,Boeing 787,On Time,0,Economy,Travel Agent,Business,Silver,299.76,299.76,4.2,No
P00496,FL0496,2025-03-13,Bangkok,Doha,Airbus A380,On Time,0,Economy,Website,Visiting Friends/Relatives,Silver,336.84,336.84,4.8,No
P00497,FL0497,2025-01-31,New York,Toronto,Airbus A380,On Time,0,Economy,Website,Visiting Friends/Relatives,Silver,383.72,383.72,4.1,No
P00498,FL0498,2025-01-25,London,Toronto,Airbus A320,On Time,0,Economy,Mobile App,Visiting Friends/Relatives,Platinum,296.17,296.17,4.3,Yes
P00499,FL0499,2025-12-29,Doha,Singapore,Airbus A350,On Time,0,Economy,Mobile App,Business,Silver,250.02,250.02,5,No
P00500,FL0500,2025-07-11,New York,Bangkok,Airbus A320,On Time,0,Economy,Travel Agent,Business,Bronze,246.54,246.54,4.1,No
P00501,FL0501,2025-12-04,Sydney,Bangkok,Boeing 787,On Time,0,Economy,Travel Agent,Visiting Friends/Relatives,Platinum,474.57,474.57,4.9,Yes
P00502,FL0502,2025-07-30,New York,Sydney,Airbus A320,On Time,0,Economy,Website,Leisure,Bronze,311.43,311.43,5,No
P00503,FL0503,2025-05-27,Mumbai,Sydney,Airbus A320,On Time,0,Economy,Website,Leisure,Bronze,367.25,385.61,4.3,No
P00504,FL0504,2025-02-24,Frankfurt,Doha,Airbus A320,On Time,0,Economy,Corporate,Business,Gold,312.88,312.88,3.9,No
P00505,FL0505,2025-11-14,Doha,Paris,Airbus A380,On Time,0,Economy,Mobile App,Leisure,Bronze,358.28,358.28,4.4,No
P00506,FL0506,2025-07-23,Bangkok,Paris,Airbus A320,On Time,0,Economy,Mobile App,Leisure,Bronze,223.62,234.8,4.5,No
P00507,FL0507,2025-10-17,Frankfurt,New York,Airbus A350,Cancelled,0,Business,Website,Business,Gold,1695.22,1695.22,1.9,No
P00508,FL0508,2025-12-17,Doha,Mumbai,Airbus A320,On Time,0,Business,Website,Leisure,Bronze,1214.5,1214.5,3.6,No
P00509,FL0509,2025-07-27,Dubai,Singapore,Boeing 787,On Time,0,Business,Travel Agent,Business,Bronze,1560.2,1560.2,4.6,No
P00510,FL0510,2025-11-23,Paris,London,Airbus A320,On Time,0,Economy,Mobile App,Visiting Friends/Relatives,Bronze,387.78,387.78,4.1,No
P00511,FL0511,2025-08-11,London,New York,Boeing 777,On Time,0,Economy,Website,Leisure,Platinum,299.77,299.77,3.6,No
P00512,FL0512,2025-01-22,London,Sydney,Airbus A350,On Time,0,Business,Mobile App,Leisure,Bronze,1594.88,1594.88,4.4,No
P00513,FL0513,2025-05-19,Sydney,Bangkok,Airbus A320,Delayed,16,Economy,Website,Business,Bronze,272.03,285.63,4.2,Yes
P00514,FL0514,2025-10-16,Mumbai,Sydney,Airbus A320,On Time,0,Economy,Mobile App,Leisure,Bronze,283.85,283.85,4.5,No
P00515,FL0515,2025-04-17,Bangkok,London,Airbus A380,On Time,0,Economy,Mobile App,Visiting Friends/Relatives,Gold,415.01,415.01,4.1,No
P00516,FL0516,2025-06-03,Frankfurt,Singapore,Airbus A350,On Time,0,Economy,Corporate,Visiting Friends/Relatives,Bronze,255.24,255.24,4.9,No
P00517,FL0517,2025-12-13,Sydney,Frankfurt,Airbus A380,On Time,0,Business,Mobile App,Visiting Friends/Relatives,Bronze,1379.4,1379.4,4.9,No
P00518,FL0518,2025-09-14,Singapore,Doha,Boeing 777,On Time,0,Economy,Travel Agent,Leisure,Silver,418.67,418.67,4.6,No
P00519,FL0519,2025-02-08,Frankfurt,Dubai,Boeing 777,On Time,0,Business,Website,Visiting Friends/Relatives,Silver,1881.75,1881.75,4.3,No
P00520,FL0520,2025-07-23,Sydney,Tokyo,Boeing 777,On Time,0,Economy,Website,Leisure,Platinum,406.81,406.81,4.5,No
P00521,FL0521,2025-09-09,Mumbai,New York,Airbus A350,On Time,0,Business,Travel Agent,Visiting Friends/Relatives,Silver,2577.51,2706.39,4.6,No
P00522,FL0522,2025-04-06,Frankfurt,Bangkok,Airbus A380,On Time,0,Economy,Mobile App,Business,Bronze,389.12,408.58,3.9,No
P00523,FL0523,2025-06-01,London,Tokyo,Airbus A350,On Time,0,Economy,Website,Business,Bronze,488.29,488.29,4.5,No
P00524,FL0524,2025-03-20,London,Mumbai,Boeing 787,On Time,0,Economy,Website,Business,Platinum,240.81,240.81,4.6,No
P00525,FL0525,2025-06-12,Singapore,Bangkok,Boeing 777,On Time,0,Economy,Mobile App,Leisure,Bronze,161.68,161.68,4.3,No
P00526,FL0526,2025-08-16,Dubai,Mumbai,Boeing 777,On Time,0,Economy,Website,Leisure,Gold,280.76,280.76,4.2,No
P00527,FL0527,2025-02-14,London,Dubai,Airbus A350,On Time,0,Economy,Mobile App,Visiting Friends/Relatives,Gold,522.18,522.18,4.4,No
P00528,FL0528,2025-09-20,New York,Sydney,Boeing 787,On Time,0,Business,Website,Leisure,Silver,2078.05,2181.95,4.3,No
P00529,FL0529,2025-10-11,London,Frankfurt,Airbus A320,On Time,0,Business,Website,Leisure,Silver,944.42,944.42,4.7,No
P00530,FL0530,2025-01-07,Bangkok,Frankfurt,Boeing 777,On Time,0,Economy,Mobile App,Leisure,Bronze,314.66,314.66,4.6,No
P00531,FL0531,2025-05-05,London,Sydney,Airbus A380,On Time,0,Economy,Website,Visiting Friends/Relatives,Bronze,299.9,314.89,4.3,No
P00532,FL0532,2025-03-13,Frankfurt,Doha,Boeing 777,On Time,0,Economy,Website,Business,Silver,234.21,234.21,4.7,No
P00533,FL0533,2025-02-02,Paris,Doha,Airbus A350,On Time,0,Economy,Mobile App,Business,Platinum,541.61,541.61,3.4,No
P00534,FL0534,2025-09-05,Frankfurt,Paris,Airbus A320,On Time,0,Business,Mobile App,Visiting Friends/Relatives,Gold,2240.21,2352.22,4.4,Yes
P00535,FL0535,2025-09-11,Doha,Toronto,Airbus A380,On Time,0,Economy,Website,Business,Bronze,327.74,344.13,4.4,No
P00536,FL0536,2025-03-11,Paris,Singapore,Boeing 777,On Time,0,Economy,Website,Leisure,Platinum,352.39,370.01,3.9,No
P00537,FL0537,2025-11-14,Frankfurt,Mumbai,Boeing 787,Delayed,12,Economy,Travel Agent,Business,Bronze,449.9,449.9,2.8,No
P00538,FL0538,2025-06-03,Sydney,Doha,Boeing 777,On Time,0,Economy,Website,Leisure,Bronze,331.92,348.52,4.7,No
P00539,FL0539,2025-06-10,Doha,New York,Airbus A350,Delayed,27,Premium Economy,Travel Agent,Business,Gold,1140.35,1140.35,4.3,No
P00540,FL0540,2025-12-22,Bangkok,Paris,Boeing 787,Delayed,20,Economy,Website,Visiting Friends/Relatives,Silver,282.11,296.22,3.8,No
P00541,FL0541,2025-07-06,Mumbai,Bangkok,Airbus A320,Delayed,7,Premium Economy,Mobile App,Leisure,Silver,530.39,530.39,3.4,No
P00542,FL0542,2025-10-07,Doha,Tokyo,Airbus A350,On Time,0,Business,Mobile App,Leisure,Silver,1201.4,1201.4,3.7,No
P00543,FL0543,2025-08-25,New York,London,Airbus A350,On Time,0,Economy,Mobile App,Business,Gold,342.27,342.27,4.7,No
P00544,FL0544,2025-07-29,Mumbai,Singapore,Boeing 787,On Time,0,Business,Website,Business,Bronze,1587.48,1587.48,4.4,No
P00545,FL0545,2025-05-10,Mumbai,Dubai,Airbus A350,On Time,0,Business,Corporate,Business,Gold,877.57,877.57,4.2,No
P00546,FL0546,2025-08-18,Frankfurt,Singapore,Airbus A380,On Time,0,Economy,Mobile App,Business,Bronze,260.32,260.32,3.5,No
P00547,FL0547,2025-09-17,Frankfurt,Sydney,Boeing 787,On Time,0,Economy,Travel Agent,Leisure,Gold,382.49,382.49,4.4,No
P00548,FL0548,2025-11-01,Bangkok,Sydney,Airbus A320,On Time,0,Economy,Website,Business,Bronze,271.69,271.69,3.5,No
P00549,FL0549,2025-12-07,Doha,Toronto,Boeing 777,On Time,0,Economy,Mobile App,Leisure,Silver,407.97,407.97,4.5,No
P00550,FL0550,2025-10-16,Sydney,London,Boeing 787,Delayed,7,Economy,Corporate,Leisure,Bronze,320.99,337.04,4.0,No
P00551,FL0551,2025-02-20,London,Singapore,Boeing 777,On Time,0,Economy,Mobile App,Visiting Friends/Relatives,Gold,344.31,344.31,4.1,No
P00552,FL0552,2025-10-25,New York,Sydney,Airbus A380,On Time,0,Economy,Mobile App,Visiting Friends/Relatives,Gold,310.16,325.67,4.4,No
P00553,FL0553,2025-08-26,Bangkok,Frankfurt,Airbus A380,On Time,0,Economy,Website,Leisure,Bronze,237.5,237.5,4.0,No
P00554,FL0554,2025-01-13,Singapore,Frankfurt,Boeing 787,On Time,0,Economy,Mobile App,Business,Silver,265.18,265.18,4.3,No
P00555,FL0555,2025-03-01,Frankfurt,Singapore,Airbus A350,On Time,0,Economy,Website,Visiting Friends/Relatives,Platinum,221.7,221.7,4.5,No
P00556,FL0556,2025-04-16,Bangkok,New York,Airbus A380,On Time,0,Business,Mobile App,Leisure,Bronze,1298.87,1298.87,3.3,No
P00557,FL0557,2025-08-13,Paris,Singapore,Boeing 787,On Time,0,Economy,Corporate,Business,Platinum,191.71,191.71,4.2,No
P00558,FL0558,2025-12-30,Mumbai,London,Airbus A320,On Time,0,Economy,Mobile App,Visiting Friends/Relatives,Platinum,354.17,354.17,4.9,No
P00559,FL0559,2025-02-25,Bangkok,Toronto,Airbus A350,Delayed,36,Economy,Website,Leisure,Silver,393.74,393.74,3.6,No
P00560,FL0560,2025-03-31,Doha,Sydney,Airbus A380,On Time,0,Economy,Website,Leisure,Bronze,385.14,385.14,3.6,No
P00561,FL0561,2025-08-25,New York,Frankfurt,Airbus A350,Delayed,12,Economy,Corporate,Leisure,Bronze,251.62,264.2,3.7,No
P00562,FL0562,2025-01-15,Frankfurt,Bangkok,Airbus A380,Delayed,12,Economy,Website,Visiting Friends/Relatives,Gold,498.23,498.23,4.0,No
P00563,FL0563,2025-08-08,Paris,Tokyo,Boeing 787,On Time,0,Business,Travel Agent,Leisure,Silver,2545.88,2673.17,3.8,No
P00564,FL0564,2025-05-23,Doha,Paris,Airbus A320,On Time,0,Economy,Mobile App,Visiting Friends/Relatives,Silver,509.39,509.39,4.4,No
P00565,FL0565,2025-07-07,New York,Doha,Boeing 777,On Time,0,Economy,Corporate,Visiting Friends/Relatives,Silver,313.67,329.35,4.5,No
P00566,FL0566,2025-12-10,London,Mumbai,Boeing 787,On Time,0,Economy,Mobile App,Visiting Friends/Relatives,Bronze,258.08,258.08,3.8,No
P00567,FL0567,2025-07-18,Bangkok,Tokyo,Airbus A380,On Time,0,Economy,Corporate,Business,Bronze,234.24,234.24,4.9,No
P00568,FL0568,2025-06-30,London,Frankfurt,Boeing 787,On Time,0,Economy,Website,Leisure,Bronze,396.86,396.86,4.1,No
P00569,FL0569,2025-10-30,Mumbai,Tokyo,Airbus A320,On Time,0,Economy,Website,Business,Bronze,304.68,304.68,4.1,No
P00570,FL0570,2025-05-03,Bangkok,Singapore,Boeing 777,On Time,0,Economy,Corporate,Business,Silver,370.14,370.14,4.8,No
P00571,FL0571,2025-09-19,Bangkok,Doha,Boeing 787,On Time,0,Premium Economy,Mobile App,Visiting Friends/Relatives,Bronze,822.98,822.98,4.0,No
P00572,FL0572,2025-07-16,Singapore,Tokyo,Boeing 787,On Time,0,Economy,Travel Agent,Leisure,Platinum,574.38,574.38,5,No
P00573,FL0573,2025-03-30,New York,Toronto,Airbus A380,On Time,0,Premium Economy,Mobile App,Business,Platinum,619.11,619.11,4.4,No
P00574,FL0574,2025-04-06,Mumbai,Doha,Boeing 777,Delayed,1,Economy,Corporate,Business,Bronze,195.21,195.21,3.3,No
P00575,FL0575,2025-03-11,Dubai,New York,Airbus A350,Delayed,1,Economy,Corporate,Visiting Friends/Relatives,Gold,469.18,469.18,3.4,No
P00576,FL0576,2025-12-01,New York,Sydney,Boeing 787,On Time,0,Economy,Mobile App,Business,Silver,421.11,421.11,4.5,No
P00577,FL0577,2025-12-30,Paris,Bangkok,Boeing 787,On Time,0,Economy,Mobile App,Visiting Friends/Relatives,Silver,236.27,248.08,4.5,No
P00578,FL0578,2025-01-16,London,Tokyo,Airbus A350,On Time,0,Business,Website,Visiting Friends/Relatives,Silver,1045.64,1097.92,5.0,No
P00579,FL0579,2025-10-03,Mumbai,Dubai,Boeing 777,On Time,0,Economy,Mobile App,Leisure,Bronze,233.26,244.92,4.8,No
P00580,FL0580,2025-09-11,Paris,Tokyo,Airbus A380,On Time,0,Business,Mobile App,Visiting Friends/Relatives,Gold,2511.94,2637.54,3.4,No
P00581,FL0581,2025-05-18,Sydney,Singapore,Airbus A380,Delayed,3,Business,Mobile App,Leisure,Bronze,1808.95,1808.95,4.2,Yes
P00582,FL0582,2025-10-07,Dubai,New York,Airbus A350,Cancelled,0,Premium Economy,Mobile App,Business,Platinum,704.36,704.36,2.0,No
P00583,FL0583,2025-05-07,London,Toronto,Boeing 777,Delayed,34,Economy,Mobile App,Visiting Friends/Relatives,Bronze,303.17,318.33,4.8,No
P00584,FL0584,2025-05-15,Dubai,New York,Boeing 777,Delayed,38,Economy,Mobile App,Visiting Friends/Relatives,Silver,288.45,288.45,4.5,No
P00585,FL0585,2025-04-18,London,Paris,Airbus A380,On Time,0,Business,Website,Leisure,Bronze,1413.53,1413.53,4.8,No
P00586,FL0586,2025-08-08,Sydney,Toronto,Airbus A350,On Time,0,Economy,Mobile App,Leisure,Gold,362.36,362.36,4.1,No
P00587,FL0587,2025-01-31,Doha,Paris,Airbus A380,On Time,0,Economy,Travel Agent,Business,Silver,351.59,351.59,4.2,No
P00588,FL0588,2025-10-03,Mumbai,Tokyo,Airbus A350,On Time,0,Economy,Travel Agent,Visiting Friends/Relatives,Silver,283.44,283.44,5.0,No
P00589,FL0589,2025-10-21,Mumbai,Paris,Boeing 777,Delayed,30,Premium Economy,Website,Business,Platinum,550.54,550.54,3.3,No
P00590,FL0590,2025-02-18,New York,Toronto,Airbus A350,Delayed,23,Premium Economy,Mobile App,Business,Silver,581.79,581.79,3.1,No
P00591,FL0591,2025-03-06,Mumbai,Toronto,Airbus A350,On Time,0,Economy,Corporate,Leisure,Bronze,223.99,223.99,4.6,No
P00592,FL0592,2025-12-13,Bangkok,Dubai,Boeing 787,On Time,0,Economy,Mobile App,Business,Bronze,328.6,328.6,4.6,No
P00593,FL0593,2025-05-18,Sydney,Toronto,Boeing 787,On Time,0,Economy,Website,Business,Bronze,168.76,168.76,4.1,No
P00594,FL0594,2025-02-17,London,Toronto,Boeing 787,On Time,0,Economy,Travel Agent,Visiting Friends/Relatives,Bronze,279.37,279.37,3.8,No
P00595,FL0595,2025-08-21,Mumbai,Frankfurt,Boeing 787,On Time,0,Premium Economy,Website,Visiting Friends/Relatives,Gold,891.25,891.25,4.8,No
P00596,FL0596,2025-08-23,Dubai,Singapore,Boeing 777,Delayed,1,Economy,Mobile App,Leisure,Platinum,385.38,385.38,4.3,No
P00597,FL0597,2025-04-22,New York,Frankfurt,Boeing 787,Delayed,7,Economy,Travel Agent,Leisure,Silver,235.75,235.75,3.5,No
P00598,FL0598,2025-10-08,Mumbai,Frankfurt,Airbus A380,On Time,0,Economy,Travel Agent,Leisure,Gold,261.74,261.74,4.0,No
P00599,FL0599,2025-12-16,Paris,Frankfurt,Airbus A320,On Time,0,Economy,Mobile App,Leisure,Bronze,360.82,360.82,4.4,No
P00600,FL0600,2025-03-05,Paris,London,Airbus A350,On Time,0,Economy,Website,Visiting Friends/Relatives,Silver,335.66,335.66,3.7,No
P00601,FL0601,2025-04-14,Dubai,Bangkok,Airbus A350,Delayed,18,Economy,Website,Leisure,Gold,388.19,407.6,3.4,No
P00602,FL0602,2025-05-21,Mumbai,Doha,Airbus A320,On Time,0,Economy,Mobile App,Leisure,Bronze,427.68,427.68,4.0,No
P00603,FL0603,2025-07-10,Mumbai,Singapore,Airbus A350,On Time,0,Economy,Website,Leisure,Bronze,331.92,348.52,4.4,No
P00604,FL0604,2025-08-08,Mumbai,Dubai,Airbus A320,On Time,0,Economy,Website,Leisure,Gold,293.93,308.63,4.2,No
P00605,FL0605,2025-09-02,Dubai,Paris,Airbus A320,On Time,0,Economy,Corporate,Visiting Friends/Relatives,Silver,234.68,246.41,3.8,No
P00606,FL0606,2025-12-15,Doha,Sydney,Boeing 787,On Time,0,Economy,Travel Agent,Visiting Friends/Relatives,Platinum,339.24,339.24,4.4,No
P00607,FL0607,2025-08-05,Bangkok,Singapore,Airbus A350,On Time,0,Economy,Website,Business,Platinum,567.81,567.81,4.0,No
P00608,FL0608,2025-02-15,Doha,Bangkok,Airbus A320,On Time,0,Economy,Website,Leisure,Bronze,258.95,271.9,4.2,No
P00609,FL0609,2025-03-12,Bangkok,Paris,Boeing 787,On Time,0,Economy,Website,Visiting Friends/Relatives,Silver,419.06,440.01,4.6,No
P00610,FL0610,2025-12-13,Singapore,Toronto,Airbus A350,On Time,0,Economy,Mobile App,Leisure,Gold,232.87,232.87,5,No
P00611,FL0611,2025-11-09,Sydney,London,Airbus A350,On Time,0,Economy,Website,Leisure,Bronze,368.94,368.94,4.8,Yes
P00612,FL0612,2025-03-19,Doha,Toronto,Boeing 787,On Time,0,Economy,Travel Agent,Visiting Friends/Relatives,Gold,386.34,386.34,3.7,No
P00613,FL0613,2025-02-14,Paris,Dubai,Airbus A320,On Time,0,Economy,Corporate,Business,Platinum,311.75,311.75,5,No
P00614,FL0614,2025-07-16,London,Tokyo,Boeing 777,Delayed,15,Economy,Corporate,Leisure,Bronze,344.1,361.31,3.8,No
P00615,FL0615,2025-02-13,Mumbai,Toronto,Airbus A350,On Time,0,Economy,Website,Leisure,Bronze,313.35,313.35,4.7,Yes
P00616,FL0616,2025-05-26,Sydney,Tokyo,Airbus A320,Delayed,24,Economy,Mobile App,Leisure,Silver,310.24,310.24,3.4,Yes
P00617,FL0617,2025-09-23,Mumbai,Dubai,Airbus A380,On Time,0,Economy,Mobile App,Business,Bronze,184.66,193.89,4.6,No
P00618,FL0618,2025-11-27,Frankfurt,Paris,Airbus A320,Delayed,20,Economy,Travel Agent,Business,Bronze,318.27,318.27,2.8,No
P00619,FL0619,2025-05-04,Frankfurt,Singapore,Boeing 787,On Time,0,Economy,Website,Business,Silver,326.89,343.23,3.1,No
P00620,FL0620,2025-01-07,London,Sydney,Boeing 777,Delayed,9,Economy,Website,Visiting Friends/Relatives,Silver,319.11,319.11,3.4,No
P00621,FL0621,2025-10-19,Singapore,Bangkok,Boeing 787,On Time,0,Premium Economy,Website,Visiting Friends/Relatives,Bronze,851.43,851.43,4.6,No
P00622,FL0622,2025-02-07,Singapore,New York,Airbus A320,On Time,0,First,Mobile App,Business,Bronze,4123.75,4123.75,5,No
P00623,FL0623,2025-04-21,Dubai,Mumbai,Airbus A320,Delayed,29,Economy,Mobile App,Business,Bronze,317.62,317.62,3.5,No
P00624,FL0624,2025-12-31,Mumbai,Toronto,Airbus A380,On Time,0,Business,Mobile App,Leisure,Gold,1826.43,1826.43,4.3,No
P00625,FL0625,2025-02-12,Frankfurt,Bangkok,Airbus A380,On Time,0,Premium Economy,Website,Leisure,Silver,541.91,541.91,4.0,No
P00626,FL0626,2025-02-12,Singapore,Mumbai,Boeing 777,On Time,0,Economy,Website,Business,Gold,573.74,602.43,4.9,No
P00627,FL0627,2025-10-02,Doha,Dubai,Boeing 777,On Time,0,Economy,Mobile App,Visiting Friends/Relatives,Bronze,462.91,462.91,4.8,No
P00628,FL0628,2025-12-24,London,Mumbai,Boeing 787,On Time,0,Economy,Corporate,Leisure,Platinum,299.62,299.62,4.8,No
P00629,FL0629,2025-05-06,Doha,London,Airbus A320,Delayed,14,Economy,Corporate,Leisure,Silver,433.12,433.12,3.1,No
P00630,FL0630,2025-11-10,London,New York,Airbus A380,On Time,0,Economy,Website,Leisure,Platinum,363.73,363.73,3.7,No
P00631,FL0631,2025-01-07,Singapore,Doha,Airbus A350,On Time,0,Economy,Mobile App,Leisure,Silver,378.16,378.16,4.5,No
P00632,FL0632,2025-06-27,Singapore,New York,Airbus A380,On Time,0,Economy,Website,Business,Gold,192.54,192.54,3.9,No
P00633,FL0633,2025-07-10,Mumbai,Doha,Airbus A350,On Time,0,Economy,Mobile App,Visiting Friends/Relatives,Gold,266.29,266.29,4.4,No
P00634,FL0634,2025-01-16,Mumbai,Singapore,Boeing 777,Delayed,17,Economy,Mobile App,Business,Bronze,243.63,243.63,2.5,No
P00635,FL0635,2025-02-09,Sydney,Toronto,Boeing 787,On Time,0,Business,Mobile App,Leisure,Platinum,2017.36,2017.36,4.8,No
P00636,FL0636,2025-09-13,Bangkok,London,Airbus A380,On Time,0,Economy,Mobile App,Visiting Friends/Relatives,Silver,260.5,260.5,4.2,No
P00637,FL0637,2025-02-22,Singapore,Mumbai,Airbus A380,On Time,0,Business,Corporate,Visiting Friends/Relatives,Gold,2149.4,2256.87,4.5,No
P00638,FL0638,2025-09-18,London,Paris,Airbus A320,On Time,0,Economy,Website,Leisure,Bronze,301.38,316.45,3.1,No
P00639,FL0639,2025-01-24,Dubai,Paris,Boeing 787,On Time,0,Premium Economy,Travel Agent,Visiting Friends/Relatives,Bronze,944.03,944.03,4.5,No
P00640,FL0640,2025-01-19,Singapore,Dubai,Airbus A380,Delayed,22,Economy,Website,Business,Silver,386.83,386.83,2.7,No
P00641,FL0641,2025-06-14,Frankfurt,Dubai,Airbus A350,On Time,0,Premium Economy,Website,Visiting Friends/Relatives,Silver,427.0,427.0,4.5,No
P00642,FL0642,2025-02-09,Bangkok,Paris,Airbus A380,On Time,0,Business,Website,Leisure,Silver,2482.4,2482.4,4.1,No
P00643,FL0643,2025-01-27,New York,Toronto,Airbus A350,On Time,0,Economy,Mobile App,Visiting Friends/Relatives,Gold,204.85,204.85,3.6,No
P00644,FL0644,2025-07-25,New York,London,Airbus A320,Delayed,31,Economy,Mobile App,Visiting Friends/Relatives,Bronze,338.68,338.68,3.7,Yes
P00645,FL0645,2025-02-14,Mumbai,Frankfurt,Airbus A380,On Time,0,Economy,Website,Visiting Friends/Relatives,Gold,362.92,381.07,4.5,No
P00646,FL0646,2025-05-30,Bangkok,Dubai,Airbus A380,Delayed,2,Economy,Mobile App,Visiting Friends/Relatives,Gold,247.97,247.97,3.2,No
P00647,FL0647,2025-08-26,Sydney,Dubai,Boeing 777,On Time,0,Economy,Website,Business,Gold,355.91,373.71,4.3,No
P00648,FL0648,2025-10-07,Paris,Dubai,Airbus A350,On Time,0,Economy,Travel Agent,Leisure,Platinum,614.68,645.41,5,No
P00649,FL0649,2025-04-30,Frankfurt,London,Airbus A380,On Time,0,Economy,Mobile App,Visiting Friends/Relatives,Bronze,230.36,230.36,4.6,No
P00650,FL0650,2025-01-01,Dubai,Frankfurt,Boeing 787,Delayed,17,Economy,Website,Visiting Friends/Relatives,Bronze,196.69,196.69,2.6,No
P00651,FL0651,2025-08-03,New York,Dubai,Boeing 787,Delayed,12,Premium Economy,Mobile App,Business,Silver,760.45,798.47,3.9,No
P00652,FL0652,2025-02-17,Singapore,Mumbai,Airbus A320,Delayed,29,Business,Website,Leisure,Silver,1825.44,1825.44,3.0,Yes
P00653,FL0653,2025-02-13,Bangkok,New York,Airbus A380,On Time,0,Business,Website,Leisure,Platinum,1224.81,1286.05,3.9,No
P00654,FL0654,2025-07-21,Singapore,Toronto,Airbus A320,On Time,0,Business,Travel Agent,Business,Bronze,2150.56,2258.09,4.4,No
P00655,FL0655,2025-12-06,Dubai,Bangkok,Airbus A350,On Time,0,Business,Mobile App,Visiting Friends/Relatives,Bronze,2481.79,2481.79,4.2,No
P00656,FL0656,2025-07-21,Mumbai,Frankfurt,Boeing 777,On Time,0,Economy,Mobile App,Business,Bronze,330.98,347.53,3.8,No
P00657,FL0657,2025-02-08,Mumbai,Dubai,Airbus A350,On Time,0,Business,Corporate,Visiting Friends/Relatives,Bronze,2293.04,2293.04,4.4,No
P00658,FL0658,2025-03-21,Sydney,Singapore,Airbus A320,On Time,0,Economy,Travel Agent,Business,Platinum,265.21,278.47,3.7,No
P00659,FL0659,2025-07-28,Paris,Frankfurt,Airbus A320,On Time,0,Economy,Website,Leisure,Gold,485.54,485.54,4.2,No
P00660,FL0660,2025-06-07,Doha,New York,Boeing 787,On Time,0,Economy,Travel Agent,Business,Gold,326.44,326.44,4.6,No
P00661,FL0661,2025-03-22,London,Doha,Boeing 777,Delayed,9,Economy,Mobile App,Business,Silver,327.05,327.05,3.5,No
P00662,FL0662,2025-04-21,Sydney,London,Boeing 777,On Time,0,Economy,Website,Business,Gold,345.29,362.55,4.2,No
P00663,FL0663,2025-07-22,Doha,Frankfurt,Airbus A380,On Time,0,Economy,Corporate,Business,Bronze,211.28,211.28,4.7,No
P00664,FL0664,2025-03-31,Mumbai,Paris,Airbus A320,Delayed,27,Economy,Website,Visiting Friends/Relatives,Bronze,204.22,204.22,3.6,No
P00665,FL0665,2025-02-18,New York,Dubai,Boeing 787,On Time,0,Economy,Website,Visiting Friends/Relatives,Gold,220.5,231.53,4.4,No
P00666,FL0666,2025-01-07,Singapore,Doha,Airbus A320,Delayed,5,Economy,Corporate,Visiting Friends/Relatives,Bronze,299.14,314.1,3.4,No
P00667,FL0667,2025-04-12,Doha,Dubai,Boeing 787,On Time,0,Economy,Website,Business,Bronze,309.81,309.81,4.2,No
P00668,FL0668,2025-10-28,London,Tokyo,Boeing 777,Delayed,54,First,Website,Business,Bronze,5818.91,5818.91,3.9,No
P00669,FL0669,2025-08-16,Doha,Toronto,Airbus A350,On Time,0,Economy,Mobile App,Business,Platinum,259.53,259.53,4.0,No
P00670,FL0670,2025-01-22,Bangkok,Singapore,Boeing 787,On Time,0,Economy,Mobile App,Business,Bronze,244.01,244.01,3.4,No
P00671,FL0671,2025-07-22,Sydney,Frankfurt,Boeing 787,On Time,0,Economy,Website,Leisure,Silver,386.36,386.36,4.3,No
P00672,FL0672,2025-07-01,Frankfurt,Doha,Airbus A350,Delayed,36,Economy,Website,Visiting Friends/Relatives,Bronze,282.39,296.51,3.6,No
P00673,FL0673,2025-08-17,Mumbai,Paris,Airbus A350,On Time,0,Economy,Mobile App,Business,Bronze,229.18,229.18,4.6,No
P00674,FL0674,2025-05-06,Sydney,Tokyo,Boeing 777,On Time,0,Economy,Website,Business,Bronze,221.08,221.08,4.2,No
P00675,FL0675,2025-02-01,New York,Bangkok,Airbus A320,On Time,0,Economy,Mobile App,Business,Bronze,220.08,231.08,5.0,No
P00676,FL0676,2025-04-13,Singapore,Bangkok,Airbus A380,On Time,0,Economy,Corporate,Leisure,Gold,346.49,346.49,5,No
P00677,FL0677,2025-07-15,New York,London,Boeing 777,On Time,0,Business,Mobile App,Visiting Friends/Relatives,Gold,2154.97,2154.97,3.8,No
P00678,FL0678,2025-10-17,Paris,Frankfurt,Airbus A380,On Time,0,Business,Travel Agent,Leisure,Platinum,2029.35,2029.35,3.0,No
P00679,FL0679,2025-01-14,Mumbai,Doha,Boeing 777,On Time,0,Economy,Mobile App,Leisure,Bronze,346.92,346.92,3.8,No
P00680,FL0680,2025-01-30,Dubai,Mumbai,Boeing 787,On Time,0,Economy,Mobile App,Leisure,Silver,420.14,420.14,4.6,Yes
P00681,FL0681,2025-03-23,Sydney,Dubai,Airbus A320,On Time,0,Economy,Mobile App,Visiting Friends/Relatives,Bronze,275.92,275.92,4.5,No
P00682,FL0682,2025-10-01,Doha,Mumbai,Airbus A320,On Time,0,Business,Website,Visiting Friends/Relatives,Silver,1751.23,1751.23,2.9,No
P00683,FL0683,2025-07-18,Doha,Tokyo,Boeing 777,Delayed,25,Premium Economy,Website,Leisure,Platinum,516.21,516.21,3.9,No
P00684,FL0684,2025-06-12,Doha,Tokyo,Boeing 777,Delayed,17,Economy,Mobile App,Business,Bronze,392.07,392.07,4.1,No
P00685,FL0685,2025-10-18,Dubai,Frankfurt,Airbus A380,On Time,0,Economy,Corporate,Visiting Friends/Relatives,Bronze,306.84,306.84,4.9,No
P00686,FL0686,2025-10-05,Doha,New York,Boeing 777,On Time,0,Economy,Website,Visiting Friends/Relatives,Silver,326.57,326.57,4.1,No
P00687,FL0687,2025-01-29,Dubai,Singapore,Airbus A350,On Time,0,Economy,Website,Leisure,Silver,525.29,525.29,4.4,No
P00688,FL0688,2025-09-02,Dubai,Sydney,Airbus A320,On Time,0,Business,Mobile App,Business,Silver,1574.38,1574.38,2.8,No
P00689,FL0689,2025-03-08,Sydney,Dubai,Boeing 777,On Time,0,Economy,Travel Agent,Visiting Friends/Relatives,Gold,336.08,336.08,4.5,No
P00690,FL0690,2025-01-12,Bangkok,London,Airbus A350,On Time,0,Business,Corporate,Business,Bronze,1565.69,1565.69,2.8,No
P00691,FL0691,2025-09-27,Singapore,Doha,Boeing 777,Delayed,1,Economy,Travel Agent,Visiting Friends/Relatives,Gold,408.33,408.33,5.0,No
P00692,FL0692,2025-02-21,Frankfurt,Tokyo,Boeing 777,On Time,0,Economy,Travel Agent,Business,Bronze,324.61,324.61,4.5,No
P00693,FL0693,2025-08-12,Singapore,Dubai,Boeing 787,On Time,0,Economy,Mobile App,Leisure,Silver,378.2,397.11,3.9,No
P00694,FL0694,2025-12-22,Singapore,Sydney,Airbus A380,Delayed,38,Economy,Website,Visiting Friends/Relatives,Platinum,316.85,332.69,3.8,No
P00695,FL0695,2025-10-29,Doha,Toronto,Airbus A350,On Time,0,Economy,Website,Business,Bronze,391.64,391.64,5,No
P00696,FL0696,2025-04-01,Mumbai,Doha,Airbus A320,Delayed,29,Premium Economy,Mobile App,Business,Bronze,751.06,751.06,4.6,No
P00697,FL0697,2025-04-04,Sydney,London,Airbus A380,On Time,0,Economy,Mobile App,Business,Gold,314.89,314.89,3.6,No
P00698,FL0698,2025-11-24,Sydney,Dubai,Airbus A380,On Time,0,Economy,Travel Agent,Leisure,Bronze,432.29,453.9,4.1,No
P00699,FL0699,2025-06-19,Paris,Doha,Airbus A320,On Time,0,Economy,Travel Agent,Visiting Friends/Relatives,Silver,282.0,296.1,3.9,No
P00700,FL0700,2025-11-22,Bangkok,Doha,Airbus A320,Delayed,14,Economy,Mobile App,Visiting Friends/Relatives,Silver,258.11,258.11,3.7,No
P00701,FL0701,2025-01-06,Bangkok,New York,Boeing 777,On Time,0,Economy,Website,Leisure,Bronze,323.25,323.25,4.3,No
P00702,FL0702,2025-05-12,London,Frankfurt,Airbus A320,On Time,0,First,Website,Business,Gold,5370.88,5639.42,4.1,No
P00703,FL0703,2025-08-13,Dubai,Bangkok,Boeing 787,Delayed,28,First,Website,Visiting Friends/Relatives,Silver,5103.48,5103.48,4.2,No
P00704,FL0704,2025-10-07,Frankfurt,Mumbai,Boeing 787,On Time,0,Economy,Travel Agent,Visiting Friends/Relatives,Platinum,262.38,262.38,4.6,No
P00705,FL0705,2025-11-30,Paris,Tokyo,Airbus A350,On Time,0,Economy,Corporate,Business,Bronze,257.47,257.47,4.0,No
P00706,FL0706,2025-05-31,London,Singapore,Airbus A320,On Time,0,Business,Travel Agent,Business,Bronze,2952.53,3100.16,3.2,No
P00707,FL0707,2025-06-25,London,Doha,Airbus A350,Delayed,8,Economy,Travel Agent,Leisure,Gold,462.64,462.64,3.5,No
P00708,FL0708,2025-10-08,Singapore,Doha,Airbus A320,On Time,0,Economy,Travel Agent,Business,Silver,376.39,376.39,4.1,No
P00709,FL0709,2025-12-27,Sydney,Bangkok,Airbus A320,On Time,0,Premium Economy,Mobile App,Visiting Friends/Relatives,Bronze,423.65,423.65,5,No
P00710,FL0710,2025-08-11,Singapore,Tokyo,Airbus A350,On Time,0,Economy,Travel Agent,Business,Bronze,241.94,241.94,4.0,No
P00711,FL0711,2025-04-08,Bangkok,Dubai,Boeing 787,On Time,0,Economy,Website,Visiting Friends/Relatives,Bronze,331.41,331.41,3.9,No
P00712,FL0712,2025-12-05,New York,Paris,Boeing 777,On Time,0,Economy,Mobile App,Visiting Friends/Relatives,Gold,363.79,363.79,5,No
P00713,FL0713,2025-07-21,London,Singapore,Airbus A380,On Time,0,Economy,Mobile App,Leisure,Bronze,280.37,280.37,3.5,No
P00714,FL0714,2025-01-28,Paris,Doha,Boeing 777,On Time,0,Economy,Travel Agent,Business,Silver,306.28,306.28,4.0,No
P00715,FL0715,2025-12-05,London,Mumbai,Airbus A380,On Time,0,Business,Mobile App,Leisure,Bronze,1784.15,1784.15,3.8,No
P00716,FL0716,2025-04-16,London,Singapore,Airbus A350,On Time,0,Business,Website,Business,Bronze,1521.92,1598.02,4.5,No
P00717,FL0717,2025-03-01,London,New York,Boeing 777,Delayed,1,Economy,Mobile App,Business,Bronze,399.25,419.21,3.1,No
P00718,FL0718,2025-11-25,Mumbai,Singapore,Airbus A380,On Time,0,Economy,Travel Agent,Leisure,Gold,217.31,217.31,4.3,No
P00719,FL0719,2025-07-09,Bangkok,Frankfurt,Airbus A350,On Time,0,Economy,Mobile App,Visiting Friends/Relatives,Platinum,324.53,324.53,4.0,No
P00720,FL0720,2025-08-27,Mumbai,New York,Boeing 777,On Time,0,Economy,Travel Agent,Business,Platinum,246.79,259.13,4.4,No
P00721,FL0721,2025-02-01,Mumbai,Tokyo,Airbus A350,On Time,0,Economy,Website,Leisure,Bronze,321.11,321.11,5,No
P00722,FL0722,2025-12-09,London,Doha,Boeing 777,Delayed,22,Economy,Website,Business,Bronze,407.48,427.85,4.3,No
P00723,FL0723,2025-04-27,Frankfurt,Tokyo,Airbus A380,On Time,0,Economy,Travel Agent,Visiting Friends/Relatives,Bronze,412.67,412.67,4.9,No
P00724,FL0724,2025-08-03,Frankfurt,Sydney,Airbus A380,On Time,0,Economy,Mobile App,Visiting Friends/Relatives,Bronze,280.04,280.04,4.1,No
P00725,FL0725,2025-05-01,Paris,Tokyo,Boeing 787,On Time,0,Economy,Mobile App,Visiting Friends/Relatives,Silver,255.59,255.59,4.8,No
P00726,FL0726,2025-09-15,Frankfurt,London,Airbus A380,Delayed,23,Economy,Corporate,Visiting Friends/Relatives,Silver,319.25,319.25,3.7,No
P00727,FL0727,2025-03-03,Sydney,Doha,Boeing 787,On Time,0,Economy,Corporate,Visiting Friends/Relatives,Bronze,277.32,277.32,3.4,No
P00728,FL0728,2025-04-09,Singapore,Paris,Airbus A350,On Time,0,Economy,Travel Agent,Visiting Friends/Relatives,Gold,451.15,451.15,4.7,No
P00729,FL0729,2025-08-11,London,Toronto,Airbus A350,Cancelled,0,Economy,Website,Business,Gold,379.95,379.95,3.0,No
P00730,FL0730,2025-05-13,Singapore,Tokyo,Boeing 777,Delayed,1,Economy,Corporate,Leisure,Silver,408.34,408.34,3.7,No
P00731,FL0731,2025-07-18,London,Doha,Airbus A380,On Time,0,Economy,Mobile App,Leisure,Platinum,314.18,314.18,3.3,No
P00732,FL0732,2025-09-24,Bangkok,Paris,Boeing 787,Delayed,36,Business,Mobile App,Leisure,Bronze,944.88,944.88,4.0,No
P00733,FL0733,2025-08-03,Sydney,New York,Airbus A320,On Time,0,Economy,Travel Agent,Leisure,Silver,307.55,307.55,5,No
P00734,FL0734,2025-10-29,Singapore,Tokyo,Airbus A380,On Time,0,Economy,Corporate,Visiting Friends/Relatives,Bronze,147.81,147.81,4.7,No
P00735,FL0735,2025-10-16,London,Doha,Airbus A320,Delayed,19,Economy,Corporate,Visiting Friends/Relatives,Platinum,314.61,314.61,4.2,No
P00736,FL0736,2025-07-30,New York,Mumbai,Boeing 777,On Time,0,Economy,Website,Business,Bronze,389.43,389.43,4.0,No
P00737,FL0737,2025-11-08,Paris,Tokyo,Boeing 787,On Time,0,Economy,Website,Visiting Friends/Relatives,Silver,328.79,328.79,4.4,No
P00738,FL0738,2025-03-15,Mumbai,Bangkok,Airbus A380,On Time,0,Economy,Travel Agent,Visiting Friends/Relatives,Gold,224.48,224.48,4.1,No
P00739,FL0739,2025-07-22,Frankfurt,London,Boeing 777,On Time,0,Business,Website,Business,Bronze,2895.4,2895.4,5,No
P00740,FL0740,2025-05-18,Dubai,New York,Boeing 777,On Time,0,Economy,Corporate,Leisure,Silver,331.4,347.97,3.8,No
P00741,FL0741,2025-05-24,Mumbai,Paris,Boeing 787,Delayed,5,Economy,Website,Business,Gold,410.32,410.32,4.5,No
P00742,FL0742,2025-06-03,Doha,Dubai,Boeing 787,On Time,0,Economy,Website,Leisure,Silver,141.56,141.56,4.9,No
P00743,FL0743,2025-08-02,Bangkok,Paris,Airbus A380,On Time,0,Economy,Website,Leisure,Gold,335.2,351.96,5,No
P00744,FL0744,2025-04-19,Doha,New York,Boeing 787,On Time,0,Economy,Website,Visiting Friends/Relatives,Gold,557.51,585.39,3.7,No
P00745,FL0745,2025-01-29,New York,Mumbai,Airbus A380,Delayed,1,Economy,Corporate,Business,Silver,281.43,281.43,3.4,No
P00746,FL0746,2025-12-30,London,Mumbai,Airbus A380,On Time,0,Economy,Corporate,Visiting Friends/Relatives,Platinum,294.53,294.53,3.7,No
P00747,FL0747,2025-01-15,New York,Tokyo,Airbus A350,On Time,0,Economy,Website,Visiting Friends/Relatives,Platinum,260.07,260.07,5,No
P00748,FL0748,2025-05-08,Doha,London,Airbus A320,On Time,0,Premium Economy,Website,Business,Silver,770.25,808.76,4.2,Yes
P00749,FL0749,2025-05-21,Bangkok,Dubai,Boeing 777,Delayed,1,First,Website,Business,Bronze,2233.56,2233.56,2.9,No
P00750,FL0750,2025-01-16,London,Toronto,Airbus A350,On Time,0,Economy,Travel Agent,Visiting Friends/Relatives,Bronze,209.4,209.4,3.7,No
P00751,FL0751,2025-04-01,Sydney,Bangkok,Boeing 787,On Time,0,Economy,Mobile App,Visiting Friends/Relatives,Silver,512.88,512.88,3.5,No
P00752,FL0752,2025-03-25,Bangkok,Mumbai,Boeing 777,On Time,0,Economy,Mobile App,Visiting Friends/Relatives,Silver,320.87,320.87,4.3,No
P00753,FL0753,2025-01-15,London,Mumbai,Boeing 787,On Time,0,Business,Website,Visiting Friends/Relatives,Silver,1522.6,1522.6,4.4,No
P00754,FL0754,2025-04-24,Sydney,Dubai,Airbus A350,On Time,0,Economy,Travel Agent,Business,Platinum,409.09,409.09,4.5,No
P00755,FL0755,2025-07-29,Mumbai,Toronto,Airbus A380,On Time,0,Economy,Website,Visiting Friends/Relatives,Gold,151.49,151.49,4.9,Yes
P00756,FL0756,2025-03-09,Dubai,New York,Airbus A350,On Time,0,Economy,Website,Business,Bronze,267.3,267.3,3.4,No
P00757,FL0757,2025-05-10,Dubai,Paris,Airbus A380,Delayed,17,Economy,Mobile App,Visiting Friends/Relatives,Bronze,256.37,256.37,4.2,No
P00758,FL0758,2025-05-21,Mumbai,Toronto,Boeing 787,Delayed,25,Economy,Travel Agent,Visiting Friends/Relatives,Silver,335.9,335.9,4.2,No
P00759,FL0759,2025-06-04,Doha,New York,Airbus A380,Delayed,7,Economy,Website,Business,Bronze,323.42,323.42,3.6,No
P00760,FL0760,2025-02-22,Frankfurt,Tokyo,Airbus A320,On Time,0,Economy,Mobile App,Visiting Friends/Relatives,Bronze,186.32,186.32,3.6,No
P00761,FL0761,2025-11-28,Bangkok,Sydney,Airbus A380,On Time,0,Economy,Website,Leisure,Bronze,415.41,415.41,4.3,No
P00762,FL0762,2025-02-25,Mumbai,Toronto,Boeing 787,On Time,0,Economy,Mobile App,Visiting Friends/Relatives,Silver,425.98,447.28,3.4,No
P00763,FL0763,2025-06-16,Mumbai,Toronto,Boeing 777,On Time,0,Economy,Website,Visiting Friends/Relatives,Gold,239.09,239.09,4.0,No
P00764,FL0764,2025-03-18,Mumbai,Dubai,Airbus A380,On Time,0,Economy,Website,Visiting Friends/Relatives,Bronze,321.85,321.85,4.8,No
P00765,FL0765,2025-07-26,Dubai,Tokyo,Boeing 777,On Time,0,Economy,Travel Agent,Leisure,Bronze,390.64,390.64,4.1,Yes
P00766,FL0766,2025-09-12,Dubai,Toronto,Boeing 777,On Time,0,Economy,Website,Business,Bronze,376.97,376.97,3.9,No
P00767,FL0767,2025-07-18,Frankfurt,Bangkok,Airbus A320,On Time,0,Economy,Website,Leisure,Gold,286.53,286.53,4.3,No
P00768,FL0768,2025-06-25,Sydney,Dubai,Airbus A350,On Time,0,Economy,Website,Visiting Friends/Relatives,Gold,332.89,332.89,4.9,No
P00769,FL0769,2025-07-03,Paris,Toronto,Airbus A380,On Time,0,Economy,Travel Agent,Visiting Friends/Relatives,Gold,297.93,297.93,3.8,No
P00770,FL0770,2025-10-13,Singapore,Toronto,Airbus A350,On Time,0,Economy,Mobile App,Leisure,Gold,256.08,256.08,4.4,No
P00771,FL0771,2025-05-13,Paris,Doha,Airbus A380,On Time,0,Economy,Mobile App,Business,Silver,346.36,346.36,5.0,Yes
P00772,FL0772,2025-06-21,Singapore,Toronto,Airbus A320,On Time,0,Economy,Website,Leisure,Silver,232.94,232.94,3.8,No
P00773,FL0773,2025-08-04,Doha,Mumbai,Boeing 777,On Time,0,Economy,Website,Business,Silver,192.39,192.39,4.5,No
P00774,FL0774,2025-08-26,Sydney,Paris,Airbus A320,On Time,0,Economy,Website,Leisure,Silver,252.31,252.31,3.9,No
P00775,FL0775,2025-11-14,Sydney,Tokyo,Airbus A320,On Time,0,Economy,Website,Visiting Friends/Relatives,Bronze,307.64,323.02,4.9,No
P00776,FL0776,2025-03-03,Doha,Sydney,Boeing 787,On Time,0,Premium Economy,Corporate,Business,Bronze,683.08,683.08,5,No
P00777,FL0777,2025-03-19,Frankfurt,London,Airbus A350,Cancelled,0,Economy,Mobile App,Visiting Friends/Relatives,Platinum,353.22,353.22,1.5,No
P00778,FL0778,2025-10-19,Bangkok,Frankfurt,Boeing 787,On Time,0,Business,Mobile App,Leisure,Gold,2199.89,2199.89,4.1,No
P00779,FL0779,2025-09-07,Singapore,Doha,Boeing 777,On Time,0,Economy,Mobile App,Business,Gold,267.4,267.4,4.3,No
P00780,FL0780,2025-11-21,Singapore,Frankfurt,Airbus A320,On Time,0,Economy,Mobile App,Visiting Friends/Relatives,Bronze,227.05,227.05,3.8,No
P00781,FL0781,2025-03-28,Mumbai,Dubai,Airbus A380,On Time,0,Economy,Website,Leisure,Silver,259.39,272.36,4.0,No
P00782,FL0782,2025-03-08,Paris,Singapore,Airbus A380,On Time,0,Economy,Travel Agent,Visiting Friends/Relatives,Platinum,331.26,331.26,4.0,No
P00783,FL0783,2025-08-08,Frankfurt,Bangkok,Boeing 787,On Time,0,Economy,Website,Business,Silver,376.84,376.84,4.5,No
P00784,FL0784,2025-04-13,Dubai,Sydney,Boeing 777,Delayed,33,Business,Mobile App,Leisure,Silver,2042.96,2145.11,4.6,No
P00785,FL0785,2025-01-10,New York,Dubai,Airbus A320,On Time,0,Business,Website,Leisure,Bronze,1985.53,2084.81,4.0,No
P00786,FL0786,2025-12-22,Doha,Paris,Boeing 777,On Time,0,Economy,Website,Leisure,Bronze,320.25,336.26,4.9,No
P00787,FL0787,2025-09-15,London,Bangkok,Airbus A380,On Time,0,Economy,Website,Business,Bronze,261.66,261.66,3.8,No
P00788,FL0788,2025-06-02,London,Singapore,Boeing 777,On Time,0,Economy,Mobile App,Leisure,Bronze,224.62,235.85,3.6,No
P00789,FL0789,2025-09-26,New York,Tokyo,Boeing 777,On Time,0,Economy,Mobile App,Visiting Friends/Relatives,Silver,196.35,196.35,3.8,No
P00790,FL0790,2025-09-08,Singapore,Frankfurt,Boeing 777,On Time,0,Economy,Travel Agent,Business,Bronze,292.91,292.91,3.8,No
P00791,FL0791,2025-01-10,Singapore,Bangkok,Airbus A350,On Time,0,Economy,Mobile App,Visiting Friends/Relatives,Bronze,398.62,418.55,3.7,No
P00792,FL0792,2025-01-12,Singapore,Paris,Airbus A380,On Time,0,Economy,Website,Visiting Friends/Relatives,Bronze,269.19,269.19,3.7,No
P00793,FL0793,2025-12-31,London,Frankfurt,Airbus A320,On Time,0,Business,Travel Agent,Business,Silver,1405.13,1405.13,4.0,No
P00794,FL0794,2025-11-16,Mumbai,Sydney,Airbus A320,On Time,0,Premium Economy,Corporate,Visiting Friends/Relatives,Bronze,620.94,620.94,4.0,No
P00795,FL0795,2025-02-25,Dubai,Toronto,Airbus A320,On Time,0,Economy,Website,Leisure,Silver,329.14,345.6,4.7,No
P00796,FL0796,2025-08-16,London,Bangkok,Boeing 787,On Time,0,Economy,Mobile App,Business,Silver,431.49,431.49,3.8,No
P00797,FL0797,2025-12-26,Mumbai,New York,Airbus A350,On Time,0,Economy,Website,Visiting Friends/Relatives,Silver,299.07,299.07,4.1,No
P00798,FL0798,2025-08-04,Dubai,Mumbai,Airbus A320,On Time,0,Economy,Mobile App,Visiting Friends/Relatives,Bronze,200.15,210.16,4.7,No
P00799,FL0799,2025-11-07,Mumbai,Tokyo,Airbus A350,On Time,0,Premium Economy,Mobile App,Business,Gold,854.16,854.16,4.1,No
P00800,FL0800,2025-11-13,London,Sydney,Airbus A320,On Time,0,Economy,Mobile App,Business,Platinum,305.45,305.45,4.0,No
P00801,FL0801,2025-04-12,London,New York,Airbus A380,On Time,0,Economy,Mobile App,Visiting Friends/Relatives,Platinum,308.78,308.78,4.7,No
P00802,FL0802,2025-04-14,Mumbai,Sydney,Boeing 777,On Time,0,Business,Corporate,Visiting Friends/Relatives,Gold,1158.2,1158.2,4.4,No
P00803,FL0803,2025-01-21,Mumbai,Doha,Airbus A380,On Time,0,Economy,Mobile App,Visiting Friends/Relatives,Gold,303.23,303.23,4.3,No
P00804,FL0804,2025-06-19,Doha,New York,Airbus A350,On Time,0,Economy,Mobile App,Business,Gold,309.41,309.41,4.6,No
P00805,FL0805,2025-10-21,London,Doha,Boeing 787,On Time,0,Economy,Travel Agent,Leisure,Bronze,362.89,362.89,3.3,No
P00806,FL0806,2025-02-08,London,Sydney,Airbus A320,Delayed,5,Business,Website,Leisure,Silver,2129.96,2129.96,3.9,No
P00807,FL0807,2025-06-01,Doha,New York,Boeing 777,On Time,0,Economy,Website,Leisure,Gold,466.6,466.6,4.6,No
P00808,FL0808,2025-01-21,London,Dubai,Boeing 777,On Time,0,Business,Travel Agent,Business,Bronze,2247.46,2247.46,4.3,No
P00809,FL0809,2025-03-01,Bangkok,Frankfurt,Airbus A320,Delayed,19,Economy,Mobile App,Leisure,Silver,230.79,230.79,3.3,No
P00810,FL0810,2025-11-28,Singapore,Toronto,Airbus A350,On Time,0,Business,Website,Visiting Friends/Relatives,Gold,1142.55,1199.68,4.2,No
P00811,FL0811,2025-05-18,Paris,Tokyo,Airbus A320,On Time,0,Economy,Corporate,Business,Silver,485.72,510.01,4.6,No
P00812,FL0812,2025-02-28,Bangkok,Doha,Boeing 787,On Time,0,Economy,Mobile App,Visiting Friends/Relatives,Bronze,320.35,336.37,4.7,No
P00813,FL0813,2025-07-17,Paris,Mumbai,Boeing 787,Delayed,16,Economy,Website,Business,Bronze,348.97,348.97,3.2,No
P00814,FL0814,2025-03-09,Singapore,Doha,Airbus A320,Cancelled,0,Business,Travel Agent,Visiting Friends/Relatives,Platinum,1433.68,1505.36,1.6,No
P00815,FL0815,2025-08-02,Singapore,Doha,Airbus A380,On Time,0,Economy,Corporate,Business,Silver,271.7,271.7,4.6,No
P00816,FL0816,2025-08-13,Sydney,Toronto,Airbus A350,On Time,0,Economy,Website,Visiting Friends/Relatives,Bronze,326.36,326.36,3.6,No
P00817,FL0817,2025-01-15,Bangkok,Tokyo,Airbus A350,On Time,0,Business,Website,Visiting Friends/Relatives,Bronze,1134.36,1134.36,4.5,No
P00818,FL0818,2025-07-30,Paris,Singapore,Boeing 787,On Time,0,Business,Travel Agent,Visiting Friends/Relatives,Silver,1597.12,1597.12,3.6,No
P00819,FL0819,2025-06-10,Mumbai,Toronto,Airbus A320,On Time,0,Business,Website,Business,Bronze,1214.93,1275.68,3.9,No
P00820,FL0820,2025-10-17,New York,Tokyo,Airbus A350,Cancelled,0,Economy,Travel Agent,Visiting Friends/Relatives,Gold,224.35,235.57,2.8,No
P00821,FL0821,2025-09-25,Bangkok,Sydney,Airbus A380,On Time,0,Economy,Mobile App,Leisure,Bronze,301.02,301.02,3.9,No
P00822,FL0822,2025-06-27,Doha,New York,Boeing 787,On Time,0,Economy,Corporate,Business,Silver,404.73,404.73,4.0,No
P00823,FL0823,2025-01-28,New York,Tokyo,Airbus A320,On Time,0,Economy,Website,Visiting Friends/Relatives,Gold,314.63,314.63,3.7,No
P00824,FL0824,2025-08-29,Singapore,Sydney,Boeing 787,Delayed,30,Economy,Mobile App,Leisure,Bronze,369.39,369.39,3.7,No
P00825,FL0825,2025-05-23,Doha,Frankfurt,Airbus A320,On Time,0,Economy,Website,Business,Silver,243.67,243.67,4.5,No
P00826,FL0826,2025-07-13,New York,Toronto,Boeing 787,Delayed,24,Economy,Travel Agent,Visiting Friends/Relatives,Silver,265.36,265.36,3.3,No
P00827,FL0827,2025-08-16,London,New York,Airbus A380,On Time,0,Economy,Website,Leisure,Silver,474.42,474.42,4.8,No
P00828,FL0828,2025-06-11,Paris,New York,Airbus A320,Cancelled,0,Business,Corporate,Business,Platinum,1725.9,1812.2,2.8,No
P00829,FL0829,2025-07-26,Dubai,Singapore,Boeing 787,On Time,0,Business,Website,Business,Gold,1098.3,1098.3,4.2,No
P00830,FL0830,2025-02-16,New York,London,Airbus A380,Delayed,1,Economy,Website,Business,Bronze,331.72,331.72,3.2,No
P00831,FL0831,2025-12-02,New York,Dubai,Boeing 787,Delayed,1,Economy,Mobile App,Leisure,Gold,391.04,391.04,3.3,No
P00832,FL0832,2025-04-25,Bangkok,London,Boeing 787,On Time,0,Economy,Mobile App,Visiting Friends/Relatives,Bronze,244.64,256.87,4.4,No
P00833,FL0833,2025-08-31,Sydney,Tokyo,Boeing 777,On Time,0,Economy,Mobile App,Business,Gold,219.94,230.94,4.3,No
P00834,FL0834,2025-12-04,London,Doha,Airbus A350,On Time,0,Economy,Travel Agent,Business,Gold,306.19,306.19,3.3,No
P00835,FL0835,2025-05-30,Bangkok,Toronto,Airbus A380,On Time,0,Business,Travel Agent,Leisure,Platinum,2087.16,2087.16,3.9,No
P00836,FL0836,2025-03-26,London,Singapore,Boeing 787,On Time,0,Economy,Corporate,Visiting Friends/Relatives,Bronze,260.66,260.66,3.9,No
P00837,FL0837,2025-05-11,Frankfurt,Singapore,Airbus A380,On Time,0,Economy,Corporate,Business,Gold,267.29,267.29,3.5,No
P00838,FL0838,2025-04-21,London,Bangkok,Boeing 787,Delayed,21,Economy,Website,Visiting Friends/Relatives,Silver,310.18,310.18,3.8,No
P00839,FL0839,2025-11-21,Frankfurt,London,Airbus A380,On Time,0,Economy,Mobile App,Business,Gold,330.25,330.25,3.6,No
P00840,FL0840,2025-12-04,Paris,New York,Airbus A380,Delayed,28,Economy,Website,Visiting Friends/Relatives,Gold,519.66,545.64,2.6,No
P00841,FL0841,2025-01-03,Singapore,New York,Airbus A380,On Time,0,Economy,Mobile App,Leisure,Platinum,289.3,303.77,4.6,Yes
P00842,FL0842,2025-10-27,New York,Frankfurt,Boeing 787,Delayed,23,Business,Mobile App,Visiting Friends/Relatives,Silver,1716.99,1716.99,2.8,No
P00843,FL0843,2025-03-07,Sydney,Doha,Airbus A320,On Time,0,Economy,Website,Business,Bronze,178.57,178.57,3.8,No
P00844,FL0844,2025-06-14,Sydney,Tokyo,Airbus A380,Delayed,1,Economy,Corporate,Leisure,Bronze,438.59,438.59,2.3,No
P00845,FL0845,2025-12-21,Frankfurt,Tokyo,Airbus A350,On Time,0,Economy,Website,Leisure,Silver,396.75,396.75,3.9,No
P00846,FL0846,2025-08-20,Bangkok,Paris,Airbus A350,On Time,0,Economy,Mobile App,Visiting Friends/Relatives,Platinum,322.45,322.45,4.4,No
P00847,FL0847,2025-06-03,Sydney,New York,Airbus A380,Delayed,11,Economy,Website,Leisure,Silver,400.73,400.73,4.0,No
P00848,FL0848,2025-04-18,Doha,Paris,Airbus A380,On Time,0,Economy,Website,Visiting Friends/Relatives,Bronze,290.36,290.36,3.3,No
P00849,FL0849,2025-03-09,Bangkok,Toronto,Airbus A350,On Time,0,Economy,Website,Leisure,Gold,241.24,241.24,4.7,No
P00850,FL0850,2025-06-30,Bangkok,Singapore,Airbus A380,On Time,0,Economy,Website,Visiting Friends/Relatives,Gold,230.99,230.99,5,No
P00851,FL0851,2025-12-30,Sydney,Toronto,Boeing 787,On Time,0,Business,Website,Visiting Friends/Relatives,Gold,1717.35,1717.35,4.6,No
P00852,FL0852,2025-08-05,New York,Paris,Airbus A320,On Time,0,Economy,Website,Visiting Friends/Relatives,Gold,231.72,231.72,3.8,No
P00853,FL0853,2025-03-16,Dubai,Bangkok,Airbus A320,On Time,0,Economy,Website,Business,Bronze,225.57,225.57,4.6,No
P00854,FL0854,2025-03-24,Doha,Mumbai,Boeing 777,On Time,0,Economy,Mobile App,Leisure,Silver,310.79,326.33,4.7,No
P00855,FL0855,2025-12-20,Singapore,London,Boeing 777,On Time,0,Economy,Travel Agent,Visiting Friends/Relatives,Silver,265.97,265.97,4.8,No
P00856,FL0856,2025-07-03,New York,London,Boeing 787,On Time,0,Economy,Website,Leisure,Bronze,331.86,331.86,4.3,No
P00857,FL0857,2025-11-28,New York,Dubai,Airbus A380,On Time,0,Economy,Mobile App,Leisure,Bronze,205.35,205.35,4.5,No
P00858,FL0858,2025-12-21,New York,Paris,Airbus A320,Delayed,1,Economy,Mobile App,Leisure,Bronze,235.62,235.62,2.5,No
P00859,FL0859,2025-12-17,Frankfurt,Bangkok,Boeing 777,Delayed,36,Premium Economy,Mobile App,Visiting Friends/Relatives,Bronze,840.05,882.05,3.0,No
P00860,FL0860,2025-08-15,Doha,Tokyo,Airbus A350,Delayed,24,Economy,Website,Leisure,Gold,310.39,325.91,4.0,No
P00861,FL0861,2025-10-07,Bangkok,Tokyo,Airbus A380,On Time,0,Economy,Travel Agent,Visiting Friends/Relatives,Gold,426.65,447.98,4.6,No
P00862,FL0862,2025-08-18,Doha,Mumbai,Airbus A350,Cancelled,0,Economy,Travel Agent,Leisure,Bronze,405.24,405.24,3.0,No
P00863,FL0863,2025-03-30,London,Dubai,Airbus A380,On Time,0,Economy,Corporate,Business,Silver,243.02,255.17,4.2,No
P00864,FL0864,2025-05-23,Dubai,Bangkok,Airbus A380,On Time,0,Economy,Mobile App,Visiting Friends/Relatives,Gold,321.96,321.96,4.3,No
P00865,FL0865,2025-05-11,Singapore,Tokyo,Airbus A320,On Time,0,Business,Corporate,Visiting Friends/Relatives,Silver,1911.75,1911.75,3.9,No
P00866,FL0866,2025-03-20,Singapore,London,Boeing 777,On Time,0,Economy,Mobile App,Visiting Friends/Relatives,Bronze,254.2,254.2,4.8,No
P00867,FL0867,2025-06-04,Sydney,Toronto,Boeing 787,Delayed,13,Economy,Travel Agent,Leisure,Platinum,466.13,489.44,2.9,No
P00868,FL0868,2025-04-23,Bangkok,Sydney,Airbus A350,On Time,0,Economy,Website,Business,Silver,244.55,244.55,4.5,No
P00869,FL0869,2025-08-01,New York,Doha,Airbus A380,On Time,0,Economy,Mobile App,Business,Silver,617.86,617.86,5,No
P00870,FL0870,2025-04-24,London,Frankfurt,Airbus A350,On Time,0,Economy,Website,Business,Platinum,435.21,456.97,4.9,No
P00871,FL0871,2025-05-31,Bangkok,Mumbai,Airbus A350,Delayed,16,Economy,Mobile App,Visiting Friends/Relatives,Silver,254.72,254.72,4.3,No
P00872,FL0872,2025-09-01,Sydney,New York,Airbus A380,Delayed,19,Economy,Website,Visiting Friends/Relatives,Gold,448.42,470.84,4.3,No
P00873,FL0873,2025-05-04,Bangkok,New York,Airbus A380,Delayed,17,Premium Economy,Mobile App,Leisure,Silver,403.16,403.16,4.6,No
P00874,FL0874,2025-12-16,Doha,London,Boeing 777,On Time,0,Economy,Travel Agent,Visiting Friends/Relatives,Gold,574.73,574.73,4.0,No
P00875,FL0875,2025-05-12,London,Bangkok,Airbus A380,On Time,0,Business,Website,Visiting Friends/Relatives,Silver,1784.23,1873.44,4.2,No
P00876,FL0876,2025-07-11,Dubai,Sydney,Airbus A380,Delayed,14,Business,Website,Leisure,Bronze,1990.08,1990.08,3.9,No
P00877,FL0877,2025-09-21,Doha,Frankfurt,Airbus A320,Delayed,19,Economy,Mobile App,Visiting Friends/Relatives,Silver,349.71,367.2,3.6,No
P00878,FL0878,2025-10-01,Singapore,Sydney,Airbus A320,On Time,0,Premium Economy,Mobile App,Leisure,Gold,590.23,590.23,4.0,No
P00879,FL0879,2025-11-19,Doha,Toronto,Airbus A350,Delayed,13,Economy,Travel Agent,Leisure,Bronze,547.8,547.8,3.5,No
P00880,FL0880,2025-11-28,New York,Frankfurt,Airbus A320,On Time,0,Economy,Website,Leisure,Silver,422.03,422.03,4.3,No
P00881,FL0881,2025-08-24,Singapore,London,Boeing 777,On Time,0,Business,Website,Visiting Friends/Relatives,Bronze,3737.9,3737.9,4.6,No
P00882,FL0882,2025-04-02,London,Singapore,Boeing 777,On Time,0,Economy,Website,Business,Gold,311.4,326.97,4.0,No
P00883,FL0883,2025-05-13,Sydney,Dubai,Boeing 787,On Time,0,Economy,Travel Agent,Business,Gold,277.39,277.39,3.5,No
P00884,FL0884,2025-06-11,Frankfurt,Bangkok,Airbus A320,On Time,0,Economy,Mobile App,Business,Platinum,396.73,396.73,4.1,No
P00885,FL0885,2025-01-04,London,Sydney,Airbus A380,On Time,0,Economy,Website,Leisure,Gold,250.67,250.67,4.7,No
P00886,FL0886,2025-12-25,Sydney,London,Airbus A320,On Time,0,First,Mobile App,Visiting Friends/Relatives,Silver,3816.24,3816.24,5.0,No
P00887,FL0887,2025-05-29,New York,Singapore,Boeing 777,On Time,0,Economy,Travel Agent,Business,Gold,272.91,286.56,3.8,No
P00888,FL0888,2025-07-15,Mumbai,New York,Boeing 787,Delayed,20,Economy,Mobile App,Business,Gold,416.51,416.51,3.5,No
P00889,FL0889,2025-03-22,Dubai,New York,Airbus A380,On Time,0,Economy,Mobile App,Business,Bronze,314.96,314.96,4.6,No
P00890,FL0890,2025-06-01,Frankfurt,Sydney,Airbus A350,On Time,0,Economy,Website,Leisure,Silver,446.16,468.47,3.7,No
P00891,FL0891,2025-10-11,Bangkok,London,Airbus A380,On Time,0,Economy,Travel Agent,Visiting Friends/Relatives,Gold,463.81,487.0,4.6,No
P00892,FL0892,2025-10-21,Dubai,London,Airbus A380,On Time,0,Business,Website,Business,Platinum,1708.93,1708.93,4.0,No
P00893,FL0893,2025-06-06,New York,Singapore,Airbus A350,On Time,0,Economy,Travel Agent,Visiting Friends/Relatives,Platinum,448.32,448.32,4.7,No
P00894,FL0894,2025-07-31,Bangkok,Dubai,Airbus A380,On Time,0,Economy,Mobile App,Business,Silver,392.01,392.01,4.1,No
P00895,FL0895,2025-11-12,Singapore,Paris,Boeing 777,On Time,0,Economy,Website,Business,Bronze,358.46,376.38,3.5,No
P00896,FL0896,2025-10-18,Singapore,Toronto,Airbus A320,Delayed,53,Economy,Mobile App,Leisure,Platinum,460.18,460.18,4.1,No
P00897,FL0897,2025-10-09,Paris,Toronto,Airbus A320,On Time,0,Business,Mobile App,Business,Platinum,2201.85,2201.85,4.5,No
P00898,FL0898,2025-02-20,London,Mumbai,Airbus A350,On Time,0,Economy,Travel Agent,Leisure,Gold,283.17,297.33,4.7,No
P00899,FL0899,2025-07-02,Paris,Frankfurt,Airbus A350,On Time,0,Economy,Mobile App,Visiting Friends/Relatives,Silver,430.35,430.35,4.8,No
P00900,FL0900,2025-05-26,Doha,Singapore,Airbus A380,On Time,0,Economy,Travel Agent,Leisure,Platinum,377.17,377.17,4.9,No
P00901,FL0001,2025-05-21,London,Singapore,Airbus A350,On Time,0,Economy,Mobile App,Visiting Friends/Relatives,Bronze,392.48,392.48,4.0,No
P00902,FL0002,2025-10-07,London,Toronto,Airbus A320,On Time,0,Economy,Mobile App,Business,Bronze,277.11,277.11,5,Yes
P00903,FL0003,2025-02-17,Dubai,London,Airbus A350,On Time,0,Economy,Website,Leisure,Bronze,297.39,297.39,4.2,No
P00904,FL0004,2025-10-15,Sydney,London,Airbus A350,On Time,0,Economy,Corporate,Business,Bronze,299.98,299.98,4.5,No
P00905,FL0005,2025-04-23,New York,Frankfurt,Boeing 787,On Time,0,Economy,Travel Agent,Visiting Friends/Relatives,Platinum,245.49,245.49,5.0,No
P00906,FL0006,2025-12-24,Dubai,Doha,Boeing 787,On Time,0,Economy,Travel Agent,Business,Gold,420.08,420.08,5,No
P00907,FL0007,2025-06-22,Singapore,Paris,Airbus A320,On Time,0,Economy,Website,Leisure,Platinum,292.91,292.91,3.8,No
P00908,FL0008,2025-06-26,London,Frankfurt,Airbus A380,On Time,0,Economy,Website,Business,Gold,277.3,291.17,4.5,No
P00909,FL0009,2025-10-02,Dubai,New York,Airbus A320,Cancelled,0,Economy,Corporate,Business,Bronze,386.17,405.48,1.5,No
P00910,FL0010,2025-10-10,Frankfurt,Singapore,Boeing 777,Delayed,1,Business,Mobile App,Visiting Friends/Relatives,Gold,1851.72,1851.72,4.3,No
P00911,FL0011,2025-12-27,Sydney,Dubai,Airbus A320,On Time,0,Economy,Mobile App,Visiting Friends/Relatives,Bronze,273.69,273.69,3.9,No
P00912,FL0012,2025-02-10,Doha,Mumbai,Airbus A350,Delayed,1,Economy,Mobile App,Visiting Friends/Relatives,Bronze,345.05,345.05,2.7,No
P00913,FL0013,2025-08-21,Frankfurt,Paris,Boeing 777,On Time,0,Economy,Website,Visiting Friends/Relatives,Silver,436.18,436.18,4.3,Yes
P00914,FL0014,2025-12-10,Bangkok,Dubai,Boeing 777,On Time,0,Premium Economy,Mobile App,Visiting Friends/Relatives,Silver,624.41,624.41,4.6,No
P00915,FL0015,2025-11-22,London,Tokyo,Airbus A350,On Time,0,Economy,Website,Visiting Friends/Relatives,Silver,247.34,247.34,3.5,No
P00916,FL0016,2025-08-25,Doha,Dubai,Boeing 787,On Time,0,Economy,Website,Visiting Friends/Relatives,Bronze,410.77,431.31,4.5,No
P00917,FL0017,2025-12-17,New York,Dubai,Boeing 777,Delayed,19,Economy,Travel Agent,Leisure,Gold,751.56,789.14,3.7,No
P00918,FL0018,2025-07-25,Dubai,Frankfurt,Boeing 777,On Time,0,Business,Travel Agent,Visiting Friends/Relatives,Silver,915.96,915.96,3.6,No
P00919,FL0019,2025-04-19,Sydney,Mumbai,Boeing 787,On Time,0,Economy,Corporate,Leisure,Platinum,204.11,204.11,3.8,No
P00920,FL0020,2025-05-16,Paris,Doha,Airbus A350,On Time,0,Economy,Corporate,Business,Gold,276.85,276.85,4.5,No
P00921,FL0021,2025-05-15,New York,Sydney,Airbus A380,On Time,0,Economy,Website,Leisure,Bronze,314.69,314.69,4.4,No
P00922,FL0022,2025-07-05,Sydney,Frankfurt,Airbus A350,Cancelled,0,Business,Corporate,Visiting Friends/Relatives,Gold,1303.84,1369.03,2.7,No
P00923,FL0023,2025-09-10,Singapore,Sydney,Airbus A320,On Time,0,Economy,Travel Agent,Leisure,Platinum,260.97,260.97,3.7,No
P00924,FL0024,2025-11-18,London,Dubai,Airbus A350,Delayed,9,Economy,Website,Business,Bronze,265.88,265.88,3.4,No
P00925,FL0025,2025-02-02,Frankfurt,Tokyo,Boeing 787,On Time,0,Economy,Mobile App,Business,Silver,266.64,266.64,4.5,No
P00926,FL0026,2025-05-09,Paris,Sydney,Airbus A380,Delayed,37,Economy,Website,Leisure,Platinum,207.45,207.45,3.4,No
P00927,FL0027,2025-11-25,New York,Paris,Boeing 777,On Time,0,Economy,Website,Visiting Friends/Relatives,Gold,226.33,226.33,4.0,No
P00928,FL0028,2025-08-21,Frankfurt,Doha,Airbus A320,Delayed,19,Economy,Website,Visiting Friends/Relatives,Silver,430.77,452.31,3.5,No
P00929,FL0029,2025-04-02,Mumbai,Sydney,Airbus A380,Delayed,24,Economy,Website,Leisure,Silver,289.88,304.37,4.4,No
P00930,FL0030,2025-04-12,New York,Tokyo,Airbus A350,On Time,0,Business,Website,Leisure,Bronze,2589.56,2589.56,4.6,No
P00931,FL0031,2025-09-29,Singapore,Sydney,Airbus A320,On Time,0,Economy,Website,Visiting Friends/Relatives,Bronze,328.36,344.78,3.9,No
P00932,FL0032,2025-02-27,Paris,London,Boeing 777,Delayed,10,Economy,Mobile App,Visiting Friends/Relatives,Bronze,275.9,289.69,4.2,No
P00933,FL0033,2025-01-30,Mumbai,Dubai,Airbus A350,Delayed,22,Economy,Mobile App,Visiting Friends/Relatives,Platinum,270.5,270.5,3.5,No
P00934,FL0034,2025-09-30,Paris,Singapore,Airbus A350,On Time,0,First,Website,Leisure,Silver,4632.94,4864.59,3.9,No
P00935,FL0035,2025-03-26,Paris,Sydney,Boeing 777,On Time,0,Economy,Mobile App,Business,Bronze,340.66,340.66,4.6,No
P00936,FL0036,2025-04-19,Sydney,Frankfurt,Airbus A380,On Time,0,Economy,Mobile App,Business,Silver,230.99,230.99,4.1,No
P00937,FL0037,2025-07-24,Doha,Mumbai,Boeing 777,On Time,0,Business,Travel Agent,Business,Gold,1408.18,1408.18,5,No
P00938,FL0038,2025-03-03,New York,Bangkok,Airbus A350,On Time,0,Economy,Corporate,Business,Bronze,418.99,418.99,3.8,No
P00939,FL0039,2025-10-29,Bangkok,London,Airbus A380,On Time,0,Economy,Mobile App,Business,Bronze,244.66,244.66,3.4,No
P00940,FL0040,2025-02-06,Doha,London,Airbus A320,On Time,0,Economy,Website,Business,Silver,432.12,432.12,4.2,No
P00941,FL0041,2025-02-06,Dubai,Frankfurt,Airbus A380,On Time,0,Premium Economy,Mobile App,Leisure,Gold,615.92,646.72,4.5,No
P00942,FL0042,2025-10-04,Paris,Dubai,Airbus A350,On Time,0,Premium Economy,Mobile App,Leisure,Platinum,745.71,783.0,4.4,No
P00943,FL0043,2025-08-31,Sydney,Tokyo,Airbus A350,Delayed,16,Economy,Mobile App,Business,Silver,525.68,551.96,3.7,Yes
P00944,FL0044,2025-02-18,Frankfurt,Dubai,Airbus A320,On Time,0,Economy,Mobile App,Business,Bronze,362.88,362.88,5,No
P00945,FL0045,2025-07-30,Bangkok,Frankfurt,Boeing 787,Delayed,34,Premium Economy,Website,Leisure,Bronze,744.86,744.86,3.6,No
P00946,FL0046,2025-07-26,London,Singapore,Boeing 777,Delayed,23,Economy,Travel Agent,Business,Bronze,260.55,260.55,2.5,No
P00947,FL0047,2025-04-09,London,Paris,Airbus A350,On Time,0,Premium Economy,Mobile App,Leisure,Silver,610.79,641.33,4.3,No
P00948,FL0048,2025-04-04,Singapore,Bangkok,Boeing 777,On Time,0,Premium Economy,Website,Leisure,Silver,851.38,851.38,4.1,No
P00949,FL0049,2025-10-09,London,New York,Airbus A320,On Time,0,Economy,Website,Leisure,Silver,214.27,224.98,4.6,No
P00950,FL0050,2025-02-17,New York,London,Airbus A350,On Time,0,Economy,Corporate,Visiting Friends/Relatives,Bronze,260.6,260.6,5,No
P00951,FL0051,2025-04-20,Paris,New York,Boeing 787,Delayed,18,First,Mobile App,Business,Silver,4959.8,4959.8,3.0,No
P00952,FL0052,2025-08-21,Frankfurt,Paris,Boeing 777,On Time,0,Economy,Mobile App,Leisure,Gold,380.22,380.22,4.7,No
P00953,FL0053,2025-09-07,New York,Toronto,Airbus A350,On Time,0,Economy,Corporate,Visiting Friends/Relatives,Bronze,338.87,338.87,4.9,No
P00954,FL0054,2025-10-24,Doha,London,Airbus A380,On Time,0,Economy,Mobile App,Visiting Friends/Relatives,Silver,226.41,226.41,4.5,No
P00955,FL0055,2025-01-26,Bangkok,London,Airbus A380,On Time,0,Economy,Website,Visiting Friends/Relatives,Silver,258.92,258.92,5,No
P00956,FL0056,2025-01-30,New York,Doha,Airbus A380,On Time,0,Economy,Travel Agent,Business,Bronze,220.27,220.27,4.0,No
P00957,FL0057,2025-11-01,Singapore,Doha,Airbus A320,On Time,0,Economy,Mobile App,Visiting Friends/Relatives,Silver,235.03,235.03,3.4,No
P00958,FL0058,2025-03-03,Doha,Bangkok,Airbus A380,On Time,0,Economy,Website,Business,Bronze,290.06,290.06,3.4,No
P00959,FL0059,2025-11-14,Sydney,London,Airbus A320,On Time,0,Economy,Mobile App,Visiting Friends/Relatives,Bronze,429.5,450.98,3.1,No
P00960,FL0060,2025-09-25,Sydney,Tokyo,Boeing 777,Delayed,18,Economy,Website,Visiting Friends/Relatives,Platinum,218.49,218.49,3.4,No
P00961,FL0061,2025-06-10,Doha,Toronto,Airbus A350,On Time,0,Economy,Website,Leisure,Bronze,400.31,420.33,3.5,No
P00962,FL0062,2025-11-27,Singapore,Toronto,Boeing 777,On Time,0,Economy,Mobile App,Leisure,Bronze,334.32,334.32,3.3,No
P00963,FL0063,2025-08-23,London,Singapore,Airbus A380,Cancelled,0,Economy,Corporate,Leisure,Gold,307.58,307.58,3.4,No
P00964,FL0064,2025-10-03,London,Doha,Airbus A350,On Time,0,Economy,Website,Leisure,Silver,351.52,351.52,4.3,Yes
P00965,FL0065,2025-02-05,Singapore,Frankfurt,Airbus A350,On Time,0,Economy,Mobile App,Leisure,Silver,329.97,346.47,4.3,No
P00966,FL0066,2025-10-06,Singapore,New York,Boeing 777,On Time,0,Economy,Mobile App,Business,Silver,272.08,272.08,4.7,Yes
P00967,FL0067,2025-12-08,New York,London,Airbus A380,On Time,0,Economy,Website,Visiting Friends/Relatives,Silver,205.32,215.59,4.8,No
P00968,FL0068,2025-05-16,London,Dubai,Airbus A320,Delayed,17,Business,Mobile App,Leisure,Gold,1231.53,1293.11,3.7,No
P00969,FL0069,2025-04-18,Mumbai,Tokyo,Boeing 777,On Time,0,Economy,Corporate,Business,Gold,272.71,272.71,5,No
P00970,FL0070,2025-09-08,Mumbai,Sydney,Boeing 777,Delayed,11,Economy,Travel Agent,Visiting Friends/Relatives,Bronze,424.02,424.02,3.0,No
P00971,FL0071,2025-11-21,Dubai,Singapore,Boeing 787,Delayed,28,Economy,Website,Visiting Friends/Relatives,Silver,266.76,280.1,3.7,No
P00972,FL0072,2025-05-15,Singapore,Toronto,Airbus A350,On Time,0,Business,Mobile App,Business,Silver,2183.87,2183.87,3.6,No
P00973,FL0073,2025-10-15,New York,Frankfurt,Airbus A320,On Time,0,Business,Corporate,Leisure,Platinum,1782.42,1782.42,5.0,No
P00974,FL0074,2025-01-19,Singapore,Sydney,Boeing 777,On Time,0,Economy,Travel Agent,Visiting Friends/Relatives,Platinum,496.68,496.68,4.2,No
P00975,FL0075,2025-03-07,Singapore,Bangkok,Airbus A320,On Time,0,Business,Website,Business,Bronze,1467.97,1467.97,4.4,Yes
P00976,FL0076,2025-04-18,Dubai,Frankfurt,Airbus A350,On Time,0,Economy,Mobile App,Leisure,Silver,366.91,385.26,4.5,No
P00977,FL0077,2025-07-28,Bangkok,Sydney,Airbus A380,On Time,0,Business,Mobile App,Visiting Friends/Relatives,Bronze,1388.77,1388.77,2.5,No
P00978,FL0078,2025-04-01,Doha,Dubai,Boeing 787,On Time,0,Economy,Mobile App,Business,Silver,474.91,474.91,4.9,No
P00979,FL0079,2025-12-09,Bangkok,Frankfurt,Airbus A350,On Time,0,Economy,Mobile App,Leisure,Silver,192.53,192.53,5,No
P00980,FL0080,2025-01-20,London,Bangkok,Boeing 787,On Time,0,First,Mobile App,Business,Bronze,5042.16,5042.16,4.7,No
P00981,FL0081,2025-06-06,Paris,Frankfurt,Airbus A350,On Time,0,Economy,Travel Agent,Visiting Friends/Relatives,Gold,334.93,351.68,4.5,No
P00982,FL0082,2025-06-18,Doha,Bangkok,Boeing 777,Delayed,20,Economy,Website,Business,Bronze,275.13,275.13,4.7,No
P00983,FL0083,2025-11-25,Mumbai,Frankfurt,Airbus A380,On Time,0,Premium Economy,Mobile App,Leisure,Bronze,590.22,619.73,4.6,No
P00984,FL0084,2025-01-15,New York,Mumbai,Airbus A320,Delayed,16,Economy,Website,Visiting Friends/Relatives,Bronze,328.11,328.11,3.8,No
P00985,FL0085,2025-02-25,Mumbai,London,Airbus A380,On Time,0,Economy,Travel Agent,Visiting Friends/Relatives,Silver,415.93,415.93,5.0,No
P00986,FL0086,2025-11-07,Bangkok,Frankfurt,Airbus A380,On Time,0,Economy,Mobile App,Leisure,Bronze,322.0,322.0,4.3,No
P00987,FL0087,2025-05-11,Sydney,Dubai,Airbus A320,On Time,0,Economy,Website,Business,Bronze,142.25,149.36,3.8,No
P00988,FL0088,2025-10-03,Dubai,Sydney,Airbus A350,On Time,0,Business,Mobile App,Leisure,Platinum,2253.6,2253.6,4.7,No
P00989,FL0089,2025-06-19,London,Toronto,Airbus A380,On Time,0,Economy,Website,Business,Bronze,422.44,422.44,3.5,No
P00990,FL0090,2025-09-17,London,Mumbai,Boeing 777,On Time,0,Economy,Corporate,Business,Silver,272.85,286.49,4.1,No
P00991,FL0091,2025-12-23,Bangkok,Frankfurt,Boeing 777,On Time,0,Economy,Travel Agent,Business,Bronze,489.75,489.75,3.7,No
P00992,FL0092,2025-12-07,Doha,Bangkok,Boeing 787,On Time,0,Economy,Website,Leisure,Bronze,430.51,452.04,4.1,No
P00993,FL0093,2025-10-19,Singapore,Tokyo,Boeing 777,On Time,0,Economy,Website,Leisure,Platinum,307.29,307.29,2.9,No
P00994,FL0094,2025-05-27,Dubai,Mumbai,Airbus A350,On Time,0,Premium Economy,Website,Business,Bronze,411.61,411.61,5,No
P00995,FL0095,2025-12-02,Sydney,Tokyo,Boeing 777,On Time,0,Business,Mobile App,Visiting Friends/Relatives,Bronze,1962.81,1962.81,3.4,No
P00996,FL0096,2025-04-20,Paris,Toronto,Airbus A380,On Time,0,Economy,Mobile App,Business,Silver,204.18,214.39,3.0,No
P00997,FL0097,2025-02-13,Singapore,Toronto,Boeing 777,On Time,0,Business,Mobile App,Business,Gold,2576.5,2576.5,5,No
P00998,FL0098,2025-02-17,Sydney,Mumbai,Airbus A350,On Time,0,Economy,Mobile App,Visiting Friends/Relatives,Silver,517.36,517.36,5.0,No
P00999,FL0099,2025-03-17,Doha,Paris,Airbus A320,On Time,0,Business,Mobile App,Leisure,Silver,1278.72,1278.72,3.5,No
P01000,FL0100,2025-02-07,Paris,Tokyo,Boeing 787,On Time,0,First,Mobile App,Leisure,Bronze,5321.12,5321.12,4.2,No
P01001,FL0101,2025-12-23,Sydney,Dubai,Boeing 787,On Time,0,Business,Mobile App,Leisure,Gold,1073.28,1126.94,3.7,No
P01002,FL0102,2025-12-02,Doha,Dubai,Airbus A320,Delayed,33,Economy,Website,Visiting Friends/Relatives,Silver,422.14,422.14,3.3,Yes
P01003,FL0103,2025-04-23,London,Bangkok,Airbus A350,Delayed,13,Economy,Website,Visiting Friends/Relatives,Silver,507.33,507.33,3.2,No
P01004,FL0104,2025-03-04,New York,Dubai,Boeing 787,On Time,0,Economy,Mobile App,Visiting Friends/Relatives,Bronze,387.46,406.83,4.7,No
P01005,FL0105,2025-09-29,Paris,Toronto,Airbus A380,On Time,0,Economy,Travel Agent,Visiting Friends/Relatives,Gold,246.22,246.22,4.5,No
P01006,FL0106,2025-09-16,Paris,Tokyo,Boeing 787,Delayed,5,Economy,Travel Agent,Leisure,Bronze,553.75,581.44,2.6,No
P01007,FL0107,2025-03-23,New York,Bangkok,Boeing 787,On Time,0,Premium Economy,Travel Agent,Business,Gold,469.77,469.77,4.1,No
P01008,FL0108,2025-05-22,Doha,Toronto,Airbus A380,On Time,0,Premium Economy,Travel Agent,Leisure,Gold,904.61,904.61,4.1,No
P01009,FL0109,2025-08-14,Doha,Mumbai,Airbus A320,On Time,0,Economy,Corporate,Leisure,Bronze,163.07,163.07,3.8,No
P01010,FL0110,2025-06-21,Doha,Mumbai,Boeing 777,Delayed,24,Economy,Mobile App,Visiting Friends/Relatives,Bronze,274.27,274.27,3.4,No
P01011,FL0111,2025-12-28,Frankfurt,Doha,Airbus A350,On Time,0,Economy,Website,Leisure,Silver,207.62,207.62,4.7,No
P01012,FL0112,2025-10-05,Frankfurt,Mumbai,Boeing 787,On Time,0,Business,Mobile App,Visiting Friends/Relatives,Platinum,1594.66,1594.66,3.6,Yes
P01013,FL0113,2025-07-19,Doha,Bangkok,Airbus A380,Delayed,21,Economy,Website,Business,Bronze,300.15,315.16,4.0,No
P01014,FL0114,2025-07-14,Dubai,Tokyo,Boeing 787,On Time,0,Economy,Mobile App,Leisure,Bronze,464.2,464.2,4.3,No
P01015,FL0115,2025-07-19,Bangkok,Paris,Boeing 787,On Time,0,Economy,Travel Agent,Visiting Friends/Relatives,Silver,339.91,339.91,5,No
P01016,FL0116,2025-04-23,New York,Tokyo,Boeing 787,On Time,0,Economy,Mobile App,Leisure,Gold,320.59,336.62,4.5,No
P01017,FL0117,2025-01-15,Frankfurt,New York,Boeing 787,On Time,0,Economy,Website,Visiting Friends/Relatives,Bronze,420.64,420.64,3.6,No
P01018,FL0118,2025-08-28,Frankfurt,Doha,Airbus A350,Cancelled,0,Economy,Corporate,Visiting Friends/Relatives,Gold,391.77,411.36,2.8,No
P01019,FL0119,2025-07-21,New York,London,Airbus A380,On Time,0,Economy,Travel Agent,Leisure,Bronze,254.0,266.7,4.8,No
P01020,FL0120,2025-11-26,Dubai,Singapore,Boeing 787,On Time,0,Economy,Travel Agent,Business,Gold,265.77,265.77,3.8,No
P01021,FL0121,2025-01-26,Paris,Doha,Boeing 777,On Time,0,Economy,Travel Agent,Visiting Friends/Relatives,Bronze,331.71,331.71,4.4,No
P01022,FL0122,2025-06-17,Doha,New York,Boeing 777,On Time,0,Economy,Website,Business,Platinum,549.79,577.28,3.2,No
P01023,FL0123,2025-08-04,Frankfurt,Paris,Boeing 777,Delayed,1,Economy,Website,Leisure,Silver,369.11,369.11,4.4,No
P01024,FL0124,2025-04-25,Dubai,Frankfurt,Airbus A320,Delayed,21,Economy,Website,Leisure,Gold,291.11,291.11,3.8,Yes
P01025,FL0125,2025-05-07,Dubai,London,Airbus A350,Delayed,11,Business,Website,Business,Bronze,1031.49,1031.49,4.1,No
P01026,FL0126,2025-02-28,Paris,Toronto,Airbus A380,Delayed,11,Economy,Mobile App,Visiting Friends/Relatives,Silver,212.47,223.09,3.4,No
P01027,FL0127,2025-07-08,Paris,Mumbai,Airbus A350,On Time,0,Economy,Mobile App,Business,Gold,562.79,562.79,4.3,No
P01028,FL0128,2025-06-09,London,Dubai,Airbus A320,On Time,0,Economy,Mobile App,Leisure,Bronze,207.81,218.2,4.5,No
P01029,FL0129,2025-12-13,Mumbai,Tokyo,Boeing 787,On Time,0,Economy,Mobile App,Leisure,Gold,277.52,277.52,3.8,No
P01030,FL0130,2025-10-31,Doha,Singapore,Airbus A350,On Time,0,Business,Mobile App,Visiting Friends/Relatives,Bronze,2063.96,2167.16,3.7,No
P01031,FL0131,2025-11-04,Mumbai,Toronto,Airbus A320,Delayed,14,Economy,Travel Agent,Business,Gold,347.45,347.45,2.9,Yes
P01032,FL0132,2025-12-05,New York,Frankfurt,Boeing 777,On Time,0,Economy,Travel Agent,Leisure,Bronze,236.84,236.84,4.0,No
P01033,FL0133,2025-08-04,Bangkok,London,Boeing 787,On Time,0,Economy,Mobile App,Business,Silver,352.88,352.88,4.9,No
P01034,FL0134,2025-08-24,Bangkok,Toronto,Airbus A350,On Time,0,Economy,Website,Business,Silver,339.67,339.67,5,No
P01035,FL0135,2025-05-19,New York,Toronto,Airbus A380,Delayed,16,Premium Economy,Mobile App,Leisure,Bronze,713.92,713.92,3.2,No
P01036,FL0136,2025-08-27,New York,Bangkok,Boeing 787,Delayed,9,Economy,Mobile App,Visiting Friends/Relatives,Bronze,287.44,287.44,3.9,No
P01037,FL0137,2025-05-23,Doha,Singapore,Boeing 787,On Time,0,Economy,Travel Agent,Visiting Friends/Relatives,Bronze,450.61,450.61,3.5,No
P01038,FL0138,2025-11-09,Paris,Tokyo,Boeing 787,On Time,0,Economy,Mobile App,Visiting Friends/Relatives,Gold,207.78,218.17,3.9,No
P01039,FL0139,2025-04-04,Paris,Frankfurt,Boeing 787,On Time,0,Economy,Travel Agent,Business,Bronze,280.44,294.46,4.6,No
P01040,FL0140,2025-05-24,Mumbai,Frankfurt,Airbus A380,On Time,0,Economy,Mobile App,Leisure,Bronze,509.31,509.31,3.7,No
P01041,FL0141,2025-01-06,Mumbai,Sydney,Airbus A380,Delayed,12,Economy,Travel Agent,Leisure,Bronze,306.24,306.24,3.6,No
P01042,FL0142,2025-07-28,London,Paris,Boeing 787,On Time,0,Economy,Mobile App,Visiting Friends/Relatives,Bronze,326.27,326.27,5.0,Yes
P01043,FL0143,2025-11-27,Doha,New York,Boeing 787,On Time,0,Economy,Mobile App,Business,Bronze,347.57,364.95,3.9,No
P01044,FL0144,2025-05-31,Dubai,Singapore,Airbus A350,On Time,0,Economy,Travel Agent,Business,Gold,375.04,375.04,5.0,No
P01045,FL0145,2025-12-06,Doha,Mumbai,Airbus A380,On Time,0,Economy,Mobile App,Leisure,Bronze,317.67,333.55,4.4,No
P01046,FL0146,2025-06-26,New York,Sydney,Boeing 787,Cancelled,0,Premium Economy,Travel Agent,Leisure,Gold,786.55,825.88,2.4,No
P01047,FL0147,2025-06-30,New York,Mumbai,Boeing 787,On Time,0,Business,Website,Leisure,Bronze,1558.36,1636.28,4.4,No
P01048,FL0148,2025-03-03,Mumbai,Dubai,Airbus A350,On Time,0,Economy,Website,Visiting Friends/Relatives,Gold,420.86,420.86,3.5,No
P01049,FL0149,2025-04-09,New York,Doha,Airbus A350,On Time,0,Economy,Website,Business,Gold,533.43,533.43,4.3,No
P01050,FL0150,2025-09-26,Mumbai,Tokyo,Airbus A380,On Time,0,Economy,Mobile App,Business,Silver,199.28,199.28,4.0,No
P01051,FL0151,2025-06-01,London,Paris,Airbus A350,On Time,0,Economy,Corporate,Leisure,Silver,283.78,297.97,3.6,No
P01052,FL0152,2025-12-29,Mumbai,London,Airbus A380,On Time,0,Economy,Mobile App,Visiting Friends/Relatives,Gold,260.47,260.47,3.9,No
P01053,FL0153,2025-10-11,Dubai,London,Boeing 777,On Time,0,Economy,Travel Agent,Business,Gold,223.23,223.23,4.3,No
P01054,FL0154,2025-09-09,Singapore,Toronto,Airbus A320,Delayed,5,Economy,Travel Agent,Leisure,Gold,331.02,331.02,3.2,No
P01055,FL0155,2025-04-05,Paris,Frankfurt,Airbus A320,On Time,0,Economy,Corporate,Leisure,Bronze,512.6,512.6,4.4,No
P01056,FL0156,2025-02-03,Paris,Singapore,Boeing 787,On Time,0,Economy,Mobile App,Business,Gold,384.53,384.53,4.5,No
P01057,FL0157,2025-12-18,Sydney,Toronto,Airbus A320,On Time,0,Economy,Website,Business,Bronze,296.38,296.38,4.4,No
P01058,FL0158,2025-02-13,Sydney,Paris,Airbus A350,On Time,0,Economy,Website,Business,Silver,432.62,432.62,4.0,No
P01059,FL0159,2025-11-02,Frankfurt,Tokyo,Airbus A380,On Time,0,Economy,Travel Agent,Business,Bronze,412.12,432.73,4.5,No
P01060,FL0160,2025-08-19,New York,Frankfurt,Boeing 787,On Time,0,Economy,Travel Agent,Leisure,Silver,250.38,262.9,4.0,No
P01061,FL0161,2025-06-06,Sydney,Frankfurt,Airbus A380,On Time,0,Economy,Corporate,Visiting Friends/Relatives,Gold,334.46,351.18,3.8,No
P01062,FL0162,2025-04-17,Sydney,Singapore,Airbus A350,On Time,0,Business,Website,Leisure,Bronze,2167.33,2275.7,3.9,Yes
P01063,FL0163,2025-05-03,London,Dubai,Airbus A350,On Time,0,Economy,Mobile App,Leisure,Silver,345.95,345.95,4.6,No
P01064,FL0164,2025-07-29,Singapore,London,Boeing 787,On Time,0,First,Website,Leisure,Platinum,5444.61,5716.84,3.6,No
P01065,FL0165,2025-01-17,Paris,Mumbai,Airbus A350,On Time,0,Economy,Website,Business,Bronze,199.4,199.4,4.4,No
P01066,FL0166,2025-02-06,Mumbai,New York,Airbus A350,Delayed,11,First,Website,Business,Gold,2415.39,2536.16,5,No
P01067,FL0167,2025-04-12,Sydney,Toronto,Boeing 787,On Time,0,Premium Economy,Website,Visiting Friends/Relatives,Bronze,377.43,377.43,4.6,No
P01068,FL0168,2025-03-18,Doha,Toronto,Boeing 777,Delayed,24,Economy,Mobile App,Visiting Friends/Relatives,Silver,254.18,266.89,3.4,No
P01069,FL0169,2025-10-19,Mumbai,Tokyo,Boeing 777,On Time,0,Business,Corporate,Business,Platinum,1685.35,1685.35,4.7,No
P01070,FL0170,2025-12-25,Paris,Mumbai,Boeing 787,Delayed,21,Economy,Mobile App,Visiting Friends/Relatives,Bronze,288.36,288.36,4.2,No
P01071,FL0171,2025-09-10,New York,Sydney,Boeing 787,On Time,0,Economy,Mobile App,Business,Gold,227.6,238.98,5.0,No
P01072,FL0172,2025-06-15,Dubai,Bangkok,Airbus A380,On Time,0,Premium Economy,Website,Leisure,Platinum,1135.22,1135.22,2.7,No
P01073,FL0173,2025-12-12,London,Paris,Airbus A380,On Time,0,Business,Mobile App,Leisure,Gold,1363.62,1363.62,4.6,No
P01074,FL0174,2025-05-18,Dubai,Toronto,Airbus A380,On Time,0,First,Mobile App,Visiting Friends/Relatives,Gold,5758.65,5758.65,3.4,No
P01075,FL0175,2025-09-23,Singapore,New York,Boeing 787,Delayed,24,Economy,Website,Leisure,Silver,409.33,409.33,3.5,No
P01076,FL0176,2025-08-29,Paris,Singapore,Boeing 777,On Time,0,Economy,Website,Visiting Friends/Relatives,Gold,383.48,383.48,4.4,No
P01077,FL0177,2025-02-23,Bangkok,Toronto,Airbus A350,On Time,0,First,Website,Leisure,Silver,4220.12,4431.13,3.8,No
P01078,FL0178,2025-12-06,Paris,Mumbai,Boeing 787,Delayed,32,Economy,Website,Leisure,Bronze,223.64,234.82,4.0,No
P01079,FL0179,2025-08-21,New York,London,Airbus A320,On Time,0,Business,Website,Business,Silver,1639.0,1639.0,4.8,No
P01080,FL0180,2025-07-26,Bangkok,Singapore,Airbus A380,Delayed,42,Economy,Website,Visiting Friends/Relatives,Bronze,250.89,263.43,3.8,No
P01081,FL0181,2025-01-28,Paris,Bangkok,Airbus A350,On Time,0,Economy,Website,Business,Bronze,487.22,487.22,4.0,No
P01082,FL0182,2025-11-17,Sydney,Bangkok,Boeing 787,On Time,0,Business,Corporate,Business,Bronze,2399.95,2399.95,5,No
P01083,FL0183,2025-10-09,Doha,Mumbai,Airbus A350,Delayed,18,Economy,Travel Agent,Visiting Friends/Relatives,Silver,434.36,434.36,3.9,No
P01084,FL0184,2025-03-04,Paris,New York,Airbus A320,Cancelled,0,Economy,Mobile App,Leisure,Silver,231.7,231.7,3.3,No
P01085,FL0185,2025-12-30,Sydney,Dubai,Airbus A350,On Time,0,Economy,Corporate,Leisure,Gold,530.21,556.72,5,No
P01086,FL0186,2025-07-28,Dubai,Sydney,Airbus A320,On Time,0,Economy,Website,Business,Gold,414.88,414.88,4.5,No
P01087,FL0187,2025-03-02,London,New York,Airbus A350,On Time,0,Economy,Website,Leisure,Bronze,196.05,196.05,3.2,No
P01088,FL0188,2025-12-28,Mumbai,Sydney,Boeing 777,On Time,0,Economy,Mobile App,Visiting Friends/Relatives,Bronze,284.34,284.34,4.1,No
P01089,FL0189,2025-05-05,Paris,New York,Boeing 787,On Time,0,Business,Website,Leisure,Silver,1299.17,1364.13,3.7,No
P01090,FL0190,2025-11-03,Frankfurt,Dubai,Airbus A380,On Time,0,Economy,Mobile App,Leisure,Gold,276.44,290.26,2.9,No
P01091,FL0191,2025-05-22,Singapore,Doha,Boeing 787,On Time,0,Business,Corporate,Business,Bronze,2409.47,2409.47,4.6,No
P01092,FL0192,2025-01-02,New York,Paris,Boeing 777,On Time,0,Economy,Website,Leisure,Gold,407.96,428.36,5,Yes
P01093,FL0193,2025-12-04,Sydney,Tokyo,Boeing 787,Delayed,4,Economy,Travel Agent,Leisure,Bronze,263.08,263.08,3.3,No
P01094,FL0194,2025-10-06,Bangkok,Sydney,Boeing 787,On Time,0,Economy,Corporate,Visiting Friends/Relatives,Platinum,188.49,188.49,3.1,No
P01095,FL0195,2025-12-24,Bangkok,Dubai,Airbus A350,On Time,0,Business,Corporate,Visiting Friends/Relatives,Silver,1748.12,1748.12,4.0,No
P01096,FL0196,2025-01-23,Doha,Bangkok,Boeing 777,On Time,0,Business,Website,Leisure,Bronze,1671.44,1671.44,5,No
P01097,FL0197,2025-12-06,Frankfurt,Bangkok,Airbus A350,On Time,0,Economy,Website,Leisure,Bronze,272.48,272.48,3.8,Yes
P01098,FL0198,2025-09-15,Dubai,Doha,Airbus A380,On Time,0,Economy,Travel Agent,Visiting Friends/Relatives,Gold,378.73,397.67,5,No
P01099,FL0199,2025-02-21,London,New York,Airbus A380,Delayed,22,Economy,Corporate,Business,Gold,318.77,318.77,3.8,No
P01100,FL0200,2025-07-29,Dubai,Doha,Airbus A350,On Time,0,Business,Website,Leisure,Silver,1146.78,1146.78,4.2,No
P01101,FL0201,2025-11-16,Mumbai,Frankfurt,Boeing 787,On Time,0,Business,Website,Leisure,Silver,1282.36,1282.36,4.0,No
P01102,FL0202,2025-10-01,Bangkok,Toronto,Boeing 787,Delayed,1,Economy,Corporate,Business,Bronze,432.1,432.1,3.9,No
P01103,FL0203,2025-01-19,Paris,Sydney,Airbus A380,On Time,0,Business,Website,Leisure,Bronze,2133.71,2133.71,4.4,No
P01104,FL0204,2025-02-16,Mumbai,Dubai,Boeing 787,Cancelled,0,Business,Website,Business,Bronze,1862.19,1955.3,2.5,No
P01105,FL0205,2025-03-27,London,New York,Boeing 777,Delayed,1,Economy,Website,Business,Platinum,538.2,538.2,3.3,No
P01106,FL0206,2025-01-29,Dubai,Frankfurt,Boeing 777,On Time,0,Business,Website,Leisure,Gold,1858.67,1858.67,5,No
P01107,FL0207,2025-05-06,Frankfurt,Doha,Airbus A380,On Time,0,Business,Mobile App,Visiting Friends/Relatives,Gold,1517.67,1593.55,4.5,No
P01108,FL0208,2025-03-31,Singapore,Dubai,Airbus A320,On Time,0,Business,Website,Business,Bronze,2441.32,2563.39,3.7,No
P01109,FL0209,2025-12-16,Frankfurt,Tokyo,Airbus A350,On Time,0,Economy,Website,Leisure,Platinum,291.7,291.7,4.8,No
P01110,FL0210,2025-04-29,Sydney,Doha,Boeing 787,On Time,0,Economy,Website,Leisure,Silver,330.86,330.86,3.6,No
P01111,FL0211,2025-12-08,Paris,Mumbai,Airbus A320,Delayed,8,Business,Website,Business,Bronze,1965.52,2063.8,3.8,No
P01112,FL0212,2025-02-07,New York,Doha,Boeing 787,Delayed,20,Premium Economy,Corporate,Business,Gold,537.51,564.39,4.1,No
P01113,FL0213,2025-11-24,Sydney,Paris,Boeing 787,On Time,0,Economy,Website,Leisure,Platinum,388.22,388.22,4.2,No
P01114,FL0214,2025-04-12,Paris,Mumbai,Boeing 787,Delayed,27,Economy,Website,Leisure,Bronze,329.72,329.72,3.5,No
P01115,FL0215,2025-06-01,Bangkok,Tokyo,Boeing 777,On Time,0,Economy,Travel Agent,Visiting Friends/Relatives,Bronze,334.02,334.02,4.4,No
P01116,FL0216,2025-01-05,Frankfurt,Paris,Airbus A380,Delayed,25,Economy,Corporate,Leisure,Platinum,473.51,473.51,4.1,No
P01117,FL0217,2025-09-12,Dubai,Tokyo,Boeing 777,On Time,0,Economy,Website,Visiting Friends/Relatives,Bronze,284.66,284.66,4.6,No
P01118,FL0218,2025-06-30,Doha,Tokyo,Airbus A350,On Time,0,Economy,Website,Business,Silver,411.0,411.0,4.2,No
P01119,FL0219,2025-12-14,Sydney,Paris,Airbus A350,On Time,0,Economy,Travel Agent,Visiting Friends/Relatives,Silver,410.35,410.35,5.0,No
P01120,FL0220,2025-08-14,Dubai,Mumbai,Airbus A320,On Time,0,Premium Economy,Travel Agent,Visiting Friends/Relatives,Bronze,971.19,1019.75,4.9,No
P01121,FL0221,2025-06-01,Singapore,Doha,Boeing 777,On Time,0,Economy,Website,Visiting Friends/Relatives,Bronze,244.71,256.95,4.3,No
P01122,FL0222,2025-03-09,Singapore,Paris,Airbus A380,Delayed,8,Premium Economy,Website,Leisure,Bronze,614.82,614.82,3.7,No
P01123,FL0223,2025-05-12,Mumbai,Doha,Boeing 787,Delayed,28,Economy,Website,Visiting Friends/Relatives,Gold,203.57,203.57,4.7,No
P01124,FL0224,2025-02-28,Mumbai,Frankfurt,Boeing 787,Delayed,37,Economy,Mobile App,Business,Bronze,351.78,351.78,3.7,No
P01125,FL0225,2025-07-07,Frankfurt,Sydney,Airbus A320,Delayed,42,Economy,Website,Leisure,Silver,414.17,414.17,4.1,No
P01126,FL0226,2025-10-02,Dubai,Mumbai,Airbus A320,On Time,0,Business,Mobile App,Business,Silver,1560.69,1560.69,3.9,No
P01127,FL0227,2025-07-15,Mumbai,Tokyo,Boeing 777,On Time,0,Economy,Website,Leisure,Platinum,424.85,446.09,4.4,Yes
P01128,FL0228,2025-01-13,Doha,New York,Airbus A380,Delayed,1,Economy,Website,Leisure,Bronze,216.47,216.47,3.7,No
P01129,FL0229,2025-02-02,Doha,Toronto,Boeing 787,Delayed,7,Economy,Website,Visiting Friends/Relatives,Bronze,428.4,449.82,3.9,No
P01130,FL0230,2025-07-29,Mumbai,Toronto,Airbus A320,On Time,0,Business,Mobile App,Leisure,Bronze,1454.77,1527.51,4.3,No
P01131,FL0231,2025-09-10,Dubai,Mumbai,Airbus A320,On Time,0,Economy,Website,Visiting Friends/Relatives,Gold,346.54,346.54,4.2,No
P01132,FL0232,2025-07-18,New York,Doha,Boeing 787,On Time,0,Business,Travel Agent,Business,Platinum,1820.78,1911.82,5.0,No
P01133,FL0233,2025-10-28,New York,Frankfurt,Airbus A350,Delayed,5,Economy,Website,Visiting Friends/Relatives,Silver,478.17,478.17,3.7,No
P01134,FL0234,2025-05-24,Sydney,Frankfurt,Airbus A320,On Time,0,Economy,Travel Agent,Leisure,Bronze,392.49,392.49,4.6,No
P01135,FL0235,2025-08-16,Doha,New York,Airbus A350,Delayed,1,Economy,Mobile App,Visiting Friends/Relatives,Gold,279.07,293.02,3.7,No
P01136,FL0236,2025-07-08,London,Toronto,Airbus A380,Delayed,15,Economy,Mobile App,Business,Silver,552.13,552.13,4.1,No
P01137,FL0237,2025-03-04,Mumbai,Dubai,Boeing 787,On Time,0,Economy,Website,Business,Silver,352.48,352.48,4.4,No
P01138,FL0238,2025-11-24,Doha,Toronto,Airbus A380,Cancelled,0,Economy,Website,Business,Silver,481.78,481.78,2.8,No
P01139,FL0239,2025-05-05,Dubai,Frankfurt,Airbus A350,Delayed,14,Economy,Travel Agent,Visiting Friends/Relatives,Gold,339.53,339.53,4.0,No
P01140,FL0240,2025-10-11,Doha,Singapore,Airbus A350,On Time,0,Economy,Travel Agent,Leisure,Bronze,314.94,314.94,3.8,No
P01141,FL0241,2025-03-17,Doha,Frankfurt,Airbus A380,On Time,0,Economy,Website,Leisure,Platinum,292.69,292.69,3.5,No
P01142,FL0242,2025-10-04,Singapore,Dubai,Boeing 777,Delayed,36,Premium Economy,Mobile App,Business,Silver,894.56,894.56,3.9,No
P01143,FL0243,2025-07-03,Singapore,London,Airbus A350,On Time,0,Business,Mobile App,Business,Gold,1464.89,1464.89,4.3,Yes
P01144,FL0244,2025-05-16,Dubai,Doha,Airbus A320,On Time,0,Business,Mobile App,Business,Gold,2133.4,2133.4,4.5,Yes
P01145,FL0245,2025-02-28,Frankfurt,Sydney,Airbus A320,On Time,0,Economy,Website,Business,Bronze,336.5,353.32,3.7,No
P01146,FL0246,2025-10-31,Bangkok,Sydney,Airbus A320,On Time,0,Economy,Corporate,Visiting Friends/Relatives,Platinum,159.87,159.87,4.1,No
P01147,FL0247,2025-01-23,Doha,Tokyo,Airbus A380,On Time,0,First,Website,Leisure,Platinum,5234.94,5234.94,3.4,No
P01148,FL0248,2025-09-03,Dubai,London,Boeing 787,On Time,0,Economy,Corporate,Leisure,Gold,255.57,255.57,4.4,No
P01149,FL0249,2025-12-31,London,New York,Boeing 787,On Time,0,Economy,Corporate,Leisure,Silver,207.51,207.51,4.7,No
P01150,FL0250,2025-11-08,London,Frankfurt,Airbus A350,On Time,0,Business,Mobile App,Visiting Friends/Relatives,Bronze,1251.43,1251.43,4.4,No
P01151,FL0251,2025-11-21,Mumbai,Tokyo,Airbus A380,On Time,0,Economy,Mobile App,Leisure,Bronze,210.01,210.01,3.9,No
P01152,FL0252,2025-11-02,Bangkok,Frankfurt,Airbus A380,On Time,0,Economy,Website,Visiting Friends/Relatives,Silver,311.12,311.12,4.4,No
P01153,FL0253,2025-08-09,New York,Tokyo,Airbus A320,Delayed,33,Economy,Website,Visiting Friends/Relatives,Silver,343.17,343.17,3.3,No
P01154,FL0254,2025-11-30,London,Toronto,Airbus A380,On Time,0,Economy,Travel Agent,Business,Bronze,571.4,571.4,4.8,No
P01155,FL0255,2025-08-20,Doha,Bangkok,Airbus A350,On Time,0,Economy,Mobile App,Visiting Friends/Relatives,Silver,249.81,249.81,3.6,Yes
P01156,FL0256,2025-08-01,Paris,Bangkok,Airbus A320,On Time,0,Economy,Travel Agent,Leisure,Silver,246.7,259.04,3.8,No
P01157,FL0257,2025-05-11,Bangkok,Toronto,Boeing 777,Delayed,12,Economy,Corporate,Visiting Friends/Relatives,Bronze,466.03,489.33,2.8,No
P01158,FL0258,2025-02-17,London,Doha,Boeing 787,On Time,0,Economy,Website,Leisure,Silver,412.37,412.37,4.0,No
P01159,FL0259,2025-10-12,Bangkok,Doha,Airbus A320,On Time,0,Economy,Mobile App,Business,Silver,274.88,274.88,4.8,No
P01160,FL0260,2025-06-18,New York,Sydney,Airbus A320,On Time,0,Economy,Mobile App,Leisure,Silver,288.33,288.33,3.4,Yes
P01161,FL0261,2025-05-28,Frankfurt,London,Airbus A380,On Time,0,Economy,Mobile App,Business,Silver,220.08,220.08,4.8,Yes
P01162,FL0262,2025-09-17,London,Tokyo,Airbus A350,On Time,0,Economy,Travel Agent,Visiting Friends/Relatives,Bronze,237.14,249.0,3.5,No
P01163,FL0263,2025-02-25,Paris,Dubai,Boeing 777,Delayed,5,Business,Corporate,Business,Bronze,1825.72,1825.72,3.0,No
P01164,FL0264,2025-05-23,Bangkok,Singapore,Airbus A380,On Time,0,Economy,Website,Visiting Friends/Relatives,Platinum,362.61,362.61,4.2,No
P01165,FL0265,2025-11-15,Frankfurt,Sydney,Airbus A380,On Time,0,Economy,Mobile App,Business,Gold,490.62,515.15,5,No
P01166,FL0266,2025-11-08,New York,London,Boeing 777,On Time,0,Economy,Travel Agent,Visiting Friends/Relatives,Silver,410.05,410.05,4.1,No
P01167,FL0267,2025-06-23,Mumbai,Paris,Boeing 777,On Time,0,Economy,Travel Agent,Visiting Friends/Relatives,Silver,258.61,258.61,3.6,No
P01168,FL0268,2025-12-03,Singapore,Tokyo,Boeing 787,On Time,0,Economy,Mobile App,Visiting Friends/Relatives,Bronze,430.16,451.67,5.0,No
P01169,FL0269,2025-09-29,Dubai,Singapore,Airbus A350,On Time,0,Business,Website,Leisure,Gold,1245.28,1245.28,3.5,No
P01170,FL0270,2025-03-22,Paris,Frankfurt,Boeing 777,On Time,0,Economy,Mobile App,Visiting Friends/Relatives,Platinum,289.51,289.51,4.7,No
P01171,FL0271,2025-11-02,Bangkok,Tokyo,Airbus A320,Delayed,29,Business,Website,Leisure,Gold,2145.33,2145.33,3.1,No
P01172,FL0272,2025-02-11,Dubai,Toronto,Boeing 777,On Time,0,Economy,Website,Business,Bronze,351.52,351.52,4.7,No
P01173,FL0273,2025-11-07,Frankfurt,New York,Boeing 787,On Time,0,Economy,Mobile App,Business,Platinum,395.8,395.8,4.2,No
P01174,FL0274,2025-02-28,Doha,Sydney,Boeing 777,On Time,0,Economy,Website,Visiting Friends/Relatives,Bronze,354.09,354.09,3.5,No
P01175,FL0275,2025-12-14,Mumbai,Toronto,Airbus A380,On Time,0,Economy,Travel Agent,Leisure,Bronze,195.47,195.47,4.0,No
P01176,FL0276,2025-04-23,Mumbai,London,Boeing 787,Cancelled,0,Premium Economy,Corporate,Leisure,Silver,1140.9,1197.95,2.8,No
P01177,FL0277,2025-04-15,Dubai,London,Boeing 777,Delayed,34,Business,Website,Business,Bronze,2248.6,2248.6,3.2,Yes
P01178,FL0278,2025-05-29,Singapore,Mumbai,Boeing 777,On Time,0,Business,Website,Business,Silver,1915.41,2011.18,4.5,No
P01179,FL0279,2025-03-31,Paris,Bangkok,Airbus A350,On Time,0,Economy,Website,Visiting Friends/Relatives,Gold,365.29,365.29,4.4,No
P01180,FL0280,2025-10-14,Doha,Sydney,Boeing 777,On Time,0,Economy,Travel Agent,Business,Bronze,257.43,257.43,4.4,No
P01181,FL0281,2025-01-10,Dubai,Bangkok,Boeing 787,Delayed,28,Economy,Mobile App,Leisure,Bronze,333.21,333.21,3.8,No
P01182,FL0282,2025-12-30,Sydney,Frankfurt,Boeing 787,On Time,0,Economy,Website,Leisure,Bronze,259.48,259.48,4.8,No
P01183,FL0283,2025-06-16,Frankfurt,London,Airbus A350,Delayed,6,Economy,Corporate,Leisure,Silver,496.3,496.3,3.9,Yes
P01184,FL0284,2025-12-20,Sydney,Bangkok,Boeing 777,On Time,0,Economy,Travel Agent,Leisure,Gold,115.81,115.81,4.0,Yes
P01185,FL0285,2025-08-12,London,Paris,Airbus A380,On Time,0,Economy,Website,Visiting Friends/Relatives,Silver,323.93,340.13,4.2,No
P01186,FL0286,2025-06-08,London,Bangkok,Boeing 777,On Time,0,Economy,Website,Business,Platinum,235.81,235.81,4.6,No
P01187,FL0287,2025-09-19,Singapore,Doha,Airbus A320,On Time,0,Economy,Mobile App,Leisure,Silver,296.88,311.72,4.1,No
P01188,FL0288,2025-06-29,Doha,Frankfurt,Airbus A350,On Time,0,Business,Website,Business,Bronze,1951.4,1951.4,5,No
P01189,FL0289,2025-04-12,Singapore,Mumbai,Airbus A350,On Time,0,Economy,Corporate,Visiting Friends/Relatives,Silver,392.72,392.72,4.1,No
P01190,FL0290,2025-11-18,London,Dubai,Boeing 787,On Time,0,Economy,Mobile App,Leisure,Bronze,302.45,302.45,4.0,No
P01191,FL0291,2025-08-18,Sydney,Tokyo,Airbus A380,On Time,0,Economy,Mobile App,Leisure,Gold,226.84,226.84,4.1,No
P01192,FL0292,2025-11-18,Sydney,Mumbai,Boeing 777,On Time,0,Economy,Mobile App,Visiting Friends/Relatives,Silver,310.47,310.47,3.6,No
P01193,FL0293,2025-08-15,London,New York,Boeing 777,Delayed,8,Business,Website,Visiting Friends/Relatives,Bronze,3019.26,3170.22,4.1,No
P01194,FL0294,2025-08-25,London,Mumbai,Boeing 787,On Time,0,Economy,Mobile App,Visiting Friends/Relatives,Platinum,267.12,267.12,4.0,No
P01195,FL0295,2025-02-09,Bangkok,Paris,Airbus A320,On Time,0,Economy,Website,Business,Gold,263.9,263.9,5,No
P01196,FL0296,2025-08-25,New York,Frankfurt,Airbus A380,On Time,0,Premium Economy,Website,Leisure,Platinum,612.51,612.51,3.5,No
P01197,FL0297,2025-10-20,Dubai,New York,Airbus A350,On Time,0,Economy,Website,Business,Bronze,222.21,233.32,4.7,No
P01198,FL0298,2025-03-19,Paris,Sydney,Airbus A320,On Time,0,Business,Travel Agent,Visiting Friends/Relatives,Silver,1822.31,1822.31,3.6,No
P01199,FL0299,2025-09-16,Bangkok,Singapore,Airbus A350,On Time,0,Business,Travel Agent,Visiting Friends/Relatives,Bronze,1024.72,1075.96,3.3,No
P01200,FL0300,2025-09-26,Paris,New York,Airbus A380,On Time,0,Economy,Mobile App,Leisure,Gold,422.33,422.33,3.9,No
P01201,FL0301,2025-05-25,Bangkok,Mumbai,Boeing 787,On Time,0,Economy,Mobile App,Business,Gold,414.88,435.62,4.4,No
P01202,FL0302,2025-11-03,Bangkok,Toronto,Airbus A320,Delayed,11,Economy,Travel Agent,Business,Bronze,233.41,233.41,4.6,No
P01203,FL0303,2025-06-18,Bangkok,Singapore,Airbus A320,On Time,0,Economy,Travel Agent,Business,Silver,385.23,385.23,4.1,No
P01204,FL0304,2025-05-10,Frankfurt,Paris,Airbus A380,Delayed,10,Economy,Travel Agent,Business,Platinum,377.68,396.56,4.1,No
P01205,FL0305,2025-06-08,Singapore,Frankfurt,Boeing 787,On Time,0,Economy,Mobile App,Business,Bronze,401.54,401.54,3.9,Yes
P01206,FL0306,2025-10-14,London,Mumbai,Boeing 787,On Time,0,Economy,Travel Agent,Business,Silver,185.56,185.56,4.6,No
P01207,FL0307,2025-12-10,Bangkok,Doha,Airbus A380,On Time,0,Business,Website,Leisure,Bronze,1919.4,1919.4,3.9,No
P01208,FL0308,2025-07-05,Frankfurt,Sydney,Airbus A320,On Time,0,Economy,Travel Agent,Leisure,Bronze,345.93,345.93,4.1,No
P01209,FL0309,2025-06-24,Singapore,Paris,Boeing 787,On Time,0,Economy,Corporate,Leisure,Gold,562.75,590.89,3.7,No
P01210,FL0310,2025-02-09,Singapore,Dubai,Boeing 777,Delayed,31,Premium Economy,Mobile App,Visiting Friends/Relatives,Silver,1083.06,1083.06,3.7,No
P01211,FL0311,2025-10-04,London,Sydney,Airbus A380,On Time,0,Premium Economy,Website,Leisure,Platinum,521.58,521.58,3.8,No
P01212,FL0312,2025-03-09,Bangkok,Tokyo,Airbus A380,On Time,0,Economy,Mobile App,Business,Bronze,446.73,469.07,4.0,No
P01213,FL0313,2025-12-21,Singapore,Dubai,Airbus A380,Delayed,24,Economy,Corporate,Visiting Friends/Relatives,Bronze,297.21,312.07,3.6,No
P01214,FL0314,2025-12-13,Frankfurt,Mumbai,Airbus A350,Delayed,29,Economy,Mobile App,Visiting Friends/Relatives,Bronze,819.1,860.06,3.9,No
P01215,FL0315,2025-08-18,Sydney,Paris,Airbus A350,On Time,0,Economy,Website,Leisure,Bronze,364.64,364.64,4.5,Yes
P01216,FL0316,2025-04-10,Mumbai,New York,Boeing 777,On Time,0,Business,Mobile App,Business,Bronze,1718.68,1718.68,4.3,No
P01217,FL0317,2025-08-25,Sydney,Bangkok,Boeing 777,On Time,0,Premium Economy,Mobile App,Business,Bronze,679.77,679.77,4.6,No
P01218,FL0318,2025-08-03,New York,Sydney,Airbus A350,Delayed,20,First,Website,Leisure,Platinum,5379.75,5379.75,3.4,No
P01219,FL0319,2025-11-25,Mumbai,London,Boeing 787,Delayed,11,Business,Travel Agent,Leisure,Bronze,1772.25,1860.86,3.3,No
P01220,FL0320,2025-12-31,New York,Singapore,Airbus A380,Delayed,13,Business,Website,Leisure,Silver,1565.67,1565.67,1.9,No
P01221,FL0321,2025-09-20,Mumbai,New York,Airbus A350,Delayed,37,Premium Economy,Mobile App,Business,Silver,791.29,830.85,3.2,No
P01222,FL0322,2025-08-19,London,Paris,Boeing 777,Delayed,7,Economy,Mobile App,Business,Gold,421.49,442.56,2.7,Yes
P01223,FL0323,2025-07-17,Bangkok,Dubai,Airbus A320,On Time,0,Economy,Corporate,Business,Gold,211.54,211.54,4.1,No
P01224,FL0324,2025-02-20,Dubai,Frankfurt,Boeing 777,Delayed,24,Economy,Travel Agent,Business,Silver,225.39,236.66,4.4,No
P01225,FL0325,2025-05-27,Singapore,London,Boeing 787,On Time,0,Business,Mobile App,Business,Gold,1204.69,1264.92,3.9,No
P01226,FL0326,2025-08-18,Singapore,New York,Airbus A380,On Time,0,Economy,Travel Agent,Business,Platinum,228.28,228.28,4.5,Yes
P01227,FL0327,2025-05-12,London,Singapore,Airbus A350,Delayed,1,Economy,Travel Agent,Visiting Friends/Relatives,Platinum,443.62,465.8,2.6,No
P01228,FL0328,2025-02-26,New York,Frankfurt,Boeing 777,On Time,0,Premium Economy,Mobile App,Business,Silver,752.68,752.68,4.7,No
P01229,FL0329,2025-05-03,London,Singapore,Boeing 787,On Time,0,Economy,Website,Leisure,Gold,333.22,333.22,3.6,No
P01230,FL0330,2025-02-02,Sydney,Bangkok,Airbus A320,Delayed,12,Economy,Corporate,Business,Silver,332.47,349.09,4.0,No
P01231,FL0331,2025-10-02,Paris,Tokyo,Airbus A320,On Time,0,Economy,Mobile App,Visiting Friends/Relatives,Silver,189.26,198.72,5,No
P01232,FL0332,2025-03-15,Sydney,Dubai,Boeing 777,On Time,0,Business,Mobile App,Leisure,Gold,1918.16,2014.07,4.2,No
P01233,FL0333,2025-05-04,Sydney,Mumbai,Airbus A380,On Time,0,Premium Economy,Mobile App,Visiting Friends/Relatives,Silver,565.97,594.27,3.9,No
P01234,FL0334,2025-07-04,London,Sydney,Airbus A320,Delayed,1,Economy,Website,Visiting Friends/Relatives,Gold,430.41,451.93,3.1,No
P01235,FL0335,2025-01-11,New York,Sydney,Boeing 787,Delayed,12,Economy,Website,Leisure,Gold,403.97,403.97,4.2,No
P01236,FL0336,2025-07-18,Dubai,Toronto,Boeing 777,On Time,0,Economy,Mobile App,Business,Bronze,338.41,338.41,4.6,No
P01237,FL0337,2025-02-04,Dubai,Frankfurt,Boeing 777,On Time,0,Economy,Travel Agent,Business,Gold,336.4,353.22,3.6,No
P01238,FL0338,2025-06-20,London,Tokyo,Airbus A350,On Time,0,Premium Economy,Travel Agent,Leisure,Bronze,620.31,620.31,3.8,No
P01239,FL0339,2025-11-26,New York,Mumbai,Airbus A350,Delayed,4,Economy,Website,Visiting Friends/Relatives,Silver,454.06,454.06,2.5,No
P01240,FL0340,2025-04-04,Paris,Toronto,Airbus A350,On Time,0,Economy,Travel Agent,Visiting Friends/Relatives,Silver,377.54,377.54,4.5,No
P01241,FL0341,2025-05-31,Paris,London,Airbus A350,On Time,0,Economy,Website,Visiting Friends/Relatives,Platinum,370.16,388.67,5,No
P01242,FL0342,2025-06-11,Doha,London,Boeing 777,On Time,0,Business,Travel Agent,Business,Silver,2163.63,2163.63,4.3,No
P01243,FL0343,2025-05-10,New York,Bangkok,Airbus A320,On Time,0,Business,Travel Agent,Visiting Friends/Relatives,Bronze,2955.2,2955.2,4.6,No
P01244,FL0344,2025-07-02,Doha,Mumbai,Airbus A320,Delayed,1,Economy,Website,Leisure,Bronze,373.36,373.36,3.8,No
P01245,FL0345,2025-03-05,Bangkok,Paris,Boeing 777,On Time,0,Economy,Travel Agent,Leisure,Gold,271.4,271.4,4.7,No
P01246,FL0346,2025-07-17,Frankfurt,New York,Boeing 777,Cancelled,0,Economy,Mobile App,Business,Bronze,414.89,414.89,4.1,No
P01247,FL0347,2025-07-08,Paris,New York,Airbus A380,On Time,0,Economy,Corporate,Visiting Friends/Relatives,Silver,226.51,237.84,4.6,No
P01248,FL0348,2025-02-10,London,Bangkok,Boeing 787,On Time,0,Economy,Travel Agent,Business,Silver,315.6,315.6,4.3,No
P01249,FL0349,2025-05-31,Singapore,Sydney,Boeing 777,On Time,0,Business,Travel Agent,Visiting Friends/Relatives,Platinum,1649.97,1649.97,4.2,No
P01250,FL0350,2025-06-01,Bangkok,Toronto,Boeing 777,On Time,0,Economy,Travel Agent,Leisure,Silver,233.76,245.45,4.4,No
P01251,FL0351,2025-12-20,Frankfurt,Doha,Boeing 787,On Time,0,Economy,Travel Agent,Leisure,Silver,428.12,428.12,3.7,No
P01252,FL0352,2025-11-11,Dubai,Frankfurt,Boeing 787,On Time,0,Economy,Travel Agent,Business,Bronze,402.93,402.93,4.0,No
P01253,FL0353,2025-12-10,Dubai,Singapore,Boeing 787,On Time,0,Economy,Website,Business,Silver,403.11,403.11,5.0,No
P01254,FL0354,2025-03-15,Singapore,London,Airbus A380,On Time,0,Economy,Mobile App,Business,Bronze,243.34,243.34,4.3,No
P01255,FL0355,2025-03-06,Paris,London,Airbus A320,On Time,0,Economy,Mobile App,Visiting Friends/Relatives,Bronze,458.54,458.54,4.3,No
P01256,FL0356,2025-07-16,Bangkok,Mumbai,Airbus A380,On Time,0,Economy,Corporate,Visiting Friends/Relatives,Gold,319.57,319.57,3.2,No
P01257,FL0357,2025-08-19,Singapore,Toronto,Boeing 777,On Time,0,Economy,Website,Leisure,Platinum,220.11,220.11,4.8,No
P01258,FL0358,2025-03-12,London,Tokyo,Airbus A380,On Time,0,Economy,Mobile App,Business,Bronze,382.1,382.1,4.2,No
P01259,FL0359,2025-05-23,Bangkok,Toronto,Airbus A350,Delayed,25,Economy,Travel Agent,Business,Silver,376.34,376.34,3.3,No
P01260,FL0360,2025-10-15,New York,Frankfurt,Airbus A320,On Time,0,Economy,Mobile App,Leisure,Gold,317.99,333.89,3.9,No
P01261,FL0361,2025-04-20,Mumbai,New York,Airbus A380,On Time,0,Economy,Mobile App,Leisure,Silver,315.52,315.52,4.8,No
P01262,FL0362,2025-03-04,Paris,Dubai,Airbus A350,Delayed,19,Business,Mobile App,Leisure,Gold,2466.07,2466.07,2.7,No
P01263,FL0363,2025-08-16,Paris,Doha,Airbus A320,Delayed,52,Economy,Website,Business,Silver,600.38,600.38,3.6,No
P01264,FL0364,2025-10-09,Bangkok,Singapore,Airbus A380,On Time,0,Economy,Website,Business,Bronze,531.71,531.71,5,No
P01265,FL0365,2025-12-31,Mumbai,Doha,Airbus A350,Delayed,10,Premium Economy,Mobile App,Visiting Friends/Relatives,Platinum,538.38,538.38,3.3,No
P01266,FL0366,2025-03-04,New York,Dubai,Airbus A350,Delayed,19,Business,Corporate,Visiting Friends/Relatives,Silver,1343.2,1343.2,3.7,No
P01267,FL0367,2025-10-21,Bangkok,Sydney,Boeing 777,On Time,0,Business,Mobile App,Business,Bronze,1851.82,1851.82,4.6,No
P01268,FL0368,2025-11-10,New York,Doha,Airbus A320,On Time,0,Business,Travel Agent,Leisure,Silver,2277.33,2391.2,3.9,No
P01269,FL0369,2025-09-27,Frankfurt,New York,Boeing 787,On Time,0,Premium Economy,Mobile App,Leisure,Bronze,677.84,677.84,5,No
P01270,FL0370,2025-03-06,Sydney,Singapore,Boeing 777,On Time,0,Economy,Corporate,Visiting Friends/Relatives,Silver,309.21,309.21,4.3,No
P01271,FL0371,2025-12-15,Paris,New York,Airbus A380,On Time,0,Economy,Corporate,Visiting Friends/Relatives,Silver,553.12,553.12,5,No
P01272,FL0372,2025-10-28,New York,Toronto,Airbus A350,On Time,0,Economy,Travel Agent,Leisure,Platinum,251.55,251.55,3.9,No
P01273,FL0373,2025-09-15,Singapore,Bangkok,Airbus A320,Delayed,31,Business,Mobile App,Business,Bronze,2127.58,2233.96,3.5,No
P01274,FL0374,2025-06-05,New York,Doha,Airbus A350,On Time,0,Business,Website,Business,Bronze,2039.84,2039.84,3.9,No
P01275,FL0375,2025-09-23,Doha,Frankfurt,Boeing 777,Delayed,17,Economy,Corporate,Business,Bronze,333.0,333.0,3.2,No
P01276,FL0376,2025-03-06,New York,Paris,Boeing 777,On Time,0,Economy,Mobile App,Leisure,Silver,465.7,465.7,4.4,No
P01277,FL0377,2025-11-25,London,Sydney,Airbus A350,On Time,0,Economy,Mobile App,Visiting Friends/Relatives,Platinum,321.86,321.86,3.4,No
P01278,FL0378,2025-03-29,Sydney,Doha,Airbus A380,On Time,0,Economy,Website,Business,Bronze,336.24,336.24,4.4,No
P01279,FL0379,2025-10-16,Sydney,Mumbai,Airbus A320,Delayed,35,Business,Travel Agent,Visiting Friends/Relatives,Bronze,1511.68,1511.68,3.8,No
P01280,FL0380,2025-01-24,Dubai,Singapore,Airbus A380,On Time,0,Economy,Travel Agent,Business,Bronze,300.47,300.47,5.0,No
P01281,FL0381,2025-08-02,Doha,Tokyo,Airbus A380,On Time,0,Premium Economy,Website,Visiting Friends/Relatives,Bronze,462.79,462.79,4.4,No
P01282,FL0382,2025-10-07,Paris,Toronto,Boeing 777,On Time,0,Economy,Website,Leisure,Gold,397.18,397.18,4.3,No
P01283,FL0383,2025-05-06,Mumbai,New York,Boeing 787,On Time,0,Economy,Mobile App,Business,Platinum,335.18,335.18,4.0,No
P01284,FL0384,2025-03-22,London,Singapore,Boeing 787,On Time,0,Economy,Corporate,Leisure,Gold,344.61,344.61,4.6,No
P01285,FL0385,2025-06-24,Paris,Dubai,Airbus A380,On Time,0,Economy,Website,Business,Gold,336.58,353.41,3.6,No
P01286,FL0386,2025-07-24,Bangkok,Mumbai,Airbus A350,On Time,0,Economy,Website,Business,Bronze,337.03,353.88,3.8,No
P01287,FL0387,2025-02-24,New York,Sydney,Boeing 777,On Time,0,Business,Website,Leisure,Platinum,1485.21,1559.47,5,No
P01288,FL0388,2025-08-19,London,Mumbai,Airbus A350,On Time,0,Economy,Mobile App,Business,Gold,332.48,332.48,4.1,No
P01289,FL0389,2025-07-16,Dubai,Mumbai,Airbus A380,On Time,0,Economy,Website,Business,Silver,275.57,275.57,4.1,No
P01290,FL0390,2025-10-23,Singapore,Frankfurt,Boeing 777,On Time,0,Business,Website,Business,Bronze,2964.57,2964.57,4.4,Yes
P01291,FL0391,2025-09-21,Singapore,New York,Boeing 787,On Time,0,Economy,Mobile App,Leisure,Silver,365.75,384.04,5,No
P01292,FL0392,2025-01-12,Mumbai,New York,Airbus A320,Delayed,1,Economy,Travel Agent,Leisure,Bronze,392.85,392.85,3.3,No
P01293,FL0393,2025-06-30,Doha,Tokyo,Airbus A320,On Time,0,Business,Travel Agent,Business,Silver,1767.14,1767.14,4.4,No
P01294,FL0394,2025-12-01,Paris,Tokyo,Boeing 787,On Time,0,Economy,Website,Leisure,Platinum,438.46,438.46,3.8,No
P01295,FL0395,2025-08-09,Dubai,Singapore,Airbus A350,Delayed,16,Economy,Mobile App,Business,Silver,334.11,334.11,3.8,No
P01296,FL0396,2025-07-07,Bangkok,Frankfurt,Airbus A320,On Time,0,Economy,Website,Business,Silver,295.27,295.27,4.3,No
P01297,FL0397,2025-04-10,Sydney,New York,Boeing 777,On Time,0,Economy,Website,Business,Gold,491.53,491.53,4.4,No
P01298,FL0398,2025-09-16,London,Bangkok,Boeing 787,On Time,0,Economy,Website,Leisure,Silver,305.04,305.04,3.4,No
P01299,FL0399,2025-12-15,Mumbai,Tokyo,Airbus A380,On Time,0,Economy,Travel Agent,Business,Silver,206.18,206.18,4.5,No
P01300,FL0400,2025-07-11,London,Bangkok,Boeing 777,On Time,0,Economy,Mobile App,Business,Bronze,259.42,272.39,4.0,No
P01301,FL0401,2025-04-12,Bangkok,Doha,Airbus A380,On Time,0,Economy,Website,Leisure,Silver,316.05,316.05,4.4,No
P01302,FL0402,2025-01-24,New York,London,Airbus A320,On Time,0,Economy,Travel Agent,Business,Bronze,229.35,240.82,4.1,No
P01303,FL0403,2025-09-23,Bangkok,New York,Boeing 787,On Time,0,Economy,Website,Leisure,Silver,426.66,426.66,4.0,No
P01304,FL0404,2025-06-17,New York,Doha,Airbus A380,On Time,0,Economy,Travel Agent,Leisure,Silver,356.0,356.0,3.8,No
P01305,FL0405,2025-06-03,Frankfurt,Tokyo,Airbus A380,On Time,0,Economy,Website,Visiting Friends/Relatives,Silver,277.65,291.53,3.7,No
P01306,FL0406,2025-09-08,New York,Sydney,Airbus A380,On Time,0,Economy,Mobile App,Business,Silver,365.77,384.06,4.5,No
P01307,FL0407,2025-06-19,Dubai,Frankfurt,Airbus A320,Cancelled,0,Economy,Mobile App,Visiting Friends/Relatives,Bronze,624.37,655.59,2.7,No
P01308,FL0408,2025-12-19,Sydney,Paris,Airbus A320,On Time,0,Economy,Travel Agent,Visiting Friends/Relatives,Bronze,253.05,253.05,4.8,No
P01309,FL0409,2025-10-24,Mumbai,Toronto,Airbus A380,On Time,0,First,Travel Agent,Visiting Friends/Relatives,Silver,3369.34,3369.34,4.2,No
P01310,FL0410,2025-09-03,Dubai,Tokyo,Airbus A350,On Time,0,Economy,Corporate,Visiting Friends/Relatives,Bronze,518.63,518.63,3.7,No
P01311,FL0411,2025-03-17,Sydney,Frankfurt,Airbus A350,On Time,0,Economy,Website,Business,Platinum,456.61,479.44,3.7,No
P01312,FL0412,2025-01-10,London,Paris,Boeing 787,On Time,0,Economy,Corporate,Business,Gold,443.08,443.08,4.8,No
P01313,FL0413,2025-12-20,Singapore,Bangkok,Airbus A350,On Time,0,First,Mobile App,Leisure,Silver,3765.56,3765.56,4.0,No
P01314,FL0414,2025-02-01,Sydney,Bangkok,Airbus A350,On Time,0,Economy,Mobile App,Leisure,Silver,130.34,130.34,4.4,No
P01315,FL0415,2025-12-06,New York,Mumbai,Boeing 787,On Time,0,Economy,Mobile App,Visiting Friends/Relatives,Bronze,300.5,315.53,4.3,No
P01316,FL0416,2025-08-24,Bangkok,Doha,Airbus A380,On Time,0,Economy,Website,Visiting Friends/Relatives,Silver,319.73,319.73,4.4,No
P01317,FL0417,2025-12-15,Bangkok,Toronto,Boeing 777,On Time,0,Economy,Website,Visiting Friends/Relatives,Bronze,526.68,526.68,3.5,No
P01318,FL0418,2025-05-23,Doha,Paris,Airbus A380,On Time,0,Economy,Mobile App,Visiting Friends/Relatives,Silver,622.1,653.21,4.7,No
P01319,FL0419,2025-12-27,Mumbai,Paris,Airbus A350,On Time,0,Economy,Mobile App,Leisure,Bronze,333.7,350.38,4.6,No
P01320,FL0420,2025-09-03,Paris,Frankfurt,Boeing 777,On Time,0,Economy,Travel Agent,Leisure,Gold,347.65,347.65,5,No
P01321,FL0421,2025-03-04,Mumbai,Paris,Airbus A380,On Time,0,Economy,Website,Leisure,Bronze,305.54,305.54,3.4,No
P01322,FL0422,2025-06-26,Frankfurt,Bangkok,Airbus A350,On Time,0,Economy,Corporate,Visiting Friends/Relatives,Bronze,239.65,251.63,4.1,No
P01323,FL0423,2025-06-27,Mumbai,Singapore,Boeing 787,On Time,0,Economy,Website,Leisure,Silver,273.19,273.19,4.9,No
P01324,FL0424,2025-04-14,Paris,Dubai,Airbus A380,On Time,0,Economy,Website,Business,Bronze,300.74,315.78,5,No
P01325,FL0425,2025-03-12,New York,Paris,Airbus A320,On Time,0,Economy,Mobile App,Visiting Friends/Relatives,Gold,500.85,500.85,4.4,No
P01326,FL0426,2025-05-05,Sydney,Dubai,Airbus A320,On Time,0,Business,Website,Leisure,Platinum,1416.7,1416.7,4.5,No
P01327,FL0427,2025-11-23,New York,Dubai,Airbus A350,On Time,0,Premium Economy,Website,Visiting Friends/Relatives,Bronze,570.47,598.99,5,No
P01328,FL0428,2025-08-30,Frankfurt,Mumbai,Airbus A320,On Time,0,Premium Economy,Website,Visiting Friends/Relatives,Silver,583.82,583.82,4.2,No
P01329,FL0429,2025-10-09,Singapore,London,Airbus A350,On Time,0,Economy,Website,Visiting Friends/Relatives,Platinum,304.33,319.55,5,No
P01330,FL0430,2025-11-30,Paris,New York,Airbus A350,On Time,0,Economy,Mobile App,Leisure,Gold,355.93,355.93,2.9,No
P01331,FL0431,2025-05-27,Mumbai,Frankfurt,Airbus A320,Delayed,31,Economy,Mobile App,Leisure,Gold,242.59,242.59,3.3,No
P01332,FL0432,2025-03-31,New York,London,Boeing 787,Delayed,26,Economy,Mobile App,Visiting Friends/Relatives,Gold,513.56,513.56,3.4,No
P01333,FL0433,2025-07-23,Singapore,London,Boeing 787,On Time,0,Economy,Website,Visiting Friends/Relatives,Platinum,237.46,237.46,3.6,No
P01334,FL0434,2025-01-05,Mumbai,London,Boeing 777,On Time,0,Economy,Website,Visiting Friends/Relatives,Platinum,339.14,356.1,4.7,No
P01335,FL0435,2025-05-26,London,Frankfurt,Boeing 787,Cancelled,0,Economy,Travel Agent,Visiting Friends/Relatives,Gold,279.03,279.03,2.7,No
P01336,FL0436,2025-09-10,New York,Sydney,Airbus A350,Delayed,10,Economy,Website,Visiting Friends/Relatives,Bronze,304.29,304.29,4.2,No
P01337,FL0437,2025-03-25,London,Frankfurt,Boeing 787,On Time,0,Economy,Mobile App,Leisure,Gold,364.3,364.3,4.7,No
P01338,FL0438,2025-06-22,Singapore,London,Boeing 777,On Time,0,Economy,Mobile App,Visiting Friends/Relatives,Platinum,272.91,286.56,4.1,No
P01339,FL0439,2025-11-09,Doha,Dubai,Boeing 787,Delayed,19,Economy,Website,Leisure,Bronze,276.14,276.14,3.2,No
P01340,FL0440,2025-02-14,New York,Mumbai,Boeing 787,On Time,0,Economy,Corporate,Leisure,Bronze,301.64,301.64,3.4,No
P01341,FL0441,2025-09-02,Singapore,Dubai,Boeing 777,Delayed,29,Economy,Website,Leisure,Gold,350.4,350.4,3.2,No
P01342,FL0442,2025-06-18,Paris,Mumbai,Boeing 777,On Time,0,Economy,Website,Visiting Friends/Relatives,Bronze,197.24,207.1,4.0,No
P01343,FL0443,2025-05-14,Sydney,London,Boeing 777,On Time,0,Economy,Website,Business,Bronze,353.75,353.75,4.6,No
P01344,FL0444,2025-03-02,Dubai,Toronto,Boeing 787,On Time,0,Business,Mobile App,Business,Bronze,1345.85,1413.14,4.1,No
P01345,FL0445,2025-09-15,Frankfurt,Toronto,Boeing 777,On Time,0,Economy,Travel Agent,Visiting Friends/Relatives,Platinum,357.79,357.79,4.5,No
P01346,FL0446,2025-11-11,Mumbai,Frankfurt,Airbus A350,On Time,0,Business,Travel Agent,Business,Silver,1836.09,1927.89,3.6,No
P01347,FL0447,2025-03-20,Singapore,New York,Boeing 787,On Time,0,Economy,Mobile App,Leisure,Platinum,468.74,468.74,4.3,No
P01348,FL0448,2025-08-01,Sydney,Mumbai,Airbus A380,Delayed,18,Economy,Website,Business,Platinum,279.28,293.24,4.4,No
P01349,FL0449,2025-04-22,New York,Toronto,Airbus A350,On Time,0,Business,Travel Agent,Visiting Friends/Relatives,Bronze,2383.43,2502.6,4.7,No
P01350,FL0450,2025-09-27,Sydney,Singapore,Boeing 787,On Time,0,Economy,Website,Leisure,Silver,310.95,310.95,4.0,No
P01351,FL0451,2025-10-16,Bangkok,Singapore,Airbus A320,On Time,0,Economy,Website,Leisure,Silver,264.6,264.6,4.6,No
P01352,FL0452,2025-04-14,New York,Sydney,Airbus A380,On Time,0,Economy,Website,Business,Bronze,276.06,289.86,4.1,No
P01353,FL0453,2025-09-24,Singapore,Frankfurt,Boeing 787,On Time,0,Economy,Travel Agent,Visiting Friends/Relatives,Gold,385.07,404.32,4.5,No
P01354,FL0454,2025-09-08,Doha,Tokyo,Airbus A320,Delayed,14,Economy,Website,Visiting Friends/Relatives,Silver,440.76,440.76,3.7,No
P01355,FL0455,2025-08-01,Singapore,Sydney,Boeing 787,On Time,0,Economy,Website,Leisure,Gold,452.51,452.51,4.7,Yes
P01356,FL0456,2025-12-11,New York,Bangkok,Boeing 777,On Time,0,Economy,Website,Business,Gold,395.02,395.02,5.0,No
P01357,FL0457,2025-01-02,Frankfurt,Paris,Airbus A350,On Time,0,Business,Travel Agent,Visiting Friends/Relatives,Bronze,1620.02,1620.02,4.4,No
P01358,FL0458,2025-06-26,Dubai,Bangkok,Airbus A320,On Time,0,Economy,Website,Leisure,Bronze,379.75,398.74,3.6,No
P01359,FL0459,2025-08-30,Dubai,Singapore,Airbus A320,On Time,0,Economy,Mobile App,Leisure,Gold,262.0,262.0,4.2,No
P01360,FL0460,2025-11-25,Singapore,Dubai,Boeing 787,On Time,0,Economy,Mobile App,Visiting Friends/Relatives,Gold,286.5,286.5,5,No
P01361,FL0461,2025-07-13,Frankfurt,New York,Boeing 787,On Time,0,Economy,Mobile App,Visiting Friends/Relatives,Gold,234.26,234.26,4.3,No
P01362,FL0462,2025-12-01,New York,Doha,Boeing 777,On Time,0,Economy,Travel Agent,Business,Silver,439.15,439.15,4.7,No
P01363,FL0463,2025-09-28,New York,Frankfurt,Airbus A350,On Time,0,Business,Travel Agent,Business,Bronze,2022.46,2022.46,4.2,No
P01364,FL0464,2025-01-12,Doha,London,Boeing 777,On Time,0,Economy,Mobile App,Business,Silver,267.32,267.32,4.6,No
P01365,FL0465,2025-09-30,New York,Frankfurt,Boeing 787,Delayed,19,Business,Corporate,Business,Bronze,1490.06,1564.56,3.0,No
P01366,FL0466,2025-06-27,Doha,New York,Airbus A350,On Time,0,Premium Economy,Website,Business,Bronze,691.59,691.59,4.1,No
P01367,FL0467,2025-12-05,London,Singapore,Boeing 787,On Time,0,Economy,Mobile App,Business,Bronze,290.48,290.48,3.6,No
P01368,FL0468,2025-04-16,Dubai,Paris,Airbus A320,On Time,0,Economy,Website,Leisure,Silver,368.46,386.88,4.2,No
P01369,FL0469,2025-11-03,Dubai,New York,Airbus A320,On Time,0,Economy,Corporate,Visiting Friends/Relatives,Silver,418.71,418.71,4.0,No
P01370,FL0470,2025-08-13,Dubai,Bangkok,Airbus A350,On Time,0,Business,Website,Visiting Friends/Relatives,Gold,2176.56,2176.56,4.4,No
P01371,FL0471,2025-09-15,Dubai,Doha,Boeing 777,On Time,0,Economy,Mobile App,Business,Platinum,495.65,520.43,4.7,No
P01372,FL0472,2025-10-23,Sydney,Mumbai,Airbus A380,On Time,0,Premium Economy,Mobile App,Visiting Friends/Relatives,Silver,658.31,658.31,4.4,No
P01373,FL0473,2025-06-04,Bangkok,Dubai,Airbus A350,Cancelled,0,Economy,Travel Agent,Business,Bronze,440.89,440.89,2.7,No
P01374,FL0474,2025-07-31,New York,Dubai,Boeing 777,On Time,0,First,Mobile App,Business,Silver,3648.82,3648.82,4.3,No
P01375,FL0475,2025-03-31,New York,Tokyo,Boeing 787,On Time,0,Economy,Mobile App,Visiting Friends/Relatives,Silver,304.89,304.89,3.6,No
P01376,FL0476,2025-11-26,Dubai,Frankfurt,Boeing 787,Delayed,12,Economy,Mobile App,Visiting Friends/Relatives,Silver,406.32,406.32,3.0,No
P01377,FL0477,2025-07-12,Singapore,Mumbai,Airbus A350,On Time,0,Premium Economy,Travel Agent,Leisure,Silver,789.81,789.81,4.1,No
P01378,FL0478,2025-04-26,Paris,Dubai,Boeing 777,Delayed,29,Economy,Website,Business,Bronze,469.61,493.09,4.4,No
P01379,FL0479,2025-01-30,Singapore,New York,Airbus A380,On Time,0,Business,Corporate,Leisure,Silver,1146.68,1146.68,4.4,No
P01380,FL0480,2025-09-29,Frankfurt,Sydney,Airbus A350,On Time,0,Economy,Mobile App,Business,Silver,297.37,297.37,4.4,No
P01381,FL0481,2025-06-19,Mumbai,Dubai,Airbus A320,Delayed,21,Economy,Travel Agent,Business,Silver,351.98,351.98,3.1,No
P01382,FL0482,2025-05-18,Doha,London,Boeing 787,On Time,0,Economy,Mobile App,Business,Silver,457.98,457.98,5.0,No
P01383,FL0483,2025-02-07,Sydney,London,Airbus A350,Delayed,13,Economy,Travel Agent,Visiting Friends/Relatives,Silver,440.53,440.53,4.1,No
P01384,FL0484,2025-10-14,Sydney,Toronto,Airbus A350,On Time,0,Economy,Mobile App,Leisure,Gold,372.35,372.35,4.8,No
P01385,FL0485,2025-01-08,Bangkok,Paris,Airbus A350,Delayed,23,Economy,Mobile App,Leisure,Bronze,373.16,373.16,4.1,Yes
P01386,FL0486,2025-12-23,Paris,Dubai,Airbus A380,On Time,0,Economy,Travel Agent,Business,Silver,347.11,347.11,3.1,No
P01387,FL0487,2025-10-10,Frankfurt,Dubai,Boeing 777,On Time,0,Business,Mobile App,Business,Bronze,3021.9,3021.9,5.0,No
P01388,FL0488,2025-10-01,Frankfurt,New York,Boeing 777,On Time,0,Premium Economy,Website,Leisure,Bronze,686.54,686.54,4.2,No
P01389,FL0489,2025-09-12,Bangkok,Sydney,Boeing 787,On Time,0,Economy,Mobile App,Visiting Friends/Relatives,Bronze,421.38,421.38,3.9,Yes
P01390,FL0490,2025-04-15,Paris,Frankfurt,Boeing 777,On Time,0,Economy,Travel Agent,Business,Gold,292.41,292.41,4.0,No
P01391,FL0491,2025-04-24,Dubai,Tokyo,Airbus A350,On Time,0,Business,Mobile App,Leisure,Silver,1876.68,1876.68,4.8,No
P01392,FL0492,2025-10-24,New York,Tokyo,Boeing 787,On Time,0,Economy,Website,Visiting Friends/Relatives,Bronze,294.66,294.66,4.8,No
P01393,FL0493,2025-04-28,Doha,Frankfurt,Boeing 787,On Time,0,Business,Mobile App,Visiting Friends/Relatives,Silver,1207.94,1268.34,3.7,No
P01394,FL0494,2025-10-09,Doha,New York,Boeing 777,On Time,0,Economy,Travel Agent,Visiting Friends/Relatives,Gold,252.16,264.77,4.3,No
P01395,FL0495,2025-09-09,Paris,Toronto,Boeing 787,On Time,0,Economy,Travel Agent,Visiting Friends/Relatives,Bronze,300.27,300.27,3.7,Yes
P01396,FL0496,2025-03-13,Bangkok,Doha,Airbus A380,On Time,0,Economy,Website,Visiting Friends/Relatives,Bronze,365.16,365.16,5,No
P01397,FL0497,2025-01-31,New York,Toronto,Airbus A380,On Time,0,Business,Mobile App,Business,Silver,2276.33,2276.33,4.7,No
P01398,FL0498,2025-01-25,London,Toronto,Airbus A320,On Time,0,Economy,Travel Agent,Leisure,Gold,217.08,217.08,3.9,No
P01399,FL0499,2025-12-29,Doha,Singapore,Airbus A350,On Time,0,Economy,Corporate,Leisure,Gold,644.91,644.91,4.0,No
P01400,FL0500,2025-07-11,New York,Bangkok,Airbus A320,On Time,0,Economy,Corporate,Leisure,Bronze,424.6,424.6,3.8,No
P01401,FL0501,2025-12-04,Sydney,Bangkok,Boeing 787,On Time,0,Economy,Website,Leisure,Silver,308.41,308.41,4.1,No
P01402,FL0502,2025-07-30,New York,Sydney,Airbus A320,On Time,0,Business,Website,Business,Silver,1648.34,1648.34,4.2,No
P01403,FL0503,2025-05-27,Mumbai,Sydney,Airbus A320,On Time,0,Economy,Mobile App,Leisure,Gold,226.85,226.85,3.4,Yes
P01404,FL0504,2025-02-24,Frankfurt,Doha,Airbus A320,On Time,0,Economy,Mobile App,Business,Bronze,377.7,377.7,3.8,No
P01405,FL0505,2025-11-14,Doha,Paris,Airbus A380,On Time,0,First,Website,Visiting Friends/Relatives,Gold,4632.51,4632.51,5,No
P01406,FL0506,2025-07-23,Bangkok,Paris,Airbus A320,On Time,0,Economy,Corporate,Business,Gold,354.02,354.02,4.5,No
P01407,FL0507,2025-10-17,Frankfurt,New York,Airbus A350,Cancelled,0,Business,Website,Visiting Friends/Relatives,Silver,2237.14,2349.0,3.0,No
P01408,FL0508,2025-12-17,Doha,Mumbai,Airbus A320,On Time,0,Economy,Website,Visiting Friends/Relatives,Silver,382.59,401.72,3.9,No
P01409,FL0509,2025-07-27,Dubai,Singapore,Boeing 787,On Time,0,Business,Website,Business,Gold,2276.42,2276.42,3.2,No
P01410,FL0510,2025-11-23,Paris,London,Airbus A320,On Time,0,Economy,Website,Visiting Friends/Relatives,Gold,356.78,356.78,4.3,No
P01411,FL0511,2025-08-11,London,New York,Boeing 777,On Time,0,Economy,Mobile App,Visiting Friends/Relatives,Silver,439.34,439.34,4.2,No
P01412,FL0512,2025-01-22,London,Sydney,Airbus A350,On Time,0,Economy,Corporate,Business,Gold,594.14,594.14,4.8,No
P01413,FL0513,2025-05-19,Sydney,Bangkok,Airbus A320,Delayed,16,Economy,Mobile App,Leisure,Bronze,224.03,224.03,3.5,No
P01414,FL0514,2025-10-16,Mumbai,Sydney,Airbus A320,On Time,0,Economy,Website,Leisure,Silver,293.66,293.66,4.7,No
P01415,FL0515,2025-04-17,Bangkok,London,Airbus A380,On Time,0,Economy,Mobile App,Business,Gold,315.62,315.62,4.5,No
P01416,FL0516,2025-06-03,Frankfurt,Singapore,Airbus A350,On Time,0,Economy,Website,Business,Gold,296.14,296.14,3.8,Yes
P01417,FL0517,2025-12-13,Sydney,Frankfurt,Airbus A380,On Time,0,Economy,Website,Leisure,Bronze,256.23,256.23,4.6,No
P01418,FL0518,2025-09-14,Singapore,Doha,Boeing 777,On Time,0,Economy,Travel Agent,Visiting Friends/Relatives,Bronze,358.76,358.76,3.9,No
P01419,FL0519,2025-02-08,Frankfurt,Dubai,Boeing 777,On Time,0,Economy,Website,Business,Silver,239.85,251.84,5,No
P01420,FL0520,2025-07-23,Sydney,Tokyo,Boeing 777,On Time,0,Economy,Corporate,Leisure,Platinum,289.49,289.49,4.2,No
P01421,FL0521,2025-09-09,Mumbai,New York,Airbus A350,On Time,0,Economy,Travel Agent,Visiting Friends/Relatives,Bronze,271.51,271.51,4.2,No
P01422,FL0522,2025-04-06,Frankfurt,Bangkok,Airbus A380,On Time,0,Economy,Travel Agent,Business,Bronze,299.73,299.73,3.4,No
P01423,FL0523,2025-06-01,London,Tokyo,Airbus A350,On Time,0,Economy,Mobile App,Business,Platinum,323.46,339.63,4.7,No
P01424,FL0524,2025-03-20,London,Mumbai,Boeing 787,On Time,0,Premium Economy,Mobile App,Business,Platinum,840.63,840.63,4.5,No
P01425,FL0525,2025-06-12,Singapore,Bangkok,Boeing 777,On Time,0,Economy,Mobile App,Visiting Friends/Relatives,Gold,324.32,340.54,4.8,No
P01426,FL0526,2025-08-16,Dubai,Mumbai,Boeing 777,On Time,0,Economy,Mobile App,Leisure,Gold,229.89,229.89,3.9,No
P01427,FL0527,2025-02-14,London,Dubai,Airbus A350,On Time,0,Premium Economy,Travel Agent,Business,Silver,405.71,426.0,4.9,No
P01428,FL0528,2025-09-20,New York,Sydney,Boeing 787,On Time,0,Business,Mobile App,Business,Silver,2643.81,2643.81,5,No
P01429,FL0529,2025-10-11,London,Frankfurt,Airbus A320,On Time,0,First,Website,Visiting Friends/Relatives,Gold,5137.74,5137.74,4.9,No
P01430,FL0530,2025-01-07,Bangkok,Frankfurt,Boeing 777,On Time,0,Economy,Mobile App,Business,Bronze,370.18,370.18,4.4,No
P01431,FL0531,2025-05-05,London,Sydney,Airbus A380,On Time,0,Economy,Mobile App,Leisure,Bronze,350.98,350.98,4.6,No
P01432,FL0532,2025-03-13,Frankfurt,Doha,Boeing 777,On Time,0,Economy,Website,Visiting Friends/Relatives,Silver,324.33,340.55,5,Yes
P01433,FL0533,2025-02-02,Paris,Doha,Airbus A350,On Time,0,Economy,Website,Business,Silver,340.45,340.45,4.0,No
P01434,FL0534,2025-09-05,Frankfurt,Paris,Airbus A320,On Time,0,Economy,Website,Business,Bronze,388.78,408.22,3.2,No
P01435,FL0535,2025-09-11,Doha,Toronto,Airbus A380,On Time,0,Economy,Mobile App,Business,Silver,372.89,372.89,4.3,No
P01436,FL0536,2025-03-11,Paris,Singapore,Boeing 777,On Time,0,Economy,Mobile App,Business,Platinum,413.04,433.69,3.8,No
P01437,FL0537,2025-11-14,Frankfurt,Mumbai,Boeing 787,Delayed,12,Business,Corporate,Visiting Friends/Relatives,Silver,2319.37,2319.37,3.8,No
P01438,FL0538,2025-06-03,Sydney,Doha,Boeing 777,On Time,0,Economy,Mobile App,Visiting Friends/Relatives,Bronze,533.59,533.59,5.0,No
P01439,FL0539,2025-06-10,Doha,New York,Airbus A350,Delayed,27,Economy,Corporate,Business,Gold,301.02,301.02,4.3,No
P01440,FL0540,2025-12-22,Bangkok,Paris,Boeing 787,Delayed,20,Economy,Mobile App,Leisure,Platinum,223.47,223.47,4.2,No
P01441,FL0541,2025-07-06,Mumbai,Bangkok,Airbus A320,Delayed,7,First,Travel Agent,Visiting Friends/Relatives,Bronze,3482.49,3482.49,3.5,No
P01442,FL0542,2025-10-07,Doha,Tokyo,Airbus A350,On Time,0,Economy,Corporate,Leisure,Platinum,381.72,381.72,4.2,No
P01443,FL0543,2025-08-25,New York,London,Airbus A350,On Time,0,Economy,Mobile App,Leisure,Bronze,263.85,277.04,4.4,No
P01444,FL0544,2025-07-29,Mumbai,Singapore,Boeing 787,On Time,0,Economy,Website,Business,Bronze,258.31,258.31,3.3,No
P01445,FL0545,2025-05-10,Mumbai,Dubai,Airbus A350,On Time,0,Economy,Website,Business,Bronze,514.9,514.9,4.7,No
P01446,FL0546,2025-08-18,Frankfurt,Singapore,Airbus A380,On Time,0,Economy,Travel Agent,Business,Bronze,369.77,369.77,4.2,No
P01447,FL0547,2025-09-17,Frankfurt,Sydney,Boeing 787,On Time,0,Economy,Mobile App,Business,Bronze,381.92,401.02,3.0,No
P01448,FL0548,2025-11-01,Bangkok,Sydney,Airbus A320,On Time,0,First,Website,Business,Silver,3457.66,3457.66,4.9,No
P01449,FL0549,2025-12-07,Doha,Toronto,Boeing 777,On Time,0,Economy,Mobile App,Visiting Friends/Relatives,Gold,279.56,279.56,3.7,Yes
P01450,FL0550,2025-10-16,Sydney,London,Boeing 787,Delayed,7,Premium Economy,Travel Agent,Visiting Friends/Relatives,Silver,846.78,846.78,2.7,No
P01451,FL0551,2025-02-20,London,Singapore,Boeing 777,On Time,0,Economy,Mobile App,Leisure,Silver,292.99,292.99,4.3,No
P01452,FL0552,2025-10-25,New York,Sydney,Airbus A380,On Time,0,Economy,Website,Business,Bronze,331.57,331.57,3.2,No
P01453,FL0553,2025-08-26,Bangkok,Frankfurt,Airbus A380,On Time,0,Economy,Website,Leisure,Silver,506.36,506.36,4.8,No
P01454,FL0554,2025-01-13,Singapore,Frankfurt,Boeing 787,On Time,0,Economy,Website,Business,Bronze,398.3,418.22,3.4,No
P01455,FL0555,2025-03-01,Frankfurt,Singapore,Airbus A350,On Time,0,Economy,Website,Leisure,Bronze,182.66,182.66,4.9,No
P01456,FL0556,2025-04-16,Bangkok,New York,Airbus A380,On Time,0,Economy,Website,Business,Platinum,357.05,357.05,4.3,No
P01457,FL0557,2025-08-13,Paris,Singapore,Boeing 787,On Time,0,Economy,Website,Leisure,Bronze,357.61,375.49,5,No
P01458,FL0558,2025-12-30,Mumbai,London,Airbus A320,On Time,0,Economy,Travel Agent,Leisure,Bronze,354.33,354.33,4.5,No
P01459,FL0559,2025-02-25,Bangkok,Toronto,Airbus A350,Delayed,36,Premium Economy,Website,Visiting Friends/Relatives,Silver,707.86,707.86,3.5,No
P01460,FL0560,2025-03-31,Doha,Sydney,Airbus A380,On Time,0,Economy,Travel Agent,Business,Silver,152.62,160.25,4.9,No
P01461,FL0561,2025-08-25,New York,Frankfurt,Airbus A350,Delayed,12,Economy,Website,Business,Gold,374.08,374.08,3.8,No
P01462,FL0562,2025-01-15,Frankfurt,Bangkok,Airbus A380,Delayed,12,Economy,Corporate,Leisure,Bronze,340.44,340.44,3.3,No
P01463,FL0563,2025-08-08,Paris,Tokyo,Boeing 787,On Time,0,Economy,Website,Visiting Friends/Relatives,Gold,487.9,487.9,4.5,No
P01464,FL0564,2025-05-23,Doha,Paris,Airbus A320,On Time,0,Economy,Website,Visiting Friends/Relatives,Silver,394.6,394.6,5,No
P01465,FL0565,2025-07-07,New York,Doha,Boeing 777,On Time,0,Economy,Mobile App,Business,Bronze,247.59,247.59,4.5,No
P01466,FL0566,2025-12-10,London,Mumbai,Boeing 787,On Time,0,Economy,Mobile App,Business,Silver,587.36,587.36,4.3,No
P01467,FL0567,2025-07-18,Bangkok,Tokyo,Airbus A380,On Time,0,Economy,Mobile App,Business,Bronze,238.91,238.91,3.6,No
P01468,FL0568,2025-06-30,London,Frankfurt,Boeing 787,On Time,0,Premium Economy,Website,Visiting Friends/Relatives,Gold,750.37,787.89,4.4,No
P01469,FL0569,2025-10-30,Mumbai,Tokyo,Airbus A320,On Time,0,Economy,Travel Agent,Visiting Friends/Relatives,Bronze,267.29,267.29,3.8,No
P01470,FL0570,2025-05-03,Bangkok,Singapore,Boeing 777,On Time,0,Economy,Travel Agent,Visiting Friends/Relatives,Silver,234.34,234.34,4.8,No
P01471,FL0571,2025-09-19,Bangkok,Doha,Boeing 787,On Time,0,Economy,Website,Visiting Friends/Relatives,Silver,295.25,310.01,4.3,Yes
P01472,FL0572,2025-07-16,Singapore,Tokyo,Boeing 787,On Time,0,Economy,Travel Agent,Business,Silver,494.91,519.66,4.6,No
P01473,FL0573,2025-03-30,New York,Toronto,Airbus A380,On Time,0,Business,Mobile App,Visiting Friends/Relatives,Platinum,1666.53,1666.53,4.4,No
P01474,FL0574,2025-04-06,Mumbai,Doha,Boeing 777,Delayed,1,Economy,Travel Agent,Leisure,Silver,530.1,556.61,4.5,No
P01475,FL0575,2025-03-11,Dubai,New York,Airbus A350,Delayed,1,Economy,Corporate,Business,Platinum,368.19,368.19,3.2,No
P01476,FL0576,2025-12-01,New York,Sydney,Boeing 787,On Time,0,Economy,Website,Business,Bronze,181.89,181.89,3.6,No
P01477,FL0577,2025-12-30,Paris,Bangkok,Boeing 787,On Time,0,Business,Mobile App,Leisure,Bronze,2013.91,2013.91,3.6,No
P01478,FL0578,2025-01-16,London,Tokyo,Airbus A350,On Time,0,Business,Travel Agent,Leisure,Gold,1202.28,1262.39,4.3,No
P01479,FL0579,2025-10-03,Mumbai,Dubai,Boeing 777,On Time,0,Business,Website,Business,Bronze,1416.76,1416.76,5,No
P01480,FL0580,2025-09-11,Paris,Tokyo,Airbus A380,On Time,0,Economy,Website,Visiting Friends/Relatives,Bronze,333.29,333.29,4.0,No
P01481,FL0581,2025-05-18,Sydney,Singapore,Airbus A380,Delayed,3,Economy,Mobile App,Business,Gold,374.59,374.59,3.3,No
P01482,FL0582,2025-10-07,Dubai,New York,Airbus A350,Cancelled,0,Economy,Website,Visiting Friends/Relatives,Bronze,295.48,295.48,2.8,No
P01483,FL0583,2025-05-07,London,Toronto,Boeing 777,Delayed,34,Economy,Website,Visiting Friends/Relatives,Bronze,362.31,362.31,3.5,No
P01484,FL0584,2025-05-15,Dubai,New York,Boeing 777,Delayed,38,Economy,Travel Agent,Business,Silver,260.92,273.97,3.4,Yes
P01485,FL0585,2025-04-18,London,Paris,Airbus A380,On Time,0,Economy,Corporate,Business,Bronze,319.31,319.31,4.5,No
P01486,FL0586,2025-08-08,Sydney,Toronto,Airbus A350,On Time,0,Business,Mobile App,Business,Silver,958.56,1006.49,3.6,No
P01487,FL0587,2025-01-31,Doha,Paris,Airbus A380,On Time,0,Economy,Corporate,Visiting Friends/Relatives,Bronze,233.33,245.0,4.4,No
P01488,FL0588,2025-10-03,Mumbai,Tokyo,Airbus A350,On Time,0,Economy,Mobile App,Visiting Friends/Relatives,Platinum,255.34,268.11,5,No
P01489,FL0589,2025-10-21,Mumbai,Paris,Boeing 777,Delayed,30,Economy,Mobile App,Visiting Friends/Relatives,Platinum,225.93,225.93,3.4,No
P01490,FL0590,2025-02-18,New York,Toronto,Airbus A350,Delayed,23,Economy,Travel Agent,Visiting Friends/Relatives,Platinum,223.48,234.65,3.5,No
P01491,FL0591,2025-03-06,Mumbai,Toronto,Airbus A350,On Time,0,Economy,Website,Business,Bronze,275.47,275.47,4.6,Yes
P01492,FL0592,2025-12-13,Bangkok,Dubai,Boeing 787,On Time,0,Economy,Website,Leisure,Platinum,392.03,392.03,3.7,Yes
P01493,FL0593,2025-05-18,Sydney,Toronto,Boeing 787,On Time,0,Economy,Travel Agent,Visiting Friends/Relatives,Bronze,486.92,486.92,4.0,No
P01494,FL0594,2025-02-17,London,Toronto,Boeing 787,On Time,0,Economy,Travel Agent,Leisure,Gold,305.74,305.74,4.4,No
P01495,FL0595,2025-08-21,Mumbai,Frankfurt,Boeing 787,On Time,0,Premium Economy,Website,Leisure,Silver,571.16,571.16,4.1,No
P01496,FL0596,2025-08-23,Dubai,Singapore,Boeing 777,Delayed,1,Economy,Website,Leisure,Platinum,343.04,343.04,3.0,No
P01497,FL0597,2025-04-22,New York,Frankfurt,Boeing 787,Delayed,7,Economy,Website,Business,Bronze,273.16,286.82,3.3,No
P01498,FL0598,2025-10-08,Mumbai,Frankfurt,Airbus A380,On Time,0,Economy,Mobile App,Business,Silver,220.16,220.16,4.4,No
P01499,FL0599,2025-12-16,Paris,Frankfurt,Airbus A320,On Time,0,Economy,Corporate,Leisure,Silver,282.17,282.17,4.5,No
P01500,FL0600,2025-03-05,Paris,London,Airbus A350,On Time,0,Economy,Website,Business,Bronze,276.94,276.94,5,No
P01501,FL0601,2025-04-14,Dubai,Bangkok,Airbus A350,Delayed,18,Economy,Mobile App,Visiting Friends/Relatives,Silver,522.91,549.06,2.7,No
P01502,FL0602,2025-05-21,Mumbai,Doha,Airbus A320,On Time,0,Economy,Travel Agent,Leisure,Silver,640.83,640.83,3.9,No
P01503,FL0603,2025-07-10,Mumbai,Singapore,Airbus A350,On Time,0,Economy,Mobile App,Business,Bronze,409.57,409.57,4.0,No
P01504,FL0604,2025-08-08,Mumbai,Dubai,Airbus A320,On Time,0,Economy,Mobile App,Visiting Friends/Relatives,Silver,471.4,471.4,5,No
P01505,FL0605,2025-09-02,Dubai,Paris,Airbus A320,On Time,0,Economy,Travel Agent,Leisure,Bronze,311.21,311.21,4.2,No
P01506,FL0606,2025-12-15,Doha,Sydney,Boeing 787,On Time,0,Economy,Travel Agent,Leisure,Silver,414.58,414.58,3.6,No
P01507,FL0607,2025-08-05,Bangkok,Singapore,Airbus A350,On Time,0,Business,Website,Business,Silver,1444.9,1444.9,3.5,No
P01508,FL0608,2025-02-15,Doha,Bangkok,Airbus A320,On Time,0,Economy,Website,Leisure,Bronze,383.37,383.37,5.0,No
P01509,FL0609,2025-03-12,Bangkok,Paris,Boeing 787,On Time,0,Economy,Mobile App,Visiting Friends/Relatives,Silver,376.81,376.81,4.8,No
P01510,FL0610,2025-12-13,Singapore,Toronto,Airbus A350,On Time,0,Economy,Website,Leisure,Silver,199.11,199.11,4.7,No
P01511,FL0611,2025-11-09,Sydney,London,Airbus A350,On Time,0,Economy,Website,Business,Bronze,276.99,276.99,4.1,No
P01512,FL0612,2025-03-19,Doha,Toronto,Boeing 787,On Time,0,Business,Website,Leisure,Bronze,1092.22,1092.22,4.7,No
P01513,FL0613,2025-02-14,Paris,Dubai,Airbus A320,On Time,0,Economy,Travel Agent,Visiting Friends/Relatives,Gold,302.5,317.62,4.3,Yes
P01514,FL0614,2025-07-16,London,Tokyo,Boeing 777,Delayed,15,Business,Corporate,Visiting Friends/Relatives,Bronze,1884.97,1884.97,4.2,No
P01515,FL0615,2025-02-13,Mumbai,Toronto,Airbus A350,On Time,0,Economy,Website,Leisure,Bronze,313.59,313.59,5,No
P01516,FL0616,2025-05-26,Sydney,Tokyo,Airbus A320,Delayed,24,Business,Website,Business,Bronze,1936.48,2033.3,3.3,No
P01517,FL0617,2025-09-23,Mumbai,Dubai,Airbus A380,On Time,0,Premium Economy,Mobile App,Leisure,Bronze,734.79,734.79,4.8,No
P01518,FL0618,2025-11-27,Frankfurt,Paris,Airbus A320,Delayed,20,Economy,Mobile App,Visiting Friends/Relatives,Silver,405.02,405.02,3.8,No
P01519,FL0619,2025-05-04,Frankfurt,Singapore,Boeing 787,On Time,0,Economy,Website,Leisure,Silver,234.12,234.12,4.8,No
P01520,FL0620,2025-01-07,London,Sydney,Boeing 777,Delayed,9,Economy,Corporate,Business,Bronze,381.58,381.58,4.0,No
P01521,FL0621,2025-10-19,Singapore,Bangkok,Boeing 787,On Time,0,Economy,Website,Business,Bronze,379.44,398.41,4.9,No
P01522,FL0622,2025-02-07,Singapore,New York,Airbus A320,On Time,0,Premium Economy,Travel Agent,Visiting Friends/Relatives,Gold,555.29,555.29,3.0,No
P01523,FL0623,2025-04-21,Dubai,Mumbai,Airbus A320,Delayed,29,Economy,Website,Business,Gold,311.7,311.7,4.0,No
P01524,FL0624,2025-12-31,Mumbai,Toronto,Airbus A380,On Time,0,Economy,Travel Agent,Business,Gold,551.06,551.06,3.9,No
P01525,FL0625,2025-02-12,Frankfurt,Bangkok,Airbus A380,On Time,0,Economy,Corporate,Visiting Friends/Relatives,Bronze,315.81,331.6,3.7,No
P01526,FL0626,2025-02-12,Singapore,Mumbai,Boeing 777,On Time,0,Economy,Mobile App,Visiting Friends/Relatives,Bronze,274.98,274.98,3.0,No
P01527,FL0627,2025-10-02,Doha,Dubai,Boeing 777,On Time,0,Economy,Website,Visiting Friends/Relatives,Silver,291.95,291.95,4.0,No
P01528,FL0628,2025-12-24,London,Mumbai,Boeing 787,On Time,0,Economy,Website,Business,Gold,314.06,329.76,3.1,No
P01529,FL0629,2025-05-06,Doha,London,Airbus A320,Delayed,14,Economy,Corporate,Leisure,Bronze,495.33,495.33,3.1,No
P01530,FL0630,2025-11-10,London,New York,Airbus A380,On Time,0,Business,Mobile App,Leisure,Gold,2035.06,2035.06,4.1,No
P01531,FL0631,2025-01-07,Singapore,Doha,Airbus A350,On Time,0,Premium Economy,Mobile App,Business,Gold,731.42,731.42,4.3,No
P01532,FL0632,2025-06-27,Singapore,New York,Airbus A380,On Time,0,First,Website,Business,Bronze,3200.86,3200.86,4.5,No
P01533,FL0633,2025-07-10,Mumbai,Doha,Airbus A350,On Time,0,Economy,Corporate,Business,Gold,360.89,378.93,4.7,No
P01534,FL0634,2025-01-16,Mumbai,Singapore,Boeing 777,Delayed,17,Economy,Website,Business,Platinum,327.65,327.65,3.5,No
P01535,FL0635,2025-02-09,Sydney,Toronto,Boeing 787,On Time,0,Economy,Travel Agent,Business,Bronze,591.63,591.63,4.8,Yes
P01536,FL0636,2025-09-13,Bangkok,London,Airbus A380,On Time,0,Economy,Mobile App,Visiting Friends/Relatives,Bronze,465.98,465.98,5,No
P01537,FL0637,2025-02-22,Singapore,Mumbai,Airbus A380,On Time,0,Economy,Travel Agent,Visiting Friends/Relatives,Bronze,245.03,245.03,4.7,No
P01538,FL0638,2025-09-18,London,Paris,Airbus A320,On Time,0,Economy,Website,Business,Bronze,305.74,305.74,4.3,No
P01539,FL0639,2025-01-24,Dubai,Paris,Boeing 787,On Time,0,Economy,Mobile App,Leisure,Bronze,327.75,327.75,3.9,No
P01540,FL0640,2025-01-19,Singapore,Dubai,Airbus A380,Delayed,22,Economy,Travel Agent,Visiting Friends/Relatives,Bronze,286.44,300.76,3.7,No
P01541,FL0641,2025-06-14,Frankfurt,Dubai,Airbus A350,On Time,0,Economy,Travel Agent,Business,Silver,300.45,300.45,4.6,No
P01542,FL0642,2025-02-09,Bangkok,Paris,Airbus A380,On Time,0,Economy,Website,Leisure,Gold,292.78,292.78,4.2,No
P01543,FL0643,2025-01-27,New York,Toronto,Airbus A350,On Time,0,Economy,Mobile App,Visiting Friends/Relatives,Bronze,436.29,436.29,4.2,No
P01544,FL0644,2025-07-25,New York,London,Airbus A320,Delayed,31,Economy,Mobile App,Leisure,Bronze,397.08,397.08,2.4,No
P01545,FL0645,2025-02-14,Mumbai,Frankfurt,Airbus A380,On Time,0,Economy,Website,Visiting Friends/Relatives,Bronze,368.9,368.9,4.2,No
P01546,FL0646,2025-05-30,Bangkok,Dubai,Airbus A380,Delayed,2,Economy,Corporate,Visiting Friends/Relatives,Bronze,476.19,500.0,3.7,No
P01547,FL0647,2025-08-26,Sydney,Dubai,Boeing 777,On Time,0,Economy,Website,Business,Gold,371.76,390.35,4.7,No
P01548,FL0648,2025-10-07,Paris,Dubai,Airbus A350,On Time,0,Economy,Website,Visiting Friends/Relatives,Bronze,384.27,384.27,4.4,No
P01549,FL0649,2025-04-30,Frankfurt,London,Airbus A380,On Time,0,Economy,Corporate,Leisure,Bronze,344.94,344.94,4.6,No
P01550,FL0650,2025-01-01,Dubai,Frankfurt,Boeing 787,Delayed,17,Economy,Mobile App,Visiting Friends/Relatives,Silver,276.22,290.03,3.0,No
P01551,FL0651,2025-08-03,New York,Dubai,Boeing 787,Delayed,12,Economy,Mobile App,Leisure,Bronze,356.19,356.19,3.3,Yes
P01552,FL0652,2025-02-17,Singapore,Mumbai,Airbus A320,Delayed,29,Economy,Mobile App,Leisure,Bronze,414.41,414.41,3.3,No
P01553,FL0653,2025-02-13,Bangkok,New York,Airbus A380,On Time,0,Economy,Corporate,Business,Silver,246.48,246.48,4.2,No
P01554,FL0654,2025-07-21,Singapore,Toronto,Airbus A320,On Time,0,Economy,Mobile App,Business,Silver,259.95,259.95,3.9,No
P01555,FL0655,2025-12-06,Dubai,Bangkok,Airbus A350,On Time,0,Economy,Travel Agent,Business,Gold,604.39,604.39,3.7,No
P01556,FL0656,2025-07-21,Mumbai,Frankfurt,Boeing 777,On Time,0,Economy,Mobile App,Leisure,Bronze,505.68,530.96,3.7,No
P01557,FL0657,2025-02-08,Mumbai,Dubai,Airbus A350,On Time,0,Economy,Website,Leisure,Bronze,557.72,585.61,3.2,No
P01558,FL0658,2025-03-21,Sydney,Singapore,Airbus A320,On Time,0,Economy,Travel Agent,Visiting Friends/Relatives,Gold,321.07,321.07,4.2,No
P01559,FL0659,2025-07-28,Paris,Frankfurt,Airbus A320,On Time,0,First,Travel Agent,Leisure,Silver,4008.21,4008.21,3.9,No
P01560,FL0660,2025-06-07,Doha,New York,Boeing 787,On Time,0,Premium Economy,Website,Visiting Friends/Relatives,Silver,670.64,670.64,3.6,No
P01561,FL0661,2025-03-22,London,Doha,Boeing 777,Delayed,9,Premium Economy,Mobile App,Business,Bronze,733.48,733.48,4.0,No
P01562,FL0662,2025-04-21,Sydney,London,Boeing 777,On Time,0,Economy,Mobile App,Visiting Friends/Relatives,Silver,295.29,295.29,3.8,No
P01563,FL0663,2025-07-22,Doha,Frankfurt,Airbus A380,On Time,0,Economy,Website,Visiting Friends/Relatives,Platinum,351.52,351.52,4.8,No
P01564,FL0664,2025-03-31,Mumbai,Paris,Airbus A320,Delayed,27,Economy,Website,Business,Bronze,459.81,482.8,3.7,No
P01565,FL0665,2025-02-18,New York,Dubai,Boeing 787,On Time,0,Economy,Mobile App,Business,Bronze,322.57,322.57,3.5,No
P01566,FL0666,2025-01-07,Singapore,Doha,Airbus A320,Delayed,5,Economy,Website,Leisure,Silver,209.33,209.33,4.2,No
P01567,FL0667,2025-04-12,Doha,Dubai,Boeing 787,On Time,0,Business,Mobile App,Leisure,Bronze,1623.57,1623.57,3.8,No
P01568,FL0668,2025-10-28,London,Tokyo,Boeing 777,Delayed,54,Economy,Website,Visiting Friends/Relatives,Silver,299.76,314.75,3.6,No
P01569,FL0669,2025-08-16,Doha,Toronto,Airbus A350,On Time,0,Premium Economy,Website,Leisure,Bronze,466.99,466.99,4.8,No
P01570,FL0670,2025-01-22,Bangkok,Singapore,Boeing 787,On Time,0,Economy,Website,Business,Silver,346.17,346.17,4.7,No
P01571,FL0671,2025-07-22,Sydney,Frankfurt,Boeing 787,On Time,0,Business,Corporate,Leisure,Gold,1153.74,1211.43,4.2,No
P01572,FL0672,2025-07-01,Frankfurt,Doha,Airbus A350,Delayed,36,First,Website,Business,Silver,2888.93,3033.38,4.2,No
P01573,FL0673,2025-08-17,Mumbai,Paris,Airbus A350,On Time,0,Economy,Mobile App,Business,Gold,410.8,410.8,4.4,No
P01574,FL0674,2025-05-06,Sydney,Tokyo,Boeing 777,On Time,0,Economy,Corporate,Visiting Friends/Relatives,Bronze,284.5,284.5,3.6,No
P01575,FL0675,2025-02-01,New York,Bangkok,Airbus A320,On Time,0,Economy,Website,Business,Platinum,463.09,463.09,3.6,Yes
P01576,FL0676,2025-04-13,Singapore,Bangkok,Airbus A380,On Time,0,Economy,Website,Visiting Friends/Relatives,Silver,271.61,271.61,3.3,No
P01577,FL0677,2025-07-15,New York,London,Boeing 777,On Time,0,Premium Economy,Travel Agent,Business,Gold,640.46,640.46,3.6,No
P01578,FL0678,2025-10-17,Paris,Frankfurt,Airbus A380,On Time,0,Economy,Corporate,Visiting Friends/Relatives,Silver,419.32,440.29,3.7,No
P01579,FL0679,2025-01-14,Mumbai,Doha,Boeing 777,On Time,0,Economy,Website,Business,Platinum,346.33,346.33,4.0,No
P01580,FL0680,2025-01-30,Dubai,Mumbai,Boeing 787,On Time,0,Economy,Mobile App,Leisure,Bronze,427.15,427.15,3.9,No
P01581,FL0681,2025-03-23,Sydney,Dubai,Airbus A320,On Time,0,Business,Website,Business,Silver,1650.98,1650.98,4.5,No
P01582,FL0682,2025-10-01,Doha,Mumbai,Airbus A320,On Time,0,Economy,Website,Business,Bronze,301.76,301.76,5,Yes
P01583,FL0683,2025-07-18,Doha,Tokyo,Boeing 777,Delayed,25,Economy,Corporate,Leisure,Silver,198.76,198.76,3.3,No
P01584,FL0684,2025-06-12,Doha,Tokyo,Boeing 777,Delayed,17,Economy,Mobile App,Business,Bronze,398.14,398.14,3.3,No
P01585,FL0685,2025-10-18,Dubai,Frankfurt,Airbus A380,On Time,0,Economy,Website,Visiting Friends/Relatives,Bronze,282.97,282.97,4.0,No
P01586,FL0686,2025-10-05,Doha,New York,Boeing 777,On Time,0,Economy,Mobile App,Leisure,Bronze,389.93,389.93,3.8,No
P01587,FL0687,2025-01-29,Dubai,Singapore,Airbus A350,On Time,0,Economy,Website,Business,Silver,287.07,287.07,3.8,No
P01588,FL0688,2025-09-02,Dubai,Sydney,Airbus A320,On Time,0,Economy,Mobile App,Leisure,Silver,387.29,387.29,4.5,No
P01589,FL0689,2025-03-08,Sydney,Dubai,Boeing 777,On Time,0,Economy,Website,Visiting Friends/Relatives,Silver,294.48,294.48,4.4,No
P01590,FL0690,2025-01-12,Bangkok,London,Airbus A350,On Time,0,Economy,Travel Agent,Visiting Friends/Relatives,Silver,301.99,301.99,4.1,No
P01591,FL0691,2025-09-27,Singapore,Doha,Boeing 777,Delayed,1,Economy,Travel Agent,Leisure,Bronze,206.87,217.21,3.9,No
P01592,FL0692,2025-02-21,Frankfurt,Tokyo,Boeing 777,On Time,0,Economy,Travel Agent,Business,Bronze,245.84,245.84,4.3,No
P01593,FL0693,2025-08-12,Singapore,Dubai,Boeing 787,On Time,0,Economy,Mobile App,Business,Silver,443.57,443.57,4.5,No
P01594,FL0694,2025-12-22,Singapore,Sydney,Airbus A380,Delayed,38,First,Website,Business,Silver,5890.5,5890.5,3.8,No
P01595,FL0695,2025-10-29,Doha,Toronto,Airbus A350,On Time,0,Economy,Mobile App,Leisure,Silver,364.03,364.03,3.6,No
P01596,FL0696,2025-04-01,Mumbai,Doha,Airbus A320,Delayed,29,Economy,Mobile App,Leisure,Bronze,287.48,287.48,4.2,No
P01597,FL0697,2025-04-04,Sydney,London,Airbus A380,On Time,0,Economy,Corporate,Leisure,Silver,300.65,315.68,4.7,No
P01598,FL0698,2025-11-24,Sydney,Dubai,Airbus A380,On Time,0,Economy,Travel Agent,Visiting Friends/Relatives,Platinum,157.31,157.31,3.6,No
P01599,FL0699,2025-06-19,Paris,Doha,Airbus A320,On Time,0,Premium Economy,Website,Business,Gold,403.88,403.88,3.9,No
P01600,FL0700,2025-11-22,Bangkok,Doha,Airbus A320,Delayed,14,Economy,Website,Visiting Friends/Relatives,Silver,365.82,365.82,3.5,No
P01601,FL0701,2025-01-06,Bangkok,New York,Boeing 777,On Time,0,Economy,Mobile App,Visiting Friends/Relatives,Silver,261.87,261.87,3.6,No
P01602,FL0702,2025-05-12,London,Frankfurt,Airbus A320,On Time,0,Economy,Website,Visiting Friends/Relatives,Bronze,242.89,255.03,3.8,No
P01603,FL0703,2025-08-13,Dubai,Bangkok,Boeing 787,Delayed,28,Economy,Mobile App,Visiting Friends/Relatives,Silver,337.77,337.77,4.4,No
P01604,FL0704,2025-10-07,Frankfurt,Mumbai,Boeing 787,On Time,0,Economy,Mobile App,Visiting Friends/Relatives,Silver,395.47,395.47,4.4,No
P01605,FL0705,2025-11-30,Paris,Tokyo,Airbus A350,On Time,0,First,Corporate,Leisure,Platinum,3281.97,3281.97,3.8,No
P01606,FL0706,2025-05-31,London,Singapore,Airbus A320,On Time,0,Business,Website,Visiting Friends/Relatives,Platinum,2151.49,2259.06,4.3,No
P01607,FL0707,2025-06-25,London,Doha,Airbus A350,Delayed,8,Economy,Website,Visiting Friends/Relatives,Gold,198.25,198.25,3.3,No
P01608,FL0708,2025-10-08,Singapore,Doha,Airbus A320,On Time,0,Economy,Travel Agent,Business,Silver,506.56,506.56,4.1,No
P01609,FL0709,2025-12-27,Sydney,Bangkok,Airbus A320,On Time,0,Premium Economy,Website,Visiting Friends/Relatives,Silver,733.05,733.05,5,No
P01610,FL0710,2025-08-11,Singapore,Tokyo,Airbus A350,On Time,0,Economy,Website,Visiting Friends/Relatives,Bronze,300.69,300.69,4.4,No
P01611,FL0711,2025-04-08,Bangkok,Dubai,Boeing 787,On Time,0,Business,Website,Visiting Friends/Relatives,Gold,2261.87,2261.87,5,No
P01612,FL0712,2025-12-05,New York,Paris,Boeing 777,On Time,0,Economy,Website,Visiting Friends/Relatives,Bronze,366.1,366.1,4.3,No
P01613,FL0713,2025-07-21,London,Singapore,Airbus A380,On Time,0,Economy,Mobile App,Business,Bronze,290.85,305.39,4.0,No
P01614,FL0714,2025-01-28,Paris,Doha,Boeing 777,On Time,0,Economy,Website,Leisure,Gold,217.74,217.74,4.7,No
P01615,FL0715,2025-12-05,London,Mumbai,Airbus A380,On Time,0,Economy,Website,Leisure,Silver,432.89,432.89,4.4,No
P01616,FL0716,2025-04-16,London,Singapore,Airbus A350,On Time,0,Economy,Website,Visiting Friends/Relatives,Bronze,246.69,259.02,3.9,Yes
P01617,FL0717,2025-03-01,London,New York,Boeing 777,Delayed,1,Economy,Corporate,Visiting Friends/Relatives,Bronze,162.36,170.48,3.5,No
P01618,FL0718,2025-11-25,Mumbai,Singapore,Airbus A380,On Time,0,Economy,Travel Agent,Leisure,Bronze,538.14,565.05,4.3,No
P01619,FL0719,2025-07-09,Bangkok,Frankfurt,Airbus A350,On Time,0,Economy,Mobile App,Business,Silver,375.63,375.63,4.9,No
P01620,FL0720,2025-08-27,Mumbai,New York,Boeing 777,On Time,0,Economy,Mobile App,Business,Bronze,272.61,286.24,3.8,No
P01621,FL0721,2025-02-01,Mumbai,Tokyo,Airbus A350,On Time,0,Economy,Mobile App,Visiting Friends/Relatives,Silver,306.32,306.32,4.5,No
P01622,FL0722,2025-12-09,London,Doha,Boeing 777,Delayed,22,Economy,Website,Business,Platinum,235.81,235.81,3.3,No
P01623,FL0723,2025-04-27,Frankfurt,Tokyo,Airbus A380,On Time,0,Economy,Mobile App,Leisure,Bronze,299.33,299.33,4.5,No
P01624,FL0724,2025-08-03,Frankfurt,Sydney,Airbus A380,On Time,0,Economy,Mobile App,Business,Silver,351.19,351.19,4.9,No
P01625,FL0725,2025-05-01,Paris,Tokyo,Boeing 787,On Time,0,Economy,Mobile App,Business,Silver,532.0,532.0,3.9,No
P01626,FL0726,2025-09-15,Frankfurt,London,Airbus A380,Delayed,23,Economy,Website,Visiting Friends/Relatives,Bronze,353.68,353.68,4.3,No
P01627,FL0727,2025-03-03,Sydney,Doha,Boeing 787,On Time,0,Economy,Travel Agent,Leisure,Bronze,398.18,418.09,3.6,Yes
P01628,FL0728,2025-04-09,Singapore,Paris,Airbus A350,On Time,0,Premium Economy,Travel Agent,Visiting Friends/Relatives,Silver,604.15,604.15,3.9,No
P01629,FL0729,2025-08-11,London,Toronto,Airbus A350,Cancelled,0,Economy,Website,Leisure,Silver,258.19,271.1,2.7,No
P01630,FL0730,2025-05-13,Singapore,Tokyo,Boeing 777,Delayed,1,Economy,Website,Business,Gold,341.98,341.98,4.0,No
P01631,FL0731,2025-07-18,London,Doha,Airbus A380,On Time,0,Economy,Mobile App,Business,Platinum,279.37,279.37,5,No
P01632,FL0732,2025-09-24,Bangkok,Paris,Boeing 787,Delayed,36,Business,Website,Leisure,Bronze,2930.34,2930.34,3.4,No
P01633,FL0733,2025-08-03,Sydney,New York,Airbus A320,On Time,0,Economy,Website,Business,Bronze,562.92,562.92,4.3,No
P01634,FL0734,2025-10-29,Singapore,Tokyo,Airbus A380,On Time,0,Business,Corporate,Visiting Friends/Relatives,Bronze,2845.76,2845.76,3.6,No
P01635,FL0735,2025-10-16,London,Doha,Airbus A320,Delayed,19,Economy,Travel Agent,Leisure,Gold,410.96,410.96,3.0,No
P01636,FL0736,2025-07-30,New York,Mumbai,Boeing 777,On Time,0,Economy,Mobile App,Visiting Friends/Relatives,Gold,319.13,319.13,4.3,No
P01637,FL0737,2025-11-08,Paris,Tokyo,Boeing 787,On Time,0,Economy,Website,Leisure,Bronze,289.77,304.26,4.3,No
P01638,FL0738,2025-03-15,Mumbai,Bangkok,Airbus A380,On Time,0,Economy,Mobile App,Business,Bronze,345.88,345.88,4.3,No
P01639,FL0739,2025-07-22,Frankfurt,London,Boeing 777,On Time,0,Business,Website,Visiting Friends/Relatives,Platinum,1303.32,1368.49,4.1,No
P01640,FL0740,2025-05-18,Dubai,New York,Boeing 777,On Time,0,Economy,Website,Business,Gold,290.84,305.38,4.3,No
P01641,FL0741,2025-05-24,Mumbai,Paris,Boeing 787,Delayed,5,Economy,Mobile App,Business,Bronze,212.89,212.89,4.1,No
P01642,FL0742,2025-06-03,Doha,Dubai,Boeing 787,On Time,0,Economy,Website,Leisure,Bronze,332.65,349.28,3.9,No
P01643,FL0743,2025-08-02,Bangkok,Paris,Airbus A380,On Time,0,Business,Mobile App,Business,Bronze,3161.4,3319.47,4.3,No
P01644,FL0744,2025-04-19,Doha,New York,Boeing 787,On Time,0,Economy,Travel Agent,Business,Platinum,429.57,429.57,4.3,No
P01645,FL0745,2025-01-29,New York,Mumbai,Airbus A380,Delayed,1,Business,Website,Leisure,Bronze,2280.88,2280.88,3.8,No
P01646,FL0746,2025-12-30,London,Mumbai,Airbus A380,On Time,0,Economy,Mobile App,Business,Gold,380.13,380.13,5,No
P01647,FL0747,2025-01-15,New York,Tokyo,Airbus A350,On Time,0,Business,Website,Business,Silver,2363.19,2363.19,3.9,No
P01648,FL0748,2025-05-08,Doha,London,Airbus A320,On Time,0,Economy,Travel Agent,Leisure,Silver,296.02,296.02,4.0,Yes
P01649,FL0749,2025-05-21,Bangkok,Dubai,Boeing 777,Delayed,1,Premium Economy,Website,Business,Bronze,868.96,868.96,3.7,No
P01650,FL0750,2025-01-16,London,Toronto,Airbus A350,On Time,0,Economy,Website,Visiting Friends/Relatives,Silver,409.64,409.64,4.5,No
P01651,FL0751,2025-04-01,Sydney,Bangkok,Boeing 787,On Time,0,Economy,Mobile App,Visiting Friends/Relatives,Gold,295.51,310.29,3.6,No
P01652,FL0752,2025-03-25,Bangkok,Mumbai,Boeing 777,On Time,0,Economy,Mobile App,Visiting Friends/Relatives,Bronze,320.04,336.04,4.2,No
P01653,FL0753,2025-01-15,London,Mumbai,Boeing 787,On Time,0,Economy,Website,Leisure,Bronze,342.45,342.45,4.9,No
P01654,FL0754,2025-04-24,Sydney,Dubai,Airbus A350,On Time,0,Business,Mobile App,Leisure,Platinum,1248.82,1248.82,4.7,No
P01655,FL0755,2025-07-29,Mumbai,Toronto,Airbus A380,On Time,0,Economy,Website,Leisure,Bronze,258.9,271.84,3.4,No
P01656,FL0756,2025-03-09,Dubai,New York,Airbus A350,On Time,0,Economy,Travel Agent,Business,Bronze,402.78,402.78,4.6,Yes
P01657,FL0757,2025-05-10,Dubai,Paris,Airbus A380,Delayed,17,Economy,Mobile App,Leisure,Gold,332.2,332.2,3.3,No
P01658,FL0758,2025-05-21,Mumbai,Toronto,Boeing 787,Delayed,25,Economy,Mobile App,Business,Gold,431.18,431.18,3.9,No
P01659,FL0759,2025-06-04,Doha,New York,Airbus A380,Delayed,7,Economy,Mobile App,Business,Gold,362.89,362.89,3.8,No
P01660,FL0760,2025-02-22,Frankfurt,Tokyo,Airbus A320,On Time,0,Economy,Travel Agent,Visiting Friends/Relatives,Silver,521.08,547.13,4.2,No
P01661,FL0761,2025-11-28,Bangkok,Sydney,Airbus A380,On Time,0,Economy,Mobile App,Visiting Friends/Relatives,Platinum,302.63,302.63,3.5,No
P01662,FL0762,2025-02-25,Mumbai,Toronto,Boeing 787,On Time,0,Economy,Corporate,Visiting Friends/Relatives,Bronze,418.96,418.96,4.1,No
P01663,FL0763,2025-06-16,Mumbai,Toronto,Boeing 777,On Time,0,Premium Economy,Website,Business,Bronze,555.77,555.77,3.8,No
P01664,FL0764,2025-03-18,Mumbai,Dubai,Airbus A380,On Time,0,Economy,Mobile App,Leisure,Bronze,229.4,229.4,4.0,No
P01665,FL0765,2025-07-26,Dubai,Tokyo,Boeing 777,On Time,0,Economy,Corporate,Business,Gold,531.44,531.44,5,No
P01666,FL0766,2025-09-12,Dubai,Toronto,Boeing 777,On Time,0,Economy,Website,Visiting Friends/Relatives,Bronze,390.43,390.43,4.9,No
P01667,FL0767,2025-07-18,Frankfurt,Bangkok,Airbus A320,On Time,0,Economy,Mobile App,Business,Silver,297.16,297.16,5,No
P01668,FL0768,2025-06-25,Sydney,Dubai,Airbus A350,On Time,0,Premium Economy,Corporate,Visiting Friends/Relatives,Bronze,592.96,592.96,4.2,No
P01669,FL0769,2025-07-03,Paris,Toronto,Airbus A380,On Time,0,Economy,Corporate,Visiting Friends/Relatives,Silver,344.93,344.93,4.6,No
P01670,FL0770,2025-10-13,Singapore,Toronto,Airbus A350,On Time,0,Economy,Website,Business,Silver,669.42,669.42,4.4,No
P01671,FL0771,2025-05-13,Paris,Doha,Airbus A380,On Time,0,Economy,Website,Business,Silver,203.15,203.15,4.1,No
P01672,FL0772,2025-06-21,Singapore,Toronto,Airbus A320,On Time,0,Premium Economy,Travel Agent,Visiting Friends/Relatives,Bronze,726.09,726.09,4.8,Yes
P01673,FL0773,2025-08-04,Doha,Mumbai,Boeing 777,On Time,0,Business,Website,Visiting Friends/Relatives,Bronze,1718.9,1718.9,4.8,No
P01674,FL0774,2025-08-26,Sydney,Paris,Airbus A320,On Time,0,Economy,Website,Business,Bronze,304.45,304.45,3.2,Yes
P01675,FL0775,2025-11-14,Sydney,Tokyo,Airbus A320,On Time,0,Economy,Mobile App,Leisure,Platinum,437.48,437.48,5,No
P01676,FL0776,2025-03-03,Doha,Sydney,Boeing 787,On Time,0,Economy,Travel Agent,Leisure,Bronze,335.89,352.68,4.9,No
P01677,FL0777,2025-03-19,Frankfurt,London,Airbus A350,Cancelled,0,Economy,Mobile App,Business,Silver,210.67,221.2,2.7,No
P01678,FL0778,2025-10-19,Bangkok,Frankfurt,Boeing 787,On Time,0,Economy,Corporate,Business,Bronze,294.42,309.14,5,No
P01679,FL0779,2025-09-07,Singapore,Doha,Boeing 777,On Time,0,Economy,Mobile App,Leisure,Gold,263.62,263.62,3.9,No
P01680,FL0780,2025-11-21,Singapore,Frankfurt,Airbus A320,On Time,0,Economy,Website,Visiting Friends/Relatives,Platinum,355.09,355.09,4.8,No
P01681,FL0781,2025-03-28,Mumbai,Dubai,Airbus A380,On Time,0,Premium Economy,Travel Agent,Leisure,Bronze,601.16,601.16,4.3,No
P01682,FL0782,2025-03-08,Paris,Singapore,Airbus A380,On Time,0,Business,Mobile App,Leisure,Silver,2783.91,2783.91,5,No
P01683,FL0783,2025-08-08,Frankfurt,Bangkok,Boeing 787,On Time,0,Economy,Mobile App,Visiting Friends/Relatives,Platinum,185.54,185.54,4.8,No
P01684,FL0784,2025-04-13,Dubai,Sydney,Boeing 777,Delayed,33,Economy,Website,Business,Bronze,395.34,395.34,3.4,No
P01685,FL0785,2025-01-10,New York,Dubai,Airbus A320,On Time,0,Economy,Travel Agent,Visiting Friends/Relatives,Silver,212.65,212.65,4.2,No
P01686,FL0786,2025-12-22,Doha,Paris,Boeing 777,On Time,0,Economy,Website,Business,Gold,186.72,186.72,4.8,No
P01687,FL0787,2025-09-15,London,Bangkok,Airbus A380,On Time,0,Economy,Website,Leisure,Silver,407.09,407.09,4.2,No
P01688,FL0788,2025-06-02,London,Singapore,Boeing 777,On Time,0,Economy,Mobile App,Visiting Friends/Relatives,Gold,466.1,466.1,4.0,No
P01689,FL0789,2025-09-26,New York,Tokyo,Boeing 777,On Time,0,Economy,Website,Leisure,Bronze,227.11,227.11,4.3,Yes
P01690,FL0790,2025-09-08,Singapore,Frankfurt,Boeing 777,On Time,0,Economy,Mobile App,Visiting Friends/Relatives,Silver,194.35,204.07,4.2,Yes
P01691,FL0791,2025-01-10,Singapore,Bangkok,Airbus A350,On Time,0,Business,Corporate,Visiting Friends/Relatives,Gold,2239.58,2239.58,3.5,No
P01692,FL0792,2025-01-12,Singapore,Paris,Airbus A380,On Time,0,Business,Travel Agent,Leisure,Gold,1363.73,1363.73,4.7,No
P01693,FL0793,2025-12-31,London,Frankfurt,Airbus A320,On Time,0,Economy,Mobile App,Business,Gold,285.09,285.09,3.6,No
P01694,FL0794,2025-11-16,Mumbai,Sydney,Airbus A320,On Time,0,Economy,Travel Agent,Business,Silver,439.39,439.39,3.3,No
P01695,FL0795,2025-02-25,Dubai,Toronto,Airbus A320,On Time,0,Premium Economy,Website,Business,Platinum,753.63,791.31,4.4,No
P01696,FL0796,2025-08-16,London,Bangkok,Boeing 787,On Time,0,Economy,Mobile App,Business,Bronze,448.95,471.4,4.2,No
P01697,FL0797,2025-12-26,Mumbai,New York,Airbus A350,On Time,0,Economy,Website,Business,Platinum,483.47,483.47,4.9,No
P01698,FL0798,2025-08-04,Dubai,Mumbai,Airbus A320,On Time,0,Economy,Mobile App,Business,Bronze,405.71,405.71,2.8,No
P01699,FL0799,2025-11-07,Mumbai,Tokyo,Airbus A350,On Time,0,Economy,Corporate,Business,Platinum,377.67,396.55,4.6,No
P01700,FL0800,2025-11-13,London,Sydney,Airbus A320,On Time,0,Economy,Mobile App,Visiting Friends/Relatives,Bronze,401.06,421.11,3.2,No
P01701,FL0801,2025-04-12,London,New York,Airbus A380,On Time,0,Economy,Mobile App,Leisure,Bronze,351.52,351.52,3.9,No
P01702,FL0802,2025-04-14,Mumbai,Sydney,Boeing 777,On Time,0,Premium Economy,Website,Business,Bronze,498.11,498.11,4.5,No
P01703,FL0803,2025-01-21,Mumbai,Doha,Airbus A380,On Time,0,Premium Economy,Mobile App,Leisure,Silver,935.74,935.74,3.8,No
P01704,FL0804,2025-06-19,Doha,New York,Airbus A350,On Time,0,Economy,Website,Business,Gold,230.61,230.61,4.2,No
P01705,FL0805,2025-10-21,London,Doha,Boeing 787,On Time,0,Economy,Mobile App,Visiting Friends/Relatives,Gold,298.93,313.88,3.5,No
P01706,FL0806,2025-02-08,London,Sydney,Airbus A320,Delayed,5,Economy,Website,Leisure,Bronze,366.43,366.43,3.7,No
P01707,FL0807,2025-06-01,Doha,New York,Boeing 777,On Time,0,Business,Travel Agent,Visiting Friends/Relatives,Silver,2533.06,2533.06,4.9,No
P01708,FL0808,2025-01-21,London,Dubai,Boeing 777,On Time,0,Economy,Travel Agent,Visiting Friends/Relatives,Bronze,310.69,310.69,4.2,No
P01709,FL0809,2025-03-01,Bangkok,Frankfurt,Airbus A320,Delayed,19,Premium Economy,Mobile App,Visiting Friends/Relatives,Silver,620.95,620.95,2.4,No
P01710,FL0810,2025-11-28,Singapore,Toronto,Airbus A350,On Time,0,Economy,Travel Agent,Leisure,Bronze,424.27,445.48,4.7,No
P01711,FL0811,2025-05-18,Paris,Tokyo,Airbus A320,On Time,0,Business,Mobile App,Business,Bronze,1680.06,1680.06,5,Yes
P01712,FL0812,2025-02-28,Bangkok,Doha,Boeing 787,On Time,0,Economy,Corporate,Visiting Friends/Relatives,Silver,428.89,428.89,3.9,No
P01713,FL0813,2025-07-17,Paris,Mumbai,Boeing 787,Delayed,16,Economy,Mobile App,Business,Bronze,366.81,385.15,3.9,No
P01714,FL0814,2025-03-09,Singapore,Doha,Airbus A320,Cancelled,0,First,Mobile App,Business,Silver,3779.73,3779.73,2.3,No
P01715,FL0815,2025-08-02,Singapore,Doha,Airbus A380,On Time,0,Economy,Website,Leisure,Platinum,200.96,211.01,4.2,No
P01716,FL0816,2025-08-13,Sydney,Toronto,Airbus A350,On Time,0,Economy,Website,Visiting Friends/Relatives,Platinum,220.14,220.14,4.6,No
P01717,FL0817,2025-01-15,Bangkok,Tokyo,Airbus A350,On Time,0,Economy,Corporate,Visiting Friends/Relatives,Bronze,391.91,391.91,4.7,No
P01718,FL0818,2025-07-30,Paris,Singapore,Boeing 787,On Time,0,Economy,Mobile App,Leisure,Silver,206.43,206.43,4.7,No
P01719,FL0819,2025-06-10,Mumbai,Toronto,Airbus A320,On Time,0,Economy,Website,Business,Silver,235.57,247.35,3.9,No
P01720,FL0820,2025-10-17,New York,Tokyo,Airbus A350,Cancelled,0,Business,Travel Agent,Visiting Friends/Relatives,Platinum,2155.01,2155.01,2.9,No
P01721,FL0821,2025-09-25,Bangkok,Sydney,Airbus A380,On Time,0,Economy,Website,Business,Platinum,181.51,190.59,3.4,No
P01722,FL0822,2025-06-27,Doha,New York,Boeing 787,On Time,0,Business,Website,Leisure,Silver,1720.59,1806.62,3.1,No
P01723,FL0823,2025-01-28,New York,Tokyo,Airbus A320,On Time,0,Business,Website,Visiting Friends/Relatives,Gold,2437.56,2437.56,4.2,No
P01724,FL0824,2025-08-29,Singapore,Sydney,Boeing 787,Delayed,30,Economy,Travel Agent,Business,Bronze,189.73,189.73,3.9,No
P01725,FL0825,2025-05-23,Doha,Frankfurt,Airbus A320,On Time,0,Economy,Website,Business,Bronze,316.15,331.96,4.1,No
P01726,FL0826,2025-07-13,New York,Toronto,Boeing 787,Delayed,24,Economy,Mobile App,Business,Silver,327.58,327.58,3.9,No
P01727,FL0827,2025-08-16,London,New York,Airbus A380,On Time,0,Business,Travel Agent,Business,Bronze,2220.11,2220.11,3.8,No
P01728,FL0828,2025-06-11,Paris,New York,Airbus A320,Cancelled,0,Premium Economy,Mobile App,Business,Silver,528.72,555.16,2.8,No
P01729,FL0829,2025-07-26,Dubai,Singapore,Boeing 787,On Time,0,Business,Website,Business,Gold,1599.84,1599.84,4.1,No
P01730,FL0830,2025-02-16,New York,London,Airbus A380,Delayed,1,Economy,Website,Leisure,Bronze,389.74,389.74,3.4,No
P01731,FL0831,2025-12-02,New York,Dubai,Boeing 787,Delayed,1,Economy,Travel Agent,Business,Bronze,359.61,359.61,3.9,No
P01732,FL0832,2025-04-25,Bangkok,London,Boeing 787,On Time,0,Economy,Corporate,Business,Silver,452.44,452.44,4.2,No
P01733,FL0833,2025-08-31,Sydney,Tokyo,Boeing 777,On Time,0,Economy,Corporate,Leisure,Silver,237.12,237.12,3.9,No
P01734,FL0834,2025-12-04,London,Doha,Airbus A350,On Time,0,Economy,Travel Agent,Leisure,Gold,233.32,244.99,3.5,No
P01735,FL0835,2025-05-30,Bangkok,Toronto,Airbus A380,On Time,0,Economy,Website,Visiting Friends/Relatives,Bronze,204.04,204.04,4.5,No
P01736,FL0836,2025-03-26,London,Singapore,Boeing 787,On Time,0,Economy,Website,Business,Gold,415.5,436.28,5,No
P01737,FL0837,2025-05-11,Frankfurt,Singapore,Airbus A380,On Time,0,Economy,Website,Business,Silver,510.18,510.18,4.2,No
P01738,FL0838,2025-04-21,London,Bangkok,Boeing 787,Delayed,21,Economy,Mobile App,Business,Silver,399.94,399.94,3.3,No
P01739,FL0839,2025-11-21,Frankfurt,London,Airbus A380,On Time,0,Economy,Website,Business,Bronze,428.39,428.39,3.9,No
P01740,FL0840,2025-12-04,Paris,New York,Airbus A380,Delayed,28,Economy,Website,Visiting Friends/Relatives,Bronze,269.01,269.01,2.8,No
P01741,FL0841,2025-01-03,Singapore,New York,Airbus A380,On Time,0,Economy,Mobile App,Business,Gold,256.52,256.52,5,No
P01742,FL0842,2025-10-27,New York,Frankfurt,Boeing 787,Delayed,23,Economy,Travel Agent,Business,Silver,413.13,413.13,3.4,Yes
P01743,FL0843,2025-03-07,Sydney,Doha,Airbus A320,On Time,0,Economy,Website,Business,Gold,275.93,275.93,4.5,No
P01744,FL0844,2025-06-14,Sydney,Tokyo,Airbus A380,Delayed,1,Economy,Website,Business,Silver,262.16,262.16,4.3,No
P01745,FL0845,2025-12-21,Frankfurt,Tokyo,Airbus A350,On Time,0,Economy,Website,Leisure,Silver,241.97,241.97,3.8,No
P01746,FL0846,2025-08-20,Bangkok,Paris,Airbus A350,On Time,0,Economy,Mobile App,Business,Bronze,451.42,451.42,3.2,No
P01747,FL0847,2025-06-03,Sydney,New York,Airbus A380,Delayed,11,Economy,Website,Leisure,Bronze,356.61,356.61,3.2,No
P01748,FL0848,2025-04-18,Doha,Paris,Airbus A380,On Time,0,Premium Economy,Website,Visiting Friends/Relatives,Platinum,669.86,703.35,4.2,No
P01749,FL0849,2025-03-09,Bangkok,Toronto,Airbus A350,On Time,0,Economy,Mobile App,Business,Silver,387.81,387.81,4.5,No
P01750,FL0850,2025-06-30,Bangkok,Singapore,Airbus A380,On Time,0,First,Website,Visiting Friends/Relatives,Bronze,3789.7,3789.7,4.6,No
P01751,FL0851,2025-12-30,Sydney,Toronto,Boeing 787,On Time,0,Economy,Website,Visiting Friends/Relatives,Bronze,250.02,250.02,5,No
P01752,FL0852,2025-08-05,New York,Paris,Airbus A320,On Time,0,Business,Mobile App,Business,Silver,1827.18,1918.54,4.0,No
P01753,FL0853,2025-03-16,Dubai,Bangkok,Airbus A320,On Time,0,Business,Website,Visiting Friends/Relatives,Silver,1939.22,1939.22,3.9,No
P01754,FL0854,2025-03-24,Doha,Mumbai,Boeing 777,On Time,0,Business,Mobile App,Leisure,Silver,2122.91,2122.91,4.0,No
P01755,FL0855,2025-12-20,Singapore,London,Boeing 777,On Time,0,Economy,Travel Agent,Leisure,Bronze,432.36,453.98,4.9,No
P01756,FL0856,2025-07-03,New York,London,Boeing 787,On Time,0,Economy,Mobile App,Leisure,Platinum,309.18,309.18,4.7,No
P01757,FL0857,2025-11-28,New York,Dubai,Airbus A380,On Time,0,Economy,Mobile App,Leisure,Platinum,325.23,325.23,4.1,No
P01758,FL0858,2025-12-21,New York,Paris,Airbus A320,Delayed,1,Economy,Mobile App,Business,Silver,302.76,302.76,3.4,No
P01759,FL0859,2025-12-17,Frankfurt,Bangkok,Boeing 777,Delayed,36,Business,Mobile App,Visiting Friends/Relatives,Bronze,1983.5,1983.5,3.8,No
P01760,FL0860,2025-08-15,Doha,Tokyo,Airbus A350,Delayed,24,Economy,Mobile App,Business,Bronze,253.85,266.54,4.2,No
P01761,FL0861,2025-10-07,Bangkok,Tokyo,Airbus A380,On Time,0,Business,Travel Agent,Business,Gold,3018.29,3018.29,5,No
P01762,FL0862,2025-08-18,Doha,Mumbai,Airbus A350,Cancelled,0,Economy,Website,Leisure,Silver,251.9,251.9,2.9,No
P01763,FL0863,2025-03-30,London,Dubai,Airbus A380,On Time,0,Economy,Mobile App,Leisure,Bronze,342.54,342.54,3.5,Yes
P01764,FL0864,2025-05-23,Dubai,Bangkok,Airbus A380,On Time,0,Economy,Website,Business,Bronze,247.77,247.77,4.3,No
P01765,FL0865,2025-05-11,Singapore,Tokyo,Airbus A320,On Time,0,Economy,Corporate,Leisure,Gold,343.7,343.7,3.6,No
P01766,FL0866,2025-03-20,Singapore,London,Boeing 777,On Time,0,Economy,Travel Agent,Leisure,Gold,317.75,333.64,4.2,Yes
P01767,FL0867,2025-06-04,Sydney,Toronto,Boeing 787,Delayed,13,Premium Economy,Corporate,Visiting Friends/Relatives,Gold,910.63,910.63,3.9,Yes
P01768,FL0868,2025-04-23,Bangkok,Sydney,Airbus A350,On Time,0,Economy,Travel Agent,Business,Silver,273.25,273.25,3.7,No
P01769,FL0869,2025-08-01,New York,Doha,Airbus A380,On Time,0,Economy,Corporate,Visiting Friends/Relatives,Bronze,398.78,418.72,4.5,No
P01770,FL0870,2025-04-24,London,Frankfurt,Airbus A350,On Time,0,Economy,Travel Agent,Leisure,Silver,226.39,226.39,5,No
P01771,FL0871,2025-05-31,Bangkok,Mumbai,Airbus A350,Delayed,16,Premium Economy,Mobile App,Leisure,Silver,569.45,597.92,3.3,No
P01772,FL0872,2025-09-01,Sydney,New York,Airbus A380,Delayed,19,Economy,Travel Agent,Leisure,Platinum,397.8,397.8,3.4,No
P01773,FL0873,2025-05-04,Bangkok,New York,Airbus A380,Delayed,17,Economy,Mobile App,Leisure,Gold,328.01,328.01,3.4,No
P01774,FL0874,2025-12-16,Doha,London,Boeing 777,On Time,0,Economy,Website,Leisure,Bronze,353.25,353.25,4.2,No
P01775,FL0875,2025-05-12,London,Bangkok,Airbus A380,On Time,0,Economy,Mobile App,Leisure,Silver,227.98,227.98,4.6,No
P01776,FL0876,2025-07-11,Dubai,Sydney,Airbus A380,Delayed,14,Business,Mobile App,Business,Bronze,1247.59,1247.59,3.7,No
P01777,FL0877,2025-09-21,Doha,Frankfurt,Airbus A320,Delayed,19,Economy,Website,Leisure,Gold,313.85,329.54,3.1,Yes
P01778,FL0878,2025-10-01,Singapore,Sydney,Airbus A320,On Time,0,Premium Economy,Website,Leisure,Gold,721.64,721.64,3.9,No
P01779,FL0879,2025-11-19,Doha,Toronto,Airbus A350,Delayed,13,Economy,Mobile App,Business,Gold,259.55,259.55,3.3,No
P01780,FL0880,2025-11-28,New York,Frankfurt,Airbus A320,On Time,0,Economy,Website,Business,Silver,262.06,262.06,3.5,No
P01781,FL0881,2025-08-24,Singapore,London,Boeing 777,On Time,0,Premium Economy,Mobile App,Visiting Friends/Relatives,Bronze,690.25,724.76,4.3,No
P01782,FL0882,2025-04-02,London,Singapore,Boeing 777,On Time,0,Economy,Travel Agent,Visiting Friends/Relatives,Silver,531.27,557.83,4.2,No
P01783,FL0883,2025-05-13,Sydney,Dubai,Boeing 787,On Time,0,Economy,Mobile App,Business,Platinum,396.5,396.5,4.8,No
P01784,FL0884,2025-06-11,Frankfurt,Bangkok,Airbus A320,On Time,0,Business,Website,Business,Bronze,3136.95,3136.95,3.1,No
P01785,FL0885,2025-01-04,London,Sydney,Airbus A380,On Time,0,Economy,Mobile App,Business,Bronze,419.57,440.55,4.6,No
P01786,FL0886,2025-12-25,Sydney,London,Airbus A320,On Time,0,Economy,Website,Business,Silver,295.09,295.09,3.1,No
P01787,FL0887,2025-05-29,New York,Singapore,Boeing 777,On Time,0,Economy,Mobile App,Business,Silver,347.17,364.53,4.7,No
P01788,FL0888,2025-07-15,Mumbai,New York,Boeing 787,Delayed,20,Business,Website,Visiting Friends/Relatives,Gold,1281.24,1345.3,4.3,No
P01789,FL0889,2025-03-22,Dubai,New York,Airbus A380,On Time,0,Economy,Mobile App,Business,Gold,321.62,321.62,3.8,No
P01790,FL0890,2025-06-01,Frankfurt,Sydney,Airbus A350,On Time,0,Economy,Travel Agent,Visiting Friends/Relatives,Gold,205.39,205.39,4.0,No
P01791,FL0891,2025-10-11,Bangkok,London,Airbus A380,On Time,0,Economy,Travel Agent,Business,Silver,494.66,494.66,3.5,No
P01792,FL0892,2025-10-21,Dubai,London,Airbus A380,On Time,0,Economy,Mobile App,Business,Gold,376.22,376.22,3.7,No
P01793,FL0893,2025-06-06,New York,Singapore,Airbus A350,On Time,0,Business,Travel Agent,Visiting Friends/Relatives,Silver,2222.76,2222.76,4.1,Yes
P01794,FL0894,2025-07-31,Bangkok,Dubai,Airbus A380,On Time,0,Economy,Mobile App,Business,Silver,456.47,456.47,3.9,No
P01795,FL0895,2025-11-12,Singapore,Paris,Boeing 777,On Time,0,Economy,Mobile App,Business,Gold,154.08,154.08,3.6,No
P01796,FL0896,2025-10-18,Singapore,Toronto,Airbus A320,Delayed,53,Premium Economy,Website,Business,Silver,450.78,450.78,3.4,No
P01797,FL0897,2025-10-09,Paris,Toronto,Airbus A320,On Time,0,Economy,Corporate,Business,Gold,418.34,418.34,4.0,No
P01798,FL0898,2025-02-20,London,Mumbai,Airbus A350,On Time,0,Premium Economy,Website,Leisure,Platinum,714.66,714.66,3.8,No
P01799,FL0899,2025-07-02,Paris,Frankfurt,Airbus A350,On Time,0,Economy,Website,Leisure,Bronze,436.83,458.67,4.8,No
P01800,FL0900,2025-05-26,Doha,Singapore,Airbus A380,On Time,0,Economy,Website,Visiting Friends/Relatives,Gold,194.23,194.23,3.9,No
P01801,FL0001,2025-05-21,London,Singapore,Airbus A350,On Time,0,Economy,Corporate,Leisure,Silver,290.16,290.16,3.3,No
P01802,FL0002,2025-10-07,London,Toronto,Airbus A320,On Time,0,Economy,Corporate,Visiting Friends/Relatives,Bronze,352.82,352.82,4.9,No
P01803,FL0003,2025-02-17,Dubai,London,Airbus A350,On Time,0,First,Travel Agent,Leisure,Bronze,4557.08,4557.08,4.7,No
P01804,FL0004,2025-10-15,Sydney,London,Airbus A350,On Time,0,Economy,Mobile App,Visiting Friends/Relatives,Bronze,338.56,338.56,5,Yes
P01805,FL0005,2025-04-23,New York,Frankfurt,Boeing 787,On Time,0,Economy,Mobile App,Leisure,Silver,308.45,308.45,4.5,No
P01806,FL0006,2025-12-24,Dubai,Doha,Boeing 787,On Time,0,Business,Website,Visiting Friends/Relatives,Silver,1275.96,1275.96,4.6,No
P01807,FL0007,2025-06-22,Singapore,Paris,Airbus A320,On Time,0,Economy,Travel Agent,Leisure,Gold,292.24,292.24,4.1,No
P01808,FL0008,2025-06-26,London,Frankfurt,Airbus A380,On Time,0,Economy,Mobile App,Business,Bronze,303.56,303.56,3.2,No
P01809,FL0009,2025-10-02,Dubai,New York,Airbus A320,Cancelled,0,Business,Website,Business,Bronze,2712.95,2712.95,2.5,No
P01810,FL0010,2025-10-10,Frankfurt,Singapore,Boeing 777,Delayed,1,Economy,Website,Visiting Friends/Relatives,Bronze,261.13,274.19,3.8,No
P01811,FL0011,2025-12-27,Sydney,Dubai,Airbus A320,On Time,0,Economy,Website,Visiting Friends/Relatives,Bronze,241.11,241.11,4.1,No
P01812,FL0012,2025-02-10,Doha,Mumbai,Airbus A350,Delayed,1,Premium Economy,Mobile App,Leisure,Bronze,1019.79,1019.79,4.3,No
P01813,FL0013,2025-08-21,Frankfurt,Paris,Boeing 777,On Time,0,Economy,Website,Leisure,Bronze,263.91,277.11,4.3,No
P01814,FL0014,2025-12-10,Bangkok,Dubai,Boeing 777,On Time,0,Business,Travel Agent,Visiting Friends/Relatives,Silver,2362.23,2362.23,3.7,No
P01815,FL0015,2025-11-22,London,Tokyo,Airbus A350,On Time,0,Business,Travel Agent,Business,Gold,3378.0,3378.0,4.9,No
P01816,FL0016,2025-08-25,Doha,Dubai,Boeing 787,On Time,0,Economy,Website,Leisure,Silver,463.17,463.17,5,No
P01817,FL0017,2025-12-17,New York,Dubai,Boeing 777,Delayed,19,Premium Economy,Mobile App,Business,Platinum,642.56,642.56,4.4,No
P01818,FL0018,2025-07-25,Dubai,Frankfurt,Boeing 777,On Time,0,Business,Mobile App,Leisure,Silver,2057.28,2160.14,4.2,No
P01819,FL0019,2025-04-19,Sydney,Mumbai,Boeing 787,On Time,0,Premium Economy,Mobile App,Leisure,Bronze,505.83,531.12,4.5,No
P01820,FL0020,2025-05-16,Paris,Doha,Airbus A350,On Time,0,Economy,Corporate,Visiting Friends/Relatives,Silver,527.71,554.1,4.8,No
P01821,FL0021,2025-05-15,New York,Sydney,Airbus A380,On Time,0,Economy,Mobile App,Leisure,Gold,329.58,346.06,5,No
P01822,FL0022,2025-07-05,Sydney,Frankfurt,Airbus A350,Cancelled,0,Economy,Website,Business,Bronze,348.34,365.76,3.0,No
P01823,FL0023,2025-09-10,Singapore,Sydney,Airbus A320,On Time,0,Business,Website,Visiting Friends/Relatives,Platinum,1411.93,1411.93,4.3,No
P01824,FL0024,2025-11-18,London,Dubai,Airbus A350,Delayed,9,Economy,Corporate,Visiting Friends/Relatives,Silver,287.71,302.1,3.9,No
P01825,FL0025,2025-02-02,Frankfurt,Tokyo,Boeing 787,On Time,0,Economy,Corporate,Visiting Friends/Relatives,Gold,351.71,351.71,4.1,No
P01826,FL0026,2025-05-09,Paris,Sydney,Airbus A380,Delayed,37,Economy,Website,Visiting Friends/Relatives,Silver,337.43,354.3,4.1,No
P01827,FL0027,2025-11-25,New York,Paris,Boeing 777,On Time,0,Economy,Website,Business,Bronze,453.93,453.93,4.8,No
P01828,FL0028,2025-08-21,Frankfurt,Doha,Airbus A320,Delayed,19,Economy,Mobile App,Business,Platinum,288.95,303.4,4.2,No
P01829,FL0029,2025-04-02,Mumbai,Sydney,Airbus A380,Delayed,24,Premium Economy,Mobile App,Leisure,Silver,386.97,386.97,3.6,No
P01830,FL0030,2025-04-12,New York,Tokyo,Airbus A350,On Time,0,Economy,Mobile App,Visiting Friends/Relatives,Bronze,313.74,313.74,3.7,No
P01831,FL0031,2025-09-29,Singapore,Sydney,Airbus A320,On Time,0,Economy,Website,Business,Gold,456.53,456.53,4.4,No
P01832,FL0032,2025-02-27,Paris,London,Boeing 777,Delayed,10,Economy,Mobile App,Visiting Friends/Relatives,Bronze,213.95,213.95,3.7,No
P01833,FL0033,2025-01-30,Mumbai,Dubai,Airbus A350,Delayed,22,Economy,Mobile App,Business,Silver,209.78,209.78,3.9,No
P01834,FL0034,2025-09-30,Paris,Singapore,Airbus A350,On Time,0,Economy,Travel Agent,Visiting Friends/Relatives,Bronze,272.58,272.58,4.6,No
P01835,FL0035,2025-03-26,Paris,Sydney,Boeing 777,On Time,0,Business,Website,Business,Bronze,1969.58,1969.58,4.2,No
P01836,FL0036,2025-04-19,Sydney,Frankfurt,Airbus A380,On Time,0,Business,Mobile App,Leisure,Gold,2299.9,2414.89,4.1,No
P01837,FL0037,2025-07-24,Doha,Mumbai,Boeing 777,On Time,0,Premium Economy,Corporate,Business,Bronze,649.22,649.22,5.0,No
P01838,FL0038,2025-03-03,New York,Bangkok,Airbus A350,On Time,0,Economy,Mobile App,Visiting Friends/Relatives,Platinum,313.37,313.37,4.4,No
P01839,FL0039,2025-10-29,Bangkok,London,Airbus A380,On Time,0,Economy,Website,Visiting Friends/Relatives,Gold,316.65,316.65,3.5,No
P01840,FL0040,2025-02-06,Doha,London,Airbus A320,On Time,0,Economy,Travel Agent,Business,Silver,450.23,450.23,3.7,No
P01841,FL0041,2025-02-06,Dubai,Frankfurt,Airbus A380,On Time,0,Economy,Mobile App,Business,Gold,397.84,417.73,4.2,No
P01842,FL0042,2025-10-04,Paris,Dubai,Airbus A350,On Time,0,Economy,Travel Agent,Business,Bronze,474.53,474.53,4.3,No
P01843,FL0043,2025-08-31,Sydney,Tokyo,Airbus A350,Delayed,16,Economy,Travel Agent,Business,Silver,339.67,356.65,3.7,No
P01844,FL0044,2025-02-18,Frankfurt,Dubai,Airbus A320,On Time,0,Economy,Website,Visiting Friends/Relatives,Platinum,345.95,363.25,4.1,No
P01845,FL0045,2025-07-30,Bangkok,Frankfurt,Boeing 787,Delayed,34,Economy,Website,Leisure,Bronze,250.03,250.03,3.2,No
P01846,FL0046,2025-07-26,London,Singapore,Boeing 777,Delayed,23,Economy,Website,Leisure,Platinum,281.03,281.03,4.0,Yes
P01847,FL0047,2025-04-09,London,Paris,Airbus A350,On Time,0,Premium Economy,Mobile App,Business,Platinum,935.51,982.29,4.4,Yes
P01848,FL0048,2025-04-04,Singapore,Bangkok,Boeing 777,On Time,0,Economy,Travel Agent,Leisure,Gold,173.69,173.69,3.4,No
P01849,FL0049,2025-10-09,London,New York,Airbus A320,On Time,0,Economy,Website,Business,Silver,390.91,410.46,4.0,No
P01850,FL0050,2025-02-17,New York,London,Airbus A350,On Time,0,Economy,Travel Agent,Leisure,Bronze,301.54,301.54,4.9,No
P01851,FL0051,2025-04-20,Paris,New York,Boeing 787,Delayed,18,Economy,Mobile App,Leisure,Gold,251.83,251.83,4.2,No
P01852,FL0052,2025-08-21,Frankfurt,Paris,Boeing 777,On Time,0,Business,Website,Business,Bronze,3100.68,3100.68,5,No
P01853,FL0053,2025-09-07,New York,Toronto,Airbus A350,On Time,0,Business,Travel Agent,Leisure,Silver,2046.28,2046.28,3.7,No
P01854,FL0054,2025-10-24,Doha,London,Airbus A380,On Time,0,Economy,Travel Agent,Business,Platinum,301.63,316.71,4.7,No
P01855,FL0055,2025-01-26,Bangkok,London,Airbus A380,On Time,0,Economy,Mobile App,Leisure,Bronze,220.81,231.85,4.0,Yes
P01856,FL0056,2025-01-30,New York,Doha,Airbus A380,On Time,0,Premium Economy,Website,Business,Bronze,512.93,538.58,3.8,No
P01857,FL0057,2025-11-01,Singapore,Doha,Airbus A320,On Time,0,Economy,Website,Visiting Friends/Relatives,Silver,362.11,362.11,4.6,No
P01858,FL0058,2025-03-03,Doha,Bangkok,Airbus A380,On Time,0,Economy,Travel Agent,Business,Bronze,345.95,345.95,4.7,No
P01859,FL0059,2025-11-14,Sydney,London,Airbus A320,On Time,0,Economy,Mobile App,Visiting Friends/Relatives,Gold,307.82,307.82,4.3,No
P01860,FL0060,2025-09-25,Sydney,Tokyo,Boeing 777,Delayed,18,Economy,Mobile App,Leisure,Silver,307.89,323.28,3.1,No
P01861,FL0061,2025-06-10,Doha,Toronto,Airbus A350,On Time,0,Economy,Website,Leisure,Gold,235.45,235.45,5,No
P01862,FL0062,2025-11-27,Singapore,Toronto,Boeing 777,On Time,0,Economy,Travel Agent,Leisure,Bronze,343.67,360.85,4.0,No
P01863,FL0063,2025-08-23,London,Singapore,Airbus A380,Cancelled,0,Economy,Mobile App,Leisure,Bronze,495.63,495.63,3.2,Yes
P01864,FL0064,2025-10-03,London,Doha,Airbus A350,On Time,0,Economy,Mobile App,Visiting Friends/Relatives,Bronze,296.76,311.6,4.7,No
P01865,FL0065,2025-02-05,Singapore,Frankfurt,Airbus A350,On Time,0,Economy,Website,Leisure,Platinum,393.42,413.09,4.6,No
P01866,FL0066,2025-10-06,Singapore,New York,Boeing 777,On Time,0,Business,Mobile App,Business,Gold,1178.8,1178.8,5,No
P01867,FL0067,2025-12-08,New York,London,Airbus A380,On Time,0,Economy,Website,Business,Bronze,216.35,216.35,4.8,No
P01868,FL0068,2025-05-16,London,Dubai,Airbus A320,Delayed,17,Economy,Website,Visiting Friends/Relatives,Bronze,251.86,251.86,3.8,No
P01869,FL0069,2025-04-18,Mumbai,Tokyo,Boeing 777,On Time,0,Premium Economy,Mobile App,Leisure,Gold,810.49,810.49,5.0,No
P01870,FL0070,2025-09-08,Mumbai,Sydney,Boeing 777,Delayed,11,Economy,Mobile App,Visiting Friends/Relatives,Bronze,181.85,190.94,2.8,No
P01871,FL0071,2025-11-21,Dubai,Singapore,Boeing 787,Delayed,28,Economy,Mobile App,Visiting Friends/Relatives,Platinum,484.4,484.4,4.0,No
P01872,FL0072,2025-05-15,Singapore,Toronto,Airbus A350,On Time,0,Economy,Corporate,Business,Gold,306.71,306.71,3.8,No
P01873,FL0073,2025-10-15,New York,Frankfurt,Airbus A320,On Time,0,Business,Travel Agent,Business,Bronze,2109.81,2109.81,4.7,No
P01874,FL0074,2025-01-19,Singapore,Sydney,Boeing 777,On Time,0,Economy,Travel Agent,Visiting Friends/Relatives,Gold,224.14,235.35,4.3,No
P01875,FL0075,2025-03-07,Singapore,Bangkok,Airbus A320,On Time,0,Economy,Website,Business,Bronze,357.6,375.48,4.6,No
P01876,FL0076,2025-04-18,Dubai,Frankfurt,Airbus A350,On Time,0,Economy,Travel Agent,Visiting Friends/Relatives,Silver,275.61,289.39,5,No
P01877,FL0077,2025-07-28,Bangkok,Sydney,Airbus A380,On Time,0,Economy,Travel Agent,Visiting Friends/Relatives,Bronze,223.81,223.81,3.8,No
P01878,FL0078,2025-04-01,Doha,Dubai,Boeing 787,On Time,0,Economy,Website,Visiting Friends/Relatives,Bronze,274.4,274.4,4.2,No
P01879,FL0079,2025-12-09,Bangkok,Frankfurt,Airbus A350,On Time,0,Economy,Mobile App,Business,Silver,282.89,282.89,5,No
P01880,FL0080,2025-01-20,London,Bangkok,Boeing 787,On Time,0,First,Website,Leisure,Bronze,3727.72,3727.72,4.0,No
P01881,FL0081,2025-06-06,Paris,Frankfurt,Airbus A350,On Time,0,Economy,Website,Business,Bronze,348.08,348.08,4.6,Yes
P01882,FL0082,2025-06-18,Doha,Bangkok,Boeing 777,Delayed,20,Business,Mobile App,Business,Bronze,1529.51,1605.99,4.5,No
P01883,FL0083,2025-11-25,Mumbai,Frankfurt,Airbus A380,On Time,0,Economy,Corporate,Leisure,Platinum,458.73,458.73,4.2,No
P01884,FL0084,2025-01-15,New York,Mumbai,Airbus A320,Delayed,16,Economy,Mobile App,Visiting Friends/Relatives,Bronze,329.63,346.11,3.8,No
P01885,FL0085,2025-02-25,Mumbai,London,Airbus A380,On Time,0,Economy,Travel Agent,Business,Gold,441.84,441.84,3.8,No
P01886,FL0086,2025-11-07,Bangkok,Frankfurt,Airbus A380,On Time,0,Economy,Mobile App,Leisure,Silver,447.82,447.82,3.7,Yes
P01887,FL0087,2025-05-11,Sydney,Dubai,Airbus A320,On Time,0,Premium Economy,Travel Agent,Leisure,Silver,502.76,502.76,4.2,No
P01888,FL0088,2025-10-03,Dubai,Sydney,Airbus A350,On Time,0,Premium Economy,Website,Business,Silver,792.67,832.3,4.2,No
P01889,FL0089,2025-06-19,London,Toronto,Airbus A380,On Time,0,Premium Economy,Travel Agent,Visiting Friends/Relatives,Gold,849.59,892.07,5.0,No
P01890,FL0090,2025-09-17,London,Mumbai,Boeing 777,On Time,0,Economy,Website,Leisure,Platinum,192.95,202.6,5,No
P01891,FL0091,2025-12-23,Bangkok,Frankfurt,Boeing 777,On Time,0,Economy,Website,Leisure,Gold,350.38,367.9,4.4,No
P01892,FL0092,2025-12-07,Doha,Bangkok,Boeing 787,On Time,0,Business,Travel Agent,Visiting Friends/Relatives,Platinum,1685.45,1685.45,4.1,No
P01893,FL0093,2025-10-19,Singapore,Tokyo,Boeing 777,On Time,0,Business,Website,Business,Bronze,1097.4,1097.4,3.5,No
P01894,FL0094,2025-05-27,Dubai,Mumbai,Airbus A350,On Time,0,Economy,Travel Agent,Visiting Friends/Relatives,Silver,289.36,289.36,4.5,No
P01895,FL0095,2025-12-02,Sydney,Tokyo,Boeing 777,On Time,0,Economy,Mobile App,Visiting Friends/Relatives,Gold,353.6,371.28,4.5,No
P01896,FL0096,2025-04-20,Paris,Toronto,Airbus A380,On Time,0,Business,Website,Leisure,Silver,2068.65,2068.65,4.4,No
P01897,FL0097,2025-02-13,Singapore,Toronto,Boeing 777,On Time,0,Premium Economy,Corporate,Business,Silver,576.73,576.73,4.9,No
P01898,FL0098,2025-02-17,Sydney,Mumbai,Airbus A350,On Time,0,Business,Mobile App,Leisure,Silver,1906.72,1906.72,2.7,No
P01899,FL0099,2025-03-17,Doha,Paris,Airbus A320,On Time,0,Economy,Website,Leisure,Silver,300.81,300.81,4.6,No
P01900,FL0100,2025-02-07,Paris,Tokyo,Boeing 787,On Time,0,Economy,Website,Leisure,Bronze,302.18,302.18,4.0,No
P01901,FL0101,2025-12-23,Sydney,Dubai,Boeing 787,On Time,0,Economy,Corporate,Visiting Friends/Relatives,Bronze,371.49,371.49,4.1,No
P01902,FL0102,2025-12-02,Doha,Dubai,Airbus A320,Delayed,33,Economy,Mobile App,Leisure,Bronze,386.34,405.66,2.6,Yes
P01903,FL0103,2025-04-23,London,Bangkok,Airbus A350,Delayed,13,Economy,Website,Business,Gold,325.56,341.84,5,Yes
P01904,FL0104,2025-03-04,New York,Dubai,Boeing 787,On Time,0,Economy,Website,Leisure,Gold,296.66,296.66,4.9,No
P01905,FL0105,2025-09-29,Paris,Toronto,Airbus A380,On Time,0,Economy,Travel Agent,Business,Bronze,251.34,263.91,5,No
P01906,FL0106,2025-09-16,Paris,Tokyo,Boeing 787,Delayed,5,Business,Website,Leisure,Silver,2202.94,2202.94,3.5,No
P01907,FL0107,2025-03-23,New York,Bangkok,Boeing 787,On Time,0,Economy,Travel Agent,Visiting Friends/Relatives,Bronze,452.41,452.41,4.3,No
P01908,FL0108,2025-05-22,Doha,Toronto,Airbus A380,On Time,0,Economy,Travel Agent,Leisure,Silver,245.99,258.29,3.6,No
P01909,FL0109,2025-08-14,Doha,Mumbai,Airbus A320,On Time,0,First,Mobile App,Business,Bronze,5179.85,5179.85,3.5,No
P01910,FL0110,2025-06-21,Doha,Mumbai,Boeing 777,Delayed,24,Economy,Travel Agent,Leisure,Bronze,357.57,357.57,3.6,No
P01911,FL0111,2025-12-28,Frankfurt,Doha,Airbus A350,On Time,0,Premium Economy,Website,Visiting Friends/Relatives,Silver,536.07,536.07,4.4,No
P01912,FL0112,2025-10-05,Frankfurt,Mumbai,Boeing 787,On Time,0,Business,Travel Agent,Business,Bronze,2057.17,2057.17,4.2,No
P01913,FL0113,2025-07-19,Doha,Bangkok,Airbus A380,Delayed,21,Economy,Mobile App,Leisure,Bronze,573.82,573.82,3.2,No
P01914,FL0114,2025-07-14,Dubai,Tokyo,Boeing 787,On Time,0,Economy,Website,Leisure,Gold,389.07,389.07,5.0,No
P01915,FL0115,2025-07-19,Bangkok,Paris,Boeing 787,On Time,0,Economy,Mobile App,Visiting Friends/Relatives,Gold,346.81,364.15,4.8,No
P01916,FL0116,2025-04-23,New York,Tokyo,Boeing 787,On Time,0,Economy,Travel Agent,Visiting Friends/Relatives,Silver,332.48,332.48,4.4,No
P01917,FL0117,2025-01-15,Frankfurt,New York,Boeing 787,On Time,0,Economy,Website,Leisure,Bronze,201.33,201.33,3.6,No
P01918,FL0118,2025-08-28,Frankfurt,Doha,Airbus A350,Cancelled,0,Business,Website,Visiting Friends/Relatives,Silver,1538.58,1538.58,3.0,No
P01919,FL0119,2025-07-21,New York,London,Airbus A380,On Time,0,Economy,Mobile App,Business,Gold,373.94,373.94,4.7,No
P01920,FL0120,2025-11-26,Dubai,Singapore,Boeing 787,On Time,0,Economy,Travel Agent,Business,Bronze,365.77,365.77,3.6,No
P01921,FL0121,2025-01-26,Paris,Doha,Boeing 777,On Time,0,Business,Website,Business,Platinum,1895.65,1895.65,4.4,No
P01922,FL0122,2025-06-17,Doha,New York,Boeing 777,On Time,0,Economy,Travel Agent,Visiting Friends/Relatives,Bronze,347.99,347.99,5,Yes
P01923,FL0123,2025-08-04,Frankfurt,Paris,Boeing 777,Delayed,1,Economy,Website,Visiting Friends/Relatives,Bronze,283.45,297.62,3.5,No
P01924,FL0124,2025-04-25,Dubai,Frankfurt,Airbus A320,Delayed,21,Economy,Website,Visiting Friends/Relatives,Bronze,285.28,299.54,3.2,No
P01925,FL0125,2025-05-07,Dubai,London,Airbus A350,Delayed,11,Business,Mobile App,Leisure,Gold,1915.69,2011.47,3.9,No
P01926,FL0126,2025-02-28,Paris,Toronto,Airbus A380,Delayed,11,Economy,Mobile App,Visiting Friends/Relatives,Gold,319.04,319.04,2.5,No
P01927,FL0127,2025-07-08,Paris,Mumbai,Airbus A350,On Time,0,Economy,Website,Visiting Friends/Relatives,Silver,321.9,338.0,5,No
P01928,FL0128,2025-06-09,London,Dubai,Airbus A320,On Time,0,Economy,Travel Agent,Visiting Friends/Relatives,Bronze,316.51,316.51,3.6,No
P01929,FL0129,2025-12-13,Mumbai,Tokyo,Boeing 787,On Time,0,Economy,Mobile App,Visiting Friends/Relatives,Bronze,293.16,293.16,3.8,No
P01930,FL0130,2025-10-31,Doha,Singapore,Airbus A350,On Time,0,Economy,Mobile App,Business,Silver,271.14,271.14,4.4,No
P01931,FL0131,2025-11-04,Mumbai,Toronto,Airbus A320,Delayed,14,Economy,Mobile App,Visiting Friends/Relatives,Bronze,278.96,278.96,3.5,No
P01932,FL0132,2025-12-05,New York,Frankfurt,Boeing 777,On Time,0,Economy,Mobile App,Visiting Friends/Relatives,Silver,418.02,418.02,4.9,No
P01933,FL0133,2025-08-04,Bangkok,London,Boeing 787,On Time,0,Business,Website,Leisure,Gold,1400.52,1400.52,4.4,No
P01934,FL0134,2025-08-24,Bangkok,Toronto,Airbus A350,On Time,0,Economy,Mobile App,Leisure,Gold,261.98,261.98,3.7,Yes
P01935,FL0135,2025-05-19,New York,Toronto,Airbus A380,Delayed,16,Economy,Travel Agent,Visiting Friends/Relatives,Silver,220.09,220.09,3.0,No
P01936,FL0136,2025-08-27,New York,Bangkok,Boeing 787,Delayed,9,Economy,Mobile App,Business,Gold,473.23,473.23,4.6,No
P01937,FL0137,2025-05-23,Doha,Singapore,Boeing 787,On Time,0,Economy,Mobile App,Visiting Friends/Relatives,Gold,354.08,354.08,4.1,No
P01938,FL0138,2025-11-09,Paris,Tokyo,Boeing 787,On Time,0,Economy,Website,Visiting Friends/Relatives,Gold,311.41,311.41,4.4,No
P01939,FL0139,2025-04-04,Paris,Frankfurt,Boeing 787,On Time,0,Economy,Travel Agent,Business,Bronze,295.34,295.34,5,No
P01940,FL0140,2025-05-24,Mumbai,Frankfurt,Airbus A380,On Time,0,Business,Mobile App,Visiting Friends/Relatives,Gold,1379.15,1379.15,3.8,No
P01941,FL0141,2025-01-06,Mumbai,Sydney,Airbus A380,Delayed,12,Economy,Mobile App,Visiting Friends/Relatives,Silver,448.28,448.28,3.2,No
P01942,FL0142,2025-07-28,London,Paris,Boeing 787,On Time,0,Economy,Mobile App,Leisure,Gold,358.47,358.47,4.2,No
P01943,FL0143,2025-11-27,Doha,New York,Boeing 787,On Time,0,Economy,Mobile App,Visiting Friends/Relatives,Silver,272.93,272.93,4.0,No
P01944,FL0144,2025-05-31,Dubai,Singapore,Airbus A350,On Time,0,Economy,Website,Business,Silver,273.55,287.23,4.3,No
P01945,FL0145,2025-12-06,Doha,Mumbai,Airbus A380,On Time,0,Business,Mobile App,Visiting Friends/Relatives,Bronze,2121.34,2121.34,4.1,No
P01946,FL0146,2025-06-26,New York,Sydney,Boeing 787,Cancelled,0,Economy,Travel Agent,Business,Bronze,474.9,474.9,2.2,No
P01947,FL0147,2025-06-30,New York,Mumbai,Boeing 787,On Time,0,Economy,Website,Business,Platinum,288.86,288.86,4.5,No
P01948,FL0148,2025-03-03,Mumbai,Dubai,Airbus A350,On Time,0,Business,Mobile App,Visiting Friends/Relatives,Silver,2052.52,2052.52,4.1,No
P01949,FL0149,2025-04-09,New York,Doha,Airbus A350,On Time,0,Economy,Corporate,Visiting Friends/Relatives,Bronze,360.89,378.93,3.8,No
P01950,FL0150,2025-09-26,Mumbai,Tokyo,Airbus A380,On Time,0,Business,Mobile App,Business,Silver,1993.09,2092.74,4.2,No
P01951,FL0151,2025-06-01,London,Paris,Airbus A350,On Time,0,Economy,Travel Agent,Leisure,Bronze,133.81,133.81,3.9,No
P01952,FL0152,2025-12-29,Mumbai,London,Airbus A380,On Time,0,Economy,Travel Agent,Business,Bronze,183.06,183.06,4.2,No
P01953,FL0153,2025-10-11,Dubai,London,Boeing 777,On Time,0,Economy,Mobile App,Leisure,Bronze,461.93,461.93,5.0,No
P01954,FL0154,2025-09-09,Singapore,Toronto,Airbus A320,Delayed,5,Economy,Website,Leisure,Bronze,267.19,267.19,3.4,No
P01955,FL0155,2025-04-05,Paris,Frankfurt,Airbus A320,On Time,0,Economy,Travel Agent,Leisure,Gold,181.63,181.63,5.0,No
P01956,FL0156,2025-02-03,Paris,Singapore,Boeing 787,On Time,0,Economy,Corporate,Visiting Friends/Relatives,Gold,318.17,318.17,4.9,No
P01957,FL0157,2025-12-18,Sydney,Toronto,Airbus A320,On Time,0,Economy,Mobile App,Leisure,Silver,264.61,264.61,4.5,No
P01958,FL0158,2025-02-13,Sydney,Paris,Airbus A350,On Time,0,First,Website,Visiting Friends/Relatives,Platinum,5200.17,5200.17,5,No
P01959,FL0159,2025-11-02,Frankfurt,Tokyo,Airbus A380,On Time,0,Business,Travel Agent,Leisure,Gold,1653.52,1653.52,4.5,No
P01960,FL0160,2025-08-19,New York,Frankfurt,Boeing 787,On Time,0,Economy,Mobile App,Leisure,Silver,334.95,334.95,3.6,No
P01961,FL0161,2025-06-06,Sydney,Frankfurt,Airbus A380,On Time,0,Economy,Website,Visiting Friends/Relatives,Gold,265.7,278.99,4.1,No
P01962,FL0162,2025-04-17,Sydney,Singapore,Airbus A350,On Time,0,Economy,Mobile App,Visiting Friends/Relatives,Silver,385.39,385.39,4.9,No
P01963,FL0163,2025-05-03,London,Dubai,Airbus A350,On Time,0,Economy,Website,Leisure,Silver,285.83,300.12,4.8,No
P01964,FL0164,2025-07-29,Singapore,London,Boeing 787,On Time,0,Economy,Website,Business,Silver,429.21,429.21,4.9,No
P01965,FL0165,2025-01-17,Paris,Mumbai,Airbus A350,On Time,0,Economy,Corporate,Business,Bronze,248.93,261.38,4.7,Yes
P01966,FL0166,2025-02-06,Mumbai,New York,Airbus A350,Delayed,11,Business,Website,Leisure,Silver,1239.55,1239.55,3.2,No
P01967,FL0167,2025-04-12,Sydney,Toronto,Boeing 787,On Time,0,Economy,Website,Leisure,Silver,353.48,353.48,3.9,No
P01968,FL0168,2025-03-18,Doha,Toronto,Boeing 777,Delayed,24,Economy,Website,Business,Bronze,304.6,304.6,3.7,No
P01969,FL0169,2025-10-19,Mumbai,Tokyo,Boeing 777,On Time,0,Economy,Travel Agent,Leisure,Bronze,305.78,305.78,4.2,No
P01970,FL0170,2025-12-25,Paris,Mumbai,Boeing 787,Delayed,21,Economy,Travel Agent,Business,Bronze,471.65,471.65,3.9,No
P01971,FL0171,2025-09-10,New York,Sydney,Boeing 787,On Time,0,Economy,Website,Business,Bronze,165.05,165.05,5,No
P01972,FL0172,2025-06-15,Dubai,Bangkok,Airbus A380,On Time,0,Economy,Website,Visiting Friends/Relatives,Bronze,179.73,179.73,4.4,No
P01973,FL0173,2025-12-12,London,Paris,Airbus A380,On Time,0,Economy,Travel Agent,Business,Silver,273.14,273.14,4.0,No
P01974,FL0174,2025-05-18,Dubai,Toronto,Airbus A380,On Time,0,Business,Mobile App,Business,Bronze,889.76,934.25,4.0,No
P01975,FL0175,2025-09-23,Singapore,New York,Boeing 787,Delayed,24,Business,Mobile App,Visiting Friends/Relatives,Bronze,1973.28,1973.28,3.2,No
P01976,FL0176,2025-08-29,Paris,Singapore,Boeing 777,On Time,0,Economy,Mobile App,Leisure,Silver,494.94,494.94,4.3,No
P01977,FL0177,2025-02-23,Bangkok,Toronto,Airbus A350,On Time,0,Economy,Travel Agent,Leisure,Bronze,380.38,380.38,5,No
P01978,FL0178,2025-12-06,Paris,Mumbai,Boeing 787,Delayed,32,Business,Mobile App,Business,Silver,1405.65,1405.65,3.5,No
P01979,FL0179,2025-08-21,New York,London,Airbus A320,On Time,0,Economy,Website,Leisure,Gold,305.97,321.27,5,No
P01980,FL0180,2025-07-26,Bangkok,Singapore,Airbus A380,Delayed,42,Economy,Mobile App,Leisure,Platinum,293.28,307.94,3.9,No
P01981,FL0181,2025-01-28,Paris,Bangkok,Airbus A350,On Time,0,Economy,Travel Agent,Visiting Friends/Relatives,Bronze,229.14,240.6,2.9,No
P01982,FL0182,2025-11-17,Sydney,Bangkok,Boeing 787,On Time,0,First,Corporate,Leisure,Platinum,4834.98,4834.98,4.9,No
P01983,FL0183,2025-10-09,Doha,Mumbai,Airbus A350,Delayed,18,Economy,Corporate,Visiting Friends/Relatives,Gold,315.44,331.21,3.0,No
P01984,FL0184,2025-03-04,Paris,New York,Airbus A320,Cancelled,0,Business,Mobile App,Leisure,Silver,1853.24,1853.24,2.9,No
P01985,FL0185,2025-12-30,Sydney,Dubai,Airbus A350,On Time,0,Economy,Mobile App,Visiting Friends/Relatives,Silver,286.37,286.37,5,No
P01986,FL0186,2025-07-28,Dubai,Sydney,Airbus A320,On Time,0,Business,Website,Visiting Friends/Relatives,Bronze,3230.33,3230.33,3.8,No
P01987,FL0187,2025-03-02,London,New York,Airbus A350,On Time,0,Business,Mobile App,Business,Bronze,2299.83,2299.83,4.5,No
P01988,FL0188,2025-12-28,Mumbai,Sydney,Boeing 777,On Time,0,Economy,Corporate,Visiting Friends/Relatives,Gold,573.04,573.04,4.1,Yes
P01989,FL0189,2025-05-05,Paris,New York,Boeing 787,On Time,0,First,Corporate,Business,Bronze,3895.96,3895.96,5.0,No
P01990,FL0190,2025-11-03,Frankfurt,Dubai,Airbus A380,On Time,0,Economy,Travel Agent,Business,Bronze,579.42,608.39,3.9,No
P01991,FL0191,2025-05-22,Singapore,Doha,Boeing 787,On Time,0,Economy,Corporate,Business,Gold,267.32,267.32,4.5,No
P01992,FL0192,2025-01-02,New York,Paris,Boeing 777,On Time,0,Economy,Travel Agent,Visiting Friends/Relatives,Silver,487.53,487.53,4.8,No
P01993,FL0193,2025-12-04,Sydney,Tokyo,Boeing 787,Delayed,4,Economy,Mobile App,Visiting Friends/Relatives,Gold,246.52,258.85,3.7,No
P01994,FL0194,2025-10-06,Bangkok,Sydney,Boeing 787,On Time,0,Economy,Corporate,Business,Bronze,368.32,368.32,4.3,No
P01995,FL0195,2025-12-24,Bangkok,Dubai,Airbus A350,On Time,0,Economy,Travel Agent,Business,Gold,270.44,270.44,4.6,No
P01996,FL0196,2025-01-23,Doha,Bangkok,Boeing 777,On Time,0,Economy,Corporate,Business,Silver,275.34,289.11,4.7,No
P01997,FL0197,2025-12-06,Frankfurt,Bangkok,Airbus A350,On Time,0,Business,Corporate,Business,Bronze,986.18,986.18,4.0,No
P01998,FL0198,2025-09-15,Dubai,Doha,Airbus A380,On Time,0,Economy,Mobile App,Leisure,Silver,276.24,276.24,4.5,No
P01999,FL0199,2025-02-21,London,New York,Airbus A380,Delayed,22,Economy,Website,Business,Platinum,520.64,520.64,3.5,No
P02000,FL0200,2025-07-29,Dubai,Doha,Airbus A350,On Time,0,First,Website,Business,Silver,3796.59,3796.59,4.2,No
P02001,FL0201,2025-11-16,Mumbai,Frankfurt,Boeing 787,On Time,0,Premium Economy,Travel Agent,Leisure,Bronze,809.69,809.69,4.0,No
P02002,FL0202,2025-10-01,Bangkok,Toronto,Boeing 787,Delayed,1,Economy,Website,Visiting Friends/Relatives,Silver,248.49,260.91,2.9,No
P02003,FL0203,2025-01-19,Paris,Sydney,Airbus A380,On Time,0,Economy,Website,Visiting Friends/Relatives,Gold,215.84,215.84,3.9,No
P02004,FL0204,2025-02-16,Mumbai,Dubai,Boeing 787,Cancelled,0,Premium Economy,Website,Visiting Friends/Relatives,Silver,570.19,570.19,3.4,No
P02005,FL0205,2025-03-27,London,New York,Boeing 777,Delayed,1,Economy,Corporate,Leisure,Bronze,356.65,356.65,4.7,No
P02006,FL0206,2025-01-29,Dubai,Frankfurt,Boeing 777,On Time,0,Premium Economy,Website,Visiting Friends/Relatives,Silver,532.57,532.57,3.8,No
P02007,FL0207,2025-05-06,Frankfurt,Doha,Airbus A380,On Time,0,Premium Economy,Website,Visiting Friends/Relatives,Bronze,768.16,768.16,4.3,No
P02008,FL0208,2025-03-31,Singapore,Dubai,Airbus A320,On Time,0,Business,Corporate,Leisure,Silver,1378.2,1378.2,4.3,No
P02009,FL0209,2025-12-16,Frankfurt,Tokyo,Airbus A350,On Time,0,Economy,Website,Leisure,Bronze,362.14,362.14,4.4,No
P02010,FL0210,2025-04-29,Sydney,Doha,Boeing 787,On Time,0,Business,Mobile App,Visiting Friends/Relatives,Silver,1967.74,1967.74,4.8,No
P02011,FL0211,2025-12-08,Paris,Mumbai,Airbus A320,Delayed,8,Premium Economy,Website,Visiting Friends/Relatives,Silver,608.44,608.44,3.4,Yes
P02012,FL0212,2025-02-07,New York,Doha,Boeing 787,Delayed,20,Economy,Website,Leisure,Gold,359.9,359.9,3.2,No
P02013,FL0213,2025-11-24,Sydney,Paris,Boeing 787,On Time,0,Economy,Mobile App,Leisure,Silver,210.43,210.43,4.5,No
P02014,FL0214,2025-04-12,Paris,Mumbai,Boeing 787,Delayed,27,Economy,Corporate,Visiting Friends/Relatives,Bronze,293.56,293.56,2.8,No
P02015,FL0215,2025-06-01,Bangkok,Tokyo,Boeing 777,On Time,0,Economy,Website,Leisure,Gold,466.06,489.36,4.4,No
P02016,FL0216,2025-01-05,Frankfurt,Paris,Airbus A380,Delayed,25,Economy,Mobile App,Business,Gold,412.64,412.64,2.9,No
P02017,FL0217,2025-09-12,Dubai,Tokyo,Boeing 777,On Time,0,Economy,Website,Visiting Friends/Relatives,Bronze,302.9,302.9,2.8,No
P02018,FL0218,2025-06-30,Doha,Tokyo,Airbus A350,On Time,0,Economy,Mobile App,Business,Bronze,226.59,226.59,4.7,No
P02019,FL0219,2025-12-14,Sydney,Paris,Airbus A350,On Time,0,Economy,Travel Agent,Visiting Friends/Relatives,Bronze,335.53,335.53,4.3,No
P02020,FL0220,2025-08-14,Dubai,Mumbai,Airbus A320,On Time,0,Economy,Travel Agent,Business,Bronze,238.41,238.41,3.9,No
P02021,FL0221,2025-06-01,Singapore,Doha,Boeing 777,On Time,0,Economy,Travel Agent,Business,Platinum,215.48,226.25,3.0,No
P02022,FL0222,2025-03-09,Singapore,Paris,Airbus A380,Delayed,8,Economy,Mobile App,Leisure,Bronze,309.16,309.16,4.3,Yes
P02023,FL0223,2025-05-12,Mumbai,Doha,Boeing 787,Delayed,28,Premium Economy,Mobile App,Business,Bronze,316.38,316.38,3.5,No
P02024,FL0224,2025-02-28,Mumbai,Frankfurt,Boeing 787,Delayed,37,Economy,Travel Agent,Leisure,Silver,541.86,541.86,4.0,No
P02025,FL0225,2025-07-07,Frankfurt,Sydney,Airbus A320,Delayed,42,First,Travel Agent,Business,Bronze,2796.34,2796.34,3.5,No
P02026,FL0226,2025-10-02,Dubai,Mumbai,Airbus A320,On Time,0,Premium Economy,Travel Agent,Visiting Friends/Relatives,Gold,757.54,757.54,4.1,No
P02027,FL0227,2025-07-15,Mumbai,Tokyo,Boeing 777,On Time,0,Economy,Website,Business,Silver,416.62,437.45,4.0,No
P02028,FL0228,2025-01-13,Doha,New York,Airbus A380,Delayed,1,Economy,Travel Agent,Visiting Friends/Relatives,Gold,276.16,276.16,3.3,No
P02029,FL0229,2025-02-02,Doha,Toronto,Boeing 787,Delayed,7,First,Mobile App,Visiting Friends/Relatives,Silver,3084.4,3084.4,3.4,No
P02030,FL0230,2025-07-29,Mumbai,Toronto,Airbus A320,On Time,0,Business,Website,Business,Silver,1641.14,1641.14,4.3,No
P02031,FL0231,2025-09-10,Dubai,Mumbai,Airbus A320,On Time,0,Economy,Website,Visiting Friends/Relatives,Bronze,248.88,248.88,5,No
P02032,FL0232,2025-07-18,New York,Doha,Boeing 787,On Time,0,Economy,Website,Leisure,Silver,322.3,338.42,4.0,No
P02033,FL0233,2025-10-28,New York,Frankfurt,Airbus A350,Delayed,5,Business,Mobile App,Business,Gold,1789.51,1789.51,3.4,No
P02034,FL0234,2025-05-24,Sydney,Frankfurt,Airbus A320,On Time,0,Economy,Mobile App,Business,Bronze,254.2,254.2,4.2,No
P02035,FL0235,2025-08-16,Doha,New York,Airbus A350,Delayed,1,Economy,Mobile App,Leisure,Silver,287.31,301.68,3.7,No
P02036,FL0236,2025-07-08,London,Toronto,Airbus A380,Delayed,15,Economy,Website,Business,Silver,228.83,240.27,4.1,No
P02037,FL0237,2025-03-04,Mumbai,Dubai,Boeing 787,On Time,0,Economy,Website,Business,Platinum,360.45,360.45,4.3,No
P02038,FL0238,2025-11-24,Doha,Toronto,Airbus A380,Cancelled,0,Business,Website,Leisure,Silver,1828.57,1828.57,3.8,No
P02039,FL0239,2025-05-05,Dubai,Frankfurt,Airbus A350,Delayed,14,Economy,Website,Business,Gold,277.03,277.03,3.8,No
P02040,FL0240,2025-10-11,Doha,Singapore,Airbus A350,On Time,0,Economy,Mobile App,Business,Bronze,292.72,292.72,4.7,No
P02041,FL0241,2025-03-17,Doha,Frankfurt,Airbus A380,On Time,0,Business,Mobile App,Leisure,Silver,1420.82,1420.82,3.9,No
P02042,FL0242,2025-10-04,Singapore,Dubai,Boeing 777,Delayed,36,Economy,Website,Visiting Friends/Relatives,Bronze,200.29,200.29,2.9,No
P02043,FL0243,2025-07-03,Singapore,London,Airbus A350,On Time,0,Economy,Mobile App,Leisure,Bronze,362.54,380.67,3.9,No
P02044,FL0244,2025-05-16,Dubai,Doha,Airbus A320,On Time,0,Economy,Mobile App,Leisure,Bronze,317.55,317.55,3.8,No
P02045,FL0245,2025-02-28,Frankfurt,Sydney,Airbus A320,On Time,0,First,Website,Business,Gold,3495.4,3495.4,4.8,No
P02046,FL0246,2025-10-31,Bangkok,Sydney,Airbus A320,On Time,0,Premium Economy,Travel Agent,Leisure,Silver,779.39,779.39,4.1,No
P02047,FL0247,2025-01-23,Doha,Tokyo,Airbus A380,On Time,0,Business,Mobile App,Visiting Friends/Relatives,Bronze,1387.41,1387.41,4.8,No
P02048,FL0248,2025-09-03,Dubai,London,Boeing 787,On Time,0,Economy,Mobile App,Visiting Friends/Relatives,Bronze,305.42,320.69,4.1,No
P02049,FL0249,2025-12-31,London,New York,Boeing 787,On Time,0,Economy,Travel Agent,Business,Silver,368.72,368.72,3.8,No
P02050,FL0250,2025-11-08,London,Frankfurt,Airbus A350,On Time,0,Economy,Mobile App,Business,Platinum,219.77,230.76,3.6,No
P02051,FL0251,2025-11-21,Mumbai,Tokyo,Airbus A380,On Time,0,Economy,Website,Leisure,Bronze,265.08,265.08,4.3,No
P02052,FL0252,2025-11-02,Bangkok,Frankfurt,Airbus A380,On Time,0,Economy,Website,Leisure,Bronze,425.62,425.62,3.9,No
P02053,FL0253,2025-08-09,New York,Tokyo,Airbus A320,Delayed,33,Economy,Mobile App,Visiting Friends/Relatives,Silver,309.42,309.42,3.2,No
P02054,FL0254,2025-11-30,London,Toronto,Airbus A380,On Time,0,Business,Travel Agent,Visiting Friends/Relatives,Silver,1999.73,1999.73,4.2,No
P02055,FL0255,2025-08-20,Doha,Bangkok,Airbus A350,On Time,0,Economy,Travel Agent,Business,Silver,327.41,343.78,4.8,No
P02056,FL0256,2025-08-01,Paris,Bangkok,Airbus A320,On Time,0,Economy,Mobile App,Leisure,Bronze,478.69,478.69,4.6,No
P02057,FL0257,2025-05-11,Bangkok,Toronto,Boeing 777,Delayed,12,Economy,Mobile App,Business,Bronze,383.31,383.31,2.7,No
P02058,FL0258,2025-02-17,London,Doha,Boeing 787,On Time,0,Economy,Mobile App,Visiting Friends/Relatives,Gold,470.29,470.29,4.0,No
P02059,FL0259,2025-10-12,Bangkok,Doha,Airbus A320,On Time,0,Economy,Website,Visiting Friends/Relatives,Bronze,324.25,324.25,3.8,No
P02060,FL0260,2025-06-18,New York,Sydney,Airbus A320,On Time,0,Economy,Mobile App,Visiting Friends/Relatives,Bronze,249.78,249.78,4.8,No
P02061,FL0261,2025-05-28,Frankfurt,London,Airbus A380,On Time,0,Premium Economy,Travel Agent,Business,Gold,831.45,831.45,4.3,No
P02062,FL0262,2025-09-17,London,Tokyo,Airbus A350,On Time,0,Economy,Travel Agent,Leisure,Gold,471.01,494.56,3.9,No
P02063,FL0263,2025-02-25,Paris,Dubai,Boeing 777,Delayed,5,Economy,Website,Business,Platinum,154.63,154.63,3.5,No
P02064,FL0264,2025-05-23,Bangkok,Singapore,Airbus A380,On Time,0,First,Mobile App,Visiting Friends/Relatives,Silver,7856.74,7856.74,4.1,No
P02065,FL0265,2025-11-15,Frankfurt,Sydney,Airbus A380,On Time,0,Economy,Website,Business,Silver,409.55,409.55,4.7,No
P02066,FL0266,2025-11-08,New York,London,Boeing 777,On Time,0,Economy,Mobile App,Business,Silver,255.75,255.75,4.3,No
P02067,FL0267,2025-06-23,Mumbai,Paris,Boeing 777,On Time,0,Economy,Mobile App,Visiting Friends/Relatives,Silver,284.33,298.55,3.9,No
P02068,FL0268,2025-12-03,Singapore,Tokyo,Boeing 787,On Time,0,Economy,Website,Business,Platinum,273.6,287.28,4.3,No
P02069,FL0269,2025-09-29,Dubai,Singapore,Airbus A350,On Time,0,Economy,Website,Leisure,Silver,568.8,568.8,4.5,No
P02070,FL0270,2025-03-22,Paris,Frankfurt,Boeing 777,On Time,0,Business,Corporate,Business,Silver,2249.57,2249.57,3.7,No
P02071,FL0271,2025-11-02,Bangkok,Tokyo,Airbus A320,Delayed,29,Premium Economy,Website,Visiting Friends/Relatives,Gold,858.27,901.18,3.9,No
P02072,FL0272,2025-02-11,Dubai,Toronto,Boeing 777,On Time,0,Economy,Mobile App,Business,Silver,250.55,250.55,5,No
P02073,FL0273,2025-11-07,Frankfurt,New York,Boeing 787,On Time,0,Economy,Website,Business,Gold,389.85,389.85,3.5,No
P02074,FL0274,2025-02-28,Doha,Sydney,Boeing 777,On Time,0,Business,Mobile App,Business,Bronze,1274.74,1274.74,5,No
P02075,FL0275,2025-12-14,Mumbai,Toronto,Airbus A380,On Time,0,Economy,Website,Business,Silver,438.3,438.3,4.8,No
P02076,FL0276,2025-04-23,Mumbai,London,Boeing 787,Cancelled,0,Economy,Website,Business,Bronze,409.07,409.07,2.6,No
P02077,FL0277,2025-04-15,Dubai,London,Boeing 777,Delayed,34,Economy,Mobile App,Business,Gold,426.14,426.14,4.4,No
P02078,FL0278,2025-05-29,Singapore,Mumbai,Boeing 777,On Time,0,Economy,Mobile App,Visiting Friends/Relatives,Bronze,365.86,384.15,4.0,No
P02079,FL0279,2025-03-31,Paris,Bangkok,Airbus A350,On Time,0,Economy,Mobile App,Leisure,Bronze,447.34,469.71,4.8,Yes
P02080,FL0280,2025-10-14,Doha,Sydney,Boeing 777,On Time,0,Premium Economy,Mobile App,Visiting Friends/Relatives,Silver,723.13,759.29,4.5,No
P02081,FL0281,2025-01-10,Dubai,Bangkok,Boeing 787,Delayed,28,Economy,Corporate,Visiting Friends/Relatives,Bronze,317.23,317.23,2.9,No
P02082,FL0282,2025-12-30,Sydney,Frankfurt,Boeing 787,On Time,0,Business,Mobile App,Business,Gold,1915.73,2011.52,3.6,No
P02083,FL0283,2025-06-16,Frankfurt,London,Airbus A350,Delayed,6,Economy,Website,Leisure,Silver,416.13,416.13,3.9,No
P02084,FL0284,2025-12-20,Sydney,Bangkok,Boeing 777,On Time,0,Economy,Mobile App,Business,Platinum,299.3,299.3,3.9,No
P02085,FL0285,2025-08-12,London,Paris,Airbus A380,On Time,0,Business,Mobile App,Business,Silver,1484.84,1559.08,4.1,No
P02086,FL0286,2025-06-08,London,Bangkok,Boeing 777,On Time,0,Economy,Mobile App,Visiting Friends/Relatives,Silver,329.96,329.96,3.8,No
P02087,FL0287,2025-09-19,Singapore,Doha,Airbus A320,On Time,0,Economy,Website,Leisure,Gold,401.07,401.07,4.1,No
P02088,FL0288,2025-06-29,Doha,Frankfurt,Airbus A350,On Time,0,Economy,Travel Agent,Visiting Friends/Relatives,Silver,314.8,314.8,4.2,No
P02089,FL0289,2025-04-12,Singapore,Mumbai,Airbus A350,On Time,0,Economy,Website,Business,Bronze,372.36,390.98,4.5,No
P02090,FL0290,2025-11-18,London,Dubai,Boeing 787,On Time,0,Business,Travel Agent,Leisure,Bronze,1165.08,1165.08,3.4,No
P02091,FL0291,2025-08-18,Sydney,Tokyo,Airbus A380,On Time,0,Premium Economy,Travel Agent,Visiting Friends/Relatives,Bronze,979.4,979.4,4.0,No
P02092,FL0292,2025-11-18,Sydney,Mumbai,Boeing 777,On Time,0,Premium Economy,Travel Agent,Business,Bronze,351.75,351.75,5,No
P02093,FL0293,2025-08-15,London,New York,Boeing 777,Delayed,8,Economy,Corporate,Visiting Friends/Relatives,Bronze,203.38,213.55,3.7,No
P02094,FL0294,2025-08-25,London,Mumbai,Boeing 787,On Time,0,Economy,Corporate,Visiting Friends/Relatives,Silver,551.03,578.58,4.5,No
P02095,FL0295,2025-02-09,Bangkok,Paris,Airbus A320,On Time,0,Economy,Mobile App,Visiting Friends/Relatives,Silver,345.1,362.36,4.2,No
P02096,FL0296,2025-08-25,New York,Frankfurt,Airbus A380,On Time,0,Economy,Website,Leisure,Bronze,310.38,325.9,3.9,No
P02097,FL0297,2025-10-20,Dubai,New York,Airbus A350,On Time,0,Economy,Website,Leisure,Gold,283.31,297.48,4.2,No
P02098,FL0298,2025-03-19,Paris,Sydney,Airbus A320,On Time,0,Economy,Travel Agent,Visiting Friends/Relatives,Bronze,356.17,356.17,3.4,No
P02099,FL0299,2025-09-16,Bangkok,Singapore,Airbus A350,On Time,0,Economy,Website,Business,Bronze,233.45,245.12,3.8,No
P02100,FL0300,2025-09-26,Paris,New York,Airbus A380,On Time,0,Economy,Website,Leisure,Bronze,222.51,222.51,4.1,No
P02101,FL0301,2025-05-25,Bangkok,Mumbai,Boeing 787,On Time,0,Economy,Corporate,Visiting Friends/Relatives,Silver,257.96,257.96,4.3,No
P02102,FL0302,2025-11-03,Bangkok,Toronto,Airbus A320,Delayed,11,Economy,Mobile App,Leisure,Bronze,324.11,324.11,3.4,No
P02103,FL0303,2025-06-18,Bangkok,Singapore,Airbus A320,On Time,0,Economy,Travel Agent,Leisure,Platinum,273.46,287.13,4.3,No
P02104,FL0304,2025-05-10,Frankfurt,Paris,Airbus A380,Delayed,10,Economy,Mobile App,Leisure,Silver,319.08,335.03,3.4,No
P02105,FL0305,2025-06-08,Singapore,Frankfurt,Boeing 787,On Time,0,Business,Website,Leisure,Gold,1898.27,1993.18,4.4,No
P02106,FL0306,2025-10-14,London,Mumbai,Boeing 787,On Time,0,Economy,Travel Agent,Visiting Friends/Relatives,Bronze,444.84,444.84,3.5,No
P02107,FL0307,2025-12-10,Bangkok,Doha,Airbus A380,On Time,0,Economy,Mobile App,Business,Bronze,352.7,352.7,4.0,No
P02108,FL0308,2025-07-05,Frankfurt,Sydney,Airbus A320,On Time,0,Premium Economy,Mobile App,Business,Silver,876.34,876.34,4.0,No
P02109,FL0309,2025-06-24,Singapore,Paris,Boeing 787,On Time,0,Business,Website,Visiting Friends/Relatives,Silver,2617.81,2617.81,4.8,Yes
P02110,FL0310,2025-02-09,Singapore,Dubai,Boeing 777,Delayed,31,Premium Economy,Mobile App,Leisure,Platinum,977.3,977.3,4.0,No
P02111,FL0311,2025-10-04,London,Sydney,Airbus A380,On Time,0,Economy,Mobile App,Business,Silver,505.6,505.6,5.0,No
P02112,FL0312,2025-03-09,Bangkok,Tokyo,Airbus A380,On Time,0,Premium Economy,Mobile App,Business,Silver,891.0,935.55,3.9,No
P02113,FL0313,2025-12-21,Singapore,Dubai,Airbus A380,Delayed,24,Economy,Mobile App,Leisure,Gold,380.68,380.68,3.8,No
P02114,FL0314,2025-12-13,Frankfurt,Mumbai,Airbus A350,Delayed,29,Premium Economy,Travel Agent,Business,Gold,814.04,854.74,4.9,No
P02115,FL0315,2025-08-18,Sydney,Paris,Airbus A350,On Time,0,Economy,Mobile App,Leisure,Gold,442.53,442.53,3.3,No
P02116,FL0316,2025-04-10,Mumbai,New York,Boeing 777,On Time,0,Economy,Mobile App,Business,Gold,348.98,348.98,2.7,No
P02117,FL0317,2025-08-25,Sydney,Bangkok,Boeing 777,On Time,0,Economy,Mobile App,Business,Gold,231.65,231.65,3.7,No
P02118,FL0318,2025-08-03,New York,Sydney,Airbus A350,Delayed,20,Economy,Travel Agent,Visiting Friends/Relatives,Silver,458.15,481.06,2.7,No
P02119,FL0319,2025-11-25,Mumbai,London,Boeing 787,Delayed,11,Premium Economy,Mobile App,Visiting Friends/Relatives,Bronze,635.01,635.01,4.4,No
P02120,FL0320,2025-12-31,New York,Singapore,Airbus A380,Delayed,13,Business,Website,Visiting Friends/Relatives,Gold,1492.43,1567.05,3.1,No
P02121,FL0321,2025-09-20,Mumbai,New York,Airbus A350,Delayed,37,Economy,Website,Leisure,Platinum,345.07,362.32,3.9,No
P02122,FL0322,2025-08-19,London,Paris,Boeing 777,Delayed,7,Economy,Mobile App,Leisure,Bronze,430.1,430.1,2.9,No
P02123,FL0323,2025-07-17,Bangkok,Dubai,Airbus A320,On Time,0,Economy,Travel Agent,Visiting Friends/Relatives,Silver,358.36,358.36,4.4,No
P02124,FL0324,2025-02-20,Dubai,Frankfurt,Boeing 777,Delayed,24,Economy,Website,Leisure,Platinum,250.9,250.9,3.1,No
P02125,FL0325,2025-05-27,Singapore,London,Boeing 787,On Time,0,First,Mobile App,Business,Silver,5135.79,5135.79,5,No
P02126,FL0326,2025-08-18,Singapore,New York,Airbus A380,On Time,0,Economy,Mobile App,Visiting Friends/Relatives,Platinum,249.11,261.57,4.5,Yes
P02127,FL0327,2025-05-12,London,Singapore,Airbus A350,Delayed,1,Economy,Mobile App,Leisure,Silver,342.29,342.29,3.8,No
P02128,FL0328,2025-02-26,New York,Frankfurt,Boeing 777,On Time,0,Economy,Website,Business,Silver,314.08,314.08,3.7,No
P02129,FL0329,2025-05-03,London,Singapore,Boeing 787,On Time,0,Economy,Mobile App,Business,Gold,342.71,359.85,3.5,No
P02130,FL0330,2025-02-02,Sydney,Bangkok,Airbus A320,Delayed,12,Business,Travel Agent,Business,Silver,1905.33,1905.33,4.2,No
P02131,FL0331,2025-10-02,Paris,Tokyo,Airbus A320,On Time,0,Economy,Travel Agent,Business,Bronze,419.41,419.41,5,No
P02132,FL0332,2025-03-15,Sydney,Dubai,Boeing 777,On Time,0,First,Corporate,Leisure,Silver,4763.91,4763.91,4.0,No
P02133,FL0333,2025-05-04,Sydney,Mumbai,Airbus A380,On Time,0,Economy,Website,Leisure,Gold,316.37,316.37,3.6,No
P02134,FL0334,2025-07-04,London,Sydney,Airbus A320,Delayed,1,Premium Economy,Travel Agent,Leisure,Silver,610.67,641.2,3.6,No
P02135,FL0335,2025-01-11,New York,Sydney,Boeing 787,Delayed,12,Economy,Mobile App,Leisure,Gold,419.36,419.36,4.5,No
P02136,FL0336,2025-07-18,Dubai,Toronto,Boeing 777,On Time,0,Economy,Mobile App,Leisure,Gold,353.23,353.23,4.8,No
P02137,FL0337,2025-02-04,Dubai,Frankfurt,Boeing 777,On Time,0,Economy,Mobile App,Leisure,Silver,530.33,530.33,4.0,No
P02138,FL0338,2025-06-20,London,Tokyo,Airbus A350,On Time,0,Business,Mobile App,Leisure,Gold,2499.88,2499.88,4.9,No
P02139,FL0339,2025-11-26,New York,Mumbai,Airbus A350,Delayed,4,Premium Economy,Mobile App,Visiting Friends/Relatives,Gold,892.23,892.23,4.6,No
P02140,FL0340,2025-04-04,Paris,Toronto,Airbus A350,On Time,0,Economy,Mobile App,Visiting Friends/Relatives,Silver,396.6,396.6,4.3,No
P02141,FL0341,2025-05-31,Paris,London,Airbus A350,On Time,0,Economy,Mobile App,Business,Platinum,200.76,200.76,5,No
P02142,FL0342,2025-06-11,Doha,London,Boeing 777,On Time,0,Economy,Corporate,Leisure,Platinum,340.42,340.42,4.1,No
P02143,FL0343,2025-05-10,New York,Bangkok,Airbus A320,On Time,0,Economy,Website,Visiting Friends/Relatives,Gold,189.66,189.66,3.7,No
P02144,FL0344,2025-07-02,Doha,Mumbai,Airbus A320,Delayed,1,Economy,Mobile App,Visiting Friends/Relatives,Bronze,302.4,302.4,3.8,No
P02145,FL0345,2025-03-05,Bangkok,Paris,Boeing 777,On Time,0,Economy,Corporate,Business,Platinum,250.05,250.05,4.3,No
P02146,FL0346,2025-07-17,Frankfurt,New York,Boeing 777,Cancelled,0,Business,Website,Leisure,Gold,2391.75,2391.75,2.8,No
P02147,FL0347,2025-07-08,Paris,New York,Airbus A380,On Time,0,Business,Mobile App,Business,Platinum,2150.05,2150.05,3.5,No
P02148,FL0348,2025-02-10,London,Bangkok,Boeing 787,On Time,0,Economy,Website,Visiting Friends/Relatives,Bronze,248.6,261.03,5,No
P02149,FL0349,2025-05-31,Singapore,Sydney,Boeing 777,On Time,0,Economy,Corporate,Leisure,Bronze,190.59,190.59,3.7,No
P02150,FL0350,2025-06-01,Bangkok,Toronto,Boeing 777,On Time,0,Business,Website,Leisure,Gold,2727.66,2727.66,4.2,No
P02151,FL0351,2025-12-20,Frankfurt,Doha,Boeing 787,On Time,0,Business,Website,Leisure,Platinum,1407.05,1407.05,4.4,No
P02152,FL0352,2025-11-11,Dubai,Frankfurt,Boeing 787,On Time,0,Business,Mobile App,Business,Gold,1711.21,1796.77,4.2,No
P02153,FL0353,2025-12-10,Dubai,Singapore,Boeing 787,On Time,0,Economy,Travel Agent,Leisure,Gold,280.23,280.23,4.5,No
P02154,FL0354,2025-03-15,Singapore,London,Airbus A380,On Time,0,Economy,Mobile App,Business,Silver,324.47,340.69,4.2,No
P02155,FL0355,2025-03-06,Paris,London,Airbus A320,On Time,0,Economy,Website,Visiting Friends/Relatives,Platinum,309.43,309.43,4.3,No
P02156,FL0356,2025-07-16,Bangkok,Mumbai,Airbus A380,On Time,0,Business,Website,Visiting Friends/Relatives,Gold,2447.7,2447.7,4.0,No
P02157,FL0357,2025-08-19,Singapore,Toronto,Boeing 777,On Time,0,Premium Economy,Corporate,Business,Gold,804.81,804.81,3.4,No
P02158,FL0358,2025-03-12,London,Tokyo,Airbus A380,On Time,0,Economy,Website,Visiting Friends/Relatives,Platinum,330.92,330.92,4.1,No
P02159,FL0359,2025-05-23,Bangkok,Toronto,Airbus A350,Delayed,25,Economy,Website,Visiting Friends/Relatives,Silver,342.63,342.63,4.1,No
P02160,FL0360,2025-10-15,New York,Frankfurt,Airbus A320,On Time,0,Business,Mobile App,Business,Silver,1396.99,1466.84,3.9,No
P02161,FL0361,2025-04-20,Mumbai,New York,Airbus A380,On Time,0,Economy,Website,Visiting Friends/Relatives,Silver,278.42,278.42,4.7,No
P02162,FL0362,2025-03-04,Paris,Dubai,Airbus A350,Delayed,19,Economy,Corporate,Visiting Friends/Relatives,Gold,343.65,343.65,4.3,No
P02163,FL0363,2025-08-16,Paris,Doha,Airbus A320,Delayed,52,Economy,Website,Visiting Friends/Relatives,Bronze,353.93,371.63,3.1,No
P02164,FL0364,2025-10-09,Bangkok,Singapore,Airbus A380,On Time,0,Economy,Website,Visiting Friends/Relatives,Bronze,411.0,411.0,3.2,Yes
P02165,FL0365,2025-12-31,Mumbai,Doha,Airbus A350,Delayed,10,Economy,Website,Visiting Friends/Relatives,Bronze,227.36,227.36,3.6,No
P02166,FL0366,2025-03-04,New York,Dubai,Airbus A350,Delayed,19,Economy,Website,Leisure,Gold,286.91,301.26,3.1,No
P02167,FL0367,2025-10-21,Bangkok,Sydney,Boeing 777,On Time,0,Economy,Website,Business,Silver,266.68,266.68,4.5,No
P02168,FL0368,2025-11-10,New York,Doha,Airbus A320,On Time,0,Economy,Mobile App,Business,Gold,383.26,383.26,4.3,No
P02169,FL0369,2025-09-27,Frankfurt,New York,Boeing 787,On Time,0,Economy,Mobile App,Visiting Friends/Relatives,Silver,557.15,557.15,3.7,No
P02170,FL0370,2025-03-06,Sydney,Singapore,Boeing 777,On Time,0,Economy,Mobile App,Leisure,Bronze,344.9,344.9,3.6,No
P02171,FL0371,2025-12-15,Paris,New York,Airbus A380,On Time,0,Economy,Mobile App,Leisure,Bronze,364.42,364.42,3.7,No
P02172,FL0372,2025-10-28,New York,Toronto,Airbus A350,On Time,0,Economy,Website,Leisure,Gold,243.46,243.46,4.0,No
P02173,FL0373,2025-09-15,Singapore,Bangkok,Airbus A320,Delayed,31,Economy,Mobile App,Business,Bronze,242.27,242.27,3.7,No
P02174,FL0374,2025-06-05,New York,Doha,Airbus A350,On Time,0,Economy,Travel Agent,Visiting Friends/Relatives,Silver,329.75,329.75,4.9,No
P02175,FL0375,2025-09-23,Doha,Frankfurt,Boeing 777,Delayed,17,Economy,Mobile App,Visiting Friends/Relatives,Platinum,417.3,438.17,3.1,Yes
P02176,FL0376,2025-03-06,New York,Paris,Boeing 777,On Time,0,Business,Website,Leisure,Bronze,1919.07,2015.02,3.9,No
P02177,FL0377,2025-11-25,London,Sydney,Airbus A350,On Time,0,Economy,Mobile App,Visiting Friends/Relatives,Bronze,461.18,484.24,4.4,No
P02178,FL0378,2025-03-29,Sydney,Doha,Airbus A380,On Time,0,Business,Website,Leisure,Bronze,2990.76,2990.76,4.6,No
P02179,FL0379,2025-10-16,Sydney,Mumbai,Airbus A320,Delayed,35,Business,Mobile App,Leisure,Silver,2484.51,2484.51,3.9,No
P02180,FL0380,2025-01-24,Dubai,Singapore,Airbus A380,On Time,0,Economy,Mobile App,Business,Silver,283.06,283.06,3.8,No
P02181,FL0381,2025-08-02,Doha,Tokyo,Airbus A380,On Time,0,Business,Website,Leisure,Gold,2378.38,2497.3,3.9,No
P02182,FL0382,2025-10-07,Paris,Toronto,Boeing 777,On Time,0,Economy,Mobile App,Business,Bronze,524.88,551.12,4.8,No
P02183,FL0383,2025-05-06,Mumbai,New York,Boeing 787,On Time,0,Economy,Website,Business,Bronze,335.43,335.43,4.0,No
P02184,FL0384,2025-03-22,London,Singapore,Boeing 787,On Time,0,Economy,Website,Visiting Friends/Relatives,Silver,439.58,461.56,4.5,No
P02185,FL0385,2025-06-24,Paris,Dubai,Airbus A380,On Time,0,Economy,Mobile App,Business,Gold,219.05,219.05,4.0,No
P02186,FL0386,2025-07-24,Bangkok,Mumbai,Airbus A350,On Time,0,Economy,Website,Leisure,Bronze,321.97,338.07,5,Yes
P02187,FL0387,2025-02-24,New York,Sydney,Boeing 777,On Time,0,Economy,Corporate,Leisure,Silver,263.44,276.61,4.2,No
P02188,FL0388,2025-08-19,London,Mumbai,Airbus A350,On Time,0,Economy,Website,Visiting Friends/Relatives,Gold,381.05,381.05,4.2,No
P02189,FL0389,2025-07-16,Dubai,Mumbai,Airbus A380,On Time,0,Economy,Travel Agent,Business,Gold,235.01,235.01,4.6,No
P02190,FL0390,2025-10-23,Singapore,Frankfurt,Boeing 777,On Time,0,Premium Economy,Website,Leisure,Silver,403.82,424.01,4.7,No
P02191,FL0391,2025-09-21,Singapore,New York,Boeing 787,On Time,0,Economy,Website,Leisure,Bronze,463.73,463.73,4.0,No
P02192,FL0392,2025-01-12,Mumbai,New York,Airbus A320,Delayed,1,Economy,Mobile App,Leisure,Silver,255.87,255.87,3.1,No
P02193,FL0393,2025-06-30,Doha,Tokyo,Airbus A320,On Time,0,Economy,Travel Agent,Leisure,Gold,382.9,382.9,4.1,No
P02194,FL0394,2025-12-01,Paris,Tokyo,Boeing 787,On Time,0,Economy,Travel Agent,Leisure,Bronze,343.34,343.34,4.5,No
P02195,FL0395,2025-08-09,Dubai,Singapore,Airbus A350,Delayed,16,Economy,Mobile App,Business,Platinum,413.13,413.13,3.8,No
P02196,FL0396,2025-07-07,Bangkok,Frankfurt,Airbus A320,On Time,0,Economy,Mobile App,Business,Gold,378.22,378.22,4.7,No
P02197,FL0397,2025-04-10,Sydney,New York,Boeing 777,On Time,0,Economy,Website,Visiting Friends/Relatives,Bronze,216.76,227.6,4.6,No
P02198,FL0398,2025-09-16,London,Bangkok,Boeing 787,On Time,0,Economy,Travel Agent,Visiting Friends/Relatives,Silver,330.18,330.18,3.4,Yes
P02199,FL0399,2025-12-15,Mumbai,Tokyo,Airbus A380,On Time,0,Economy,Corporate,Leisure,Silver,253.24,253.24,4.1,No
P02200,FL0400,2025-07-11,London,Bangkok,Boeing 777,On Time,0,Business,Travel Agent,Business,Silver,2001.6,2001.6,4.5,No
P02201,FL0401,2025-04-12,Bangkok,Doha,Airbus A380,On Time,0,Economy,Website,Business,Gold,414.43,414.43,3.5,No
P02202,FL0402,2025-01-24,New York,London,Airbus A320,On Time,0,Economy,Website,Visiting Friends/Relatives,Gold,315.66,315.66,4.2,No
P02203,FL0403,2025-09-23,Bangkok,New York,Boeing 787,On Time,0,First,Corporate,Leisure,Bronze,5134.94,5134.94,3.7,No
P02204,FL0404,2025-06-17,New York,Doha,Airbus A380,On Time,0,Economy,Travel Agent,Visiting Friends/Relatives,Bronze,248.91,248.91,5,No
P02205,FL0405,2025-06-03,Frankfurt,Tokyo,Airbus A380,On Time,0,Economy,Travel Agent,Leisure,Gold,522.39,522.39,4.9,No
P02206,FL0406,2025-09-08,New York,Sydney,Airbus A380,On Time,0,Economy,Website,Leisure,Gold,360.57,360.57,4.1,No
P02207,FL0407,2025-06-19,Dubai,Frankfurt,Airbus A320,Cancelled,0,Economy,Website,Business,Bronze,250.72,250.72,2.8,No
P02208,FL0408,2025-12-19,Sydney,Paris,Airbus A320,On Time,0,Economy,Mobile App,Leisure,Silver,458.42,458.42,4.4,No
P02209,FL0409,2025-10-24,Mumbai,Toronto,Airbus A380,On Time,0,First,Mobile App,Business,Platinum,4509.81,4509.81,3.5,No
P02210,FL0410,2025-09-03,Dubai,Tokyo,Airbus A350,On Time,0,Economy,Mobile App,Business,Bronze,268.76,282.2,3.5,No
P02211,FL0411,2025-03-17,Sydney,Frankfurt,Airbus A350,On Time,0,Economy,Website,Visiting Friends/Relatives,Bronze,257.85,270.74,3.4,No
P02212,FL0412,2025-01-10,London,Paris,Boeing 787,On Time,0,Economy,Mobile App,Business,Platinum,427.86,427.86,3.7,No
P02213,FL0413,2025-12-20,Singapore,Bangkok,Airbus A350,On Time,0,Business,Website,Business,Silver,3161.0,3161.0,3.5,No
P02214,FL0414,2025-02-01,Sydney,Bangkok,Airbus A350,On Time,0,Economy,Travel Agent,Visiting Friends/Relatives,Gold,339.98,339.98,4.2,No
P02215,FL0415,2025-12-06,New York,Mumbai,Boeing 787,On Time,0,Economy,Website,Leisure,Bronze,352.19,352.19,4.6,No
P02216,FL0416,2025-08-24,Bangkok,Doha,Airbus A380,On Time,0,Economy,Corporate,Business,Silver,162.46,162.46,4.9,No
P02217,FL0417,2025-12-15,Bangkok,Toronto,Boeing 777,On Time,0,Economy,Website,Leisure,Bronze,363.57,363.57,4.9,No
P02218,FL0418,2025-05-23,Doha,Paris,Airbus A380,On Time,0,Economy,Corporate,Leisure,Bronze,457.9,457.9,4.0,No
P02219,FL0419,2025-12-27,Mumbai,Paris,Airbus A350,On Time,0,Economy,Corporate,Visiting Friends/Relatives,Gold,327.6,343.98,5.0,No
P02220,FL0420,2025-09-03,Paris,Frankfurt,Boeing 777,On Time,0,Economy,Mobile App,Business,Platinum,253.24,253.24,4.6,No
P02221,FL0421,2025-03-04,Mumbai,Paris,Airbus A380,On Time,0,Economy,Mobile App,Business,Silver,382.65,401.78,4.9,No
P02222,FL0422,2025-06-26,Frankfurt,Bangkok,Airbus A350,On Time,0,Economy,Mobile App,Visiting Friends/Relatives,Gold,246.61,246.61,3.8,No
P02223,FL0423,2025-06-27,Mumbai,Singapore,Boeing 787,On Time,0,Business,Website,Business,Silver,2189.87,2189.87,3.8,No
P02224,FL0424,2025-04-14,Paris,Dubai,Airbus A380,On Time,0,Economy,Mobile App,Visiting Friends/Relatives,Gold,322.35,338.47,4.6,No
P02225,FL0425,2025-03-12,New York,Paris,Airbus A320,On Time,0,Economy,Website,Visiting Friends/Relatives,Silver,315.35,331.12,5,Yes
P02226,FL0426,2025-05-05,Sydney,Dubai,Airbus A320,On Time,0,Economy,Website,Leisure,Bronze,260.05,260.05,3.7,No
P02227,FL0427,2025-11-23,New York,Dubai,Airbus A350,On Time,0,Economy,Travel Agent,Leisure,Silver,393.89,393.89,4.8,No
P02228,FL0428,2025-08-30,Frankfurt,Mumbai,Airbus A320,On Time,0,Economy,Mobile App,Leisure,Silver,221.73,232.82,4.2,Yes
P02229,FL0429,2025-10-09,Singapore,London,Airbus A350,On Time,0,Economy,Travel Agent,Visiting Friends/Relatives,Bronze,434.0,434.0,4.6,No
P02230,FL0430,2025-11-30,Paris,New York,Airbus A350,On Time,0,Economy,Mobile App,Leisure,Silver,322.45,322.45,5,No
P02231,FL0431,2025-05-27,Mumbai,Frankfurt,Airbus A320,Delayed,31,Economy,Travel Agent,Leisure,Silver,303.75,303.75,3.6,No
P02232,FL0432,2025-03-31,New York,London,Boeing 787,Delayed,26,Business,Corporate,Leisure,Bronze,3074.77,3228.51,3.4,No
P02233,FL0433,2025-07-23,Singapore,London,Boeing 787,On Time,0,Premium Economy,Mobile App,Leisure,Bronze,510.11,535.62,4.1,No
P02234,FL0434,2025-01-05,Mumbai,London,Boeing 777,On Time,0,Economy,Website,Visiting Friends/Relatives,Platinum,251.5,251.5,3.6,No
P02235,FL0435,2025-05-26,London,Frankfurt,Boeing 787,Cancelled,0,Economy,Website,Visiting Friends/Relatives,Bronze,356.95,356.95,2.6,No
P02236,FL0436,2025-09-10,New York,Sydney,Airbus A350,Delayed,10,Economy,Travel Agent,Leisure,Platinum,360.34,360.34,5,Yes
P02237,FL0437,2025-03-25,London,Frankfurt,Boeing 787,On Time,0,Economy,Website,Leisure,Silver,235.75,235.75,4.4,No
P02238,FL0438,2025-06-22,Singapore,London,Boeing 777,On Time,0,Business,Travel Agent,Business,Silver,1568.4,1646.82,5,No
P02239,FL0439,2025-11-09,Doha,Dubai,Boeing 787,Delayed,19,Economy,Mobile App,Leisure,Gold,359.16,359.16,4.1,No
P02240,FL0440,2025-02-14,New York,Mumbai,Boeing 787,On Time,0,Economy,Website,Visiting Friends/Relatives,Bronze,443.86,443.86,3.6,No
P02241,FL0441,2025-09-02,Singapore,Dubai,Boeing 777,Delayed,29,Business,Travel Agent,Visiting Friends/Relatives,Bronze,1993.79,1993.79,3.0,Yes
P02242,FL0442,2025-06-18,Paris,Mumbai,Boeing 777,On Time,0,Economy,Website,Visiting Friends/Relatives,Gold,401.25,421.31,4.1,No
P02243,FL0443,2025-05-14,Sydney,London,Boeing 777,On Time,0,Economy,Mobile App,Visiting Friends/Relatives,Silver,320.91,336.96,4.1,No
P02244,FL0444,2025-03-02,Dubai,Toronto,Boeing 787,On Time,0,First,Mobile App,Leisure,Bronze,3828.78,3828.78,5,No
P02245,FL0445,2025-09-15,Frankfurt,Toronto,Boeing 777,On Time,0,Economy,Website,Visiting Friends/Relatives,Gold,258.68,271.61,3.9,No
P02246,FL0446,2025-11-11,Mumbai,Frankfurt,Airbus A350,On Time,0,Economy,Travel Agent,Leisure,Platinum,263.64,263.64,3.2,No
P02247,FL0447,2025-03-20,Singapore,New York,Boeing 787,On Time,0,First,Website,Leisure,Silver,2057.1,2159.95,4.4,No
P02248,FL0448,2025-08-01,Sydney,Mumbai,Airbus A380,Delayed,18,Economy,Corporate,Visiting Friends/Relatives,Platinum,261.58,261.58,3.4,No
P02249,FL0449,2025-04-22,New York,Toronto,Airbus A350,On Time,0,Business,Website,Visiting Friends/Relatives,Silver,1438.89,1438.89,3.6,No
P02250,FL0450,2025-09-27,Sydney,Singapore,Boeing 787,On Time,0,Economy,Travel Agent,Leisure,Silver,320.56,320.56,4.6,No
P02251,FL0451,2025-10-16,Bangkok,Singapore,Airbus A320,On Time,0,Premium Economy,Website,Leisure,Silver,882.31,926.43,3.8,No
P02252,FL0452,2025-04-14,New York,Sydney,Airbus A380,On Time,0,Economy,Website,Business,Silver,488.67,513.1,4.0,No
P02253,FL0453,2025-09-24,Singapore,Frankfurt,Boeing 787,On Time,0,Business,Website,Visiting Friends/Relatives,Bronze,2599.73,2599.73,4.6,Yes
P02254,FL0454,2025-09-08,Doha,Tokyo,Airbus A320,Delayed,14,Economy,Website,Visiting Friends/Relatives,Bronze,335.47,335.47,3.8,No
P02255,FL0455,2025-08-01,Singapore,Sydney,Boeing 787,On Time,0,Business,Mobile App,Leisure,Silver,1536.21,1536.21,3.7,No
P02256,FL0456,2025-12-11,New York,Bangkok,Boeing 777,On Time,0,Economy,Travel Agent,Visiting Friends/Relatives,Gold,204.96,215.21,4.1,No
P02257,FL0457,2025-01-02,Frankfurt,Paris,Airbus A350,On Time,0,Economy,Website,Visiting Friends/Relatives,Bronze,286.2,286.2,4.3,No
P02258,FL0458,2025-06-26,Dubai,Bangkok,Airbus A320,On Time,0,Premium Economy,Mobile App,Visiting Friends/Relatives,Silver,1070.07,1070.07,5.0,No
P02259,FL0459,2025-08-30,Dubai,Singapore,Airbus A320,On Time,0,Economy,Corporate,Visiting Friends/Relatives,Silver,204.94,204.94,4.6,No
P02260,FL0460,2025-11-25,Singapore,Dubai,Boeing 787,On Time,0,Economy,Travel Agent,Visiting Friends/Relatives,Bronze,303.97,303.97,3.7,No
P02261,FL0461,2025-07-13,Frankfurt,New York,Boeing 787,On Time,0,Economy,Travel Agent,Business,Silver,387.07,406.42,4.4,Yes
P02262,FL0462,2025-12-01,New York,Doha,Boeing 777,On Time,0,Economy,Website,Visiting Friends/Relatives,Bronze,238.08,238.08,5,No
P02263,FL0463,2025-09-28,New York,Frankfurt,Airbus A350,On Time,0,Economy,Travel Agent,Leisure,Silver,414.81,414.81,4.3,No
P02264,FL0464,2025-01-12,Doha,London,Boeing 777,On Time,0,Business,Website,Leisure,Bronze,2265.37,2378.64,4.4,No
P02265,FL0465,2025-09-30,New York,Frankfurt,Boeing 787,Delayed,19,Economy,Website,Business,Silver,293.62,293.62,3.9,No
P02266,FL0466,2025-06-27,Doha,New York,Airbus A350,On Time,0,Economy,Website,Business,Gold,293.75,293.75,4.5,No
P02267,FL0467,2025-12-05,London,Singapore,Boeing 787,On Time,0,Economy,Mobile App,Leisure,Gold,459.09,459.09,4.8,No
P02268,FL0468,2025-04-16,Dubai,Paris,Airbus A320,On Time,0,Premium Economy,Website,Leisure,Gold,730.01,766.51,3.2,No
P02269,FL0469,2025-11-03,Dubai,New York,Airbus A320,On Time,0,Premium Economy,Travel Agent,Leisure,Platinum,608.57,608.57,4.9,No
P02270,FL0470,2025-08-13,Dubai,Bangkok,Airbus A350,On Time,0,Economy,Website,Visiting Friends/Relatives,Silver,221.37,221.37,3.7,No
P02271,FL0471,2025-09-15,Dubai,Doha,Boeing 777,On Time,0,Business,Travel Agent,Visiting Friends/Relatives,Gold,1089.08,1089.08,3.6,No
P02272,FL0472,2025-10-23,Sydney,Mumbai,Airbus A380,On Time,0,Economy,Mobile App,Business,Silver,209.46,209.46,3.9,No
P02273,FL0473,2025-06-04,Bangkok,Dubai,Airbus A350,Cancelled,0,Economy,Travel Agent,Visiting Friends/Relatives,Silver,240.08,240.08,3.1,No
P02274,FL0474,2025-07-31,New York,Dubai,Boeing 777,On Time,0,Premium Economy,Corporate,Leisure,Gold,562.94,562.94,4.8,No
P02275,FL0475,2025-03-31,New York,Tokyo,Boeing 787,On Time,0,Economy,Travel Agent,Business,Platinum,284.85,284.85,4.8,No
P02276,FL0476,2025-11-26,Dubai,Frankfurt,Boeing 787,Delayed,12,Economy,Travel Agent,Leisure,Platinum,235.66,247.44,4.0,No
P02277,FL0477,2025-07-12,Singapore,Mumbai,Airbus A350,On Time,0,Economy,Corporate,Business,Bronze,255.68,255.68,4.0,No
P02278,FL0478,2025-04-26,Paris,Dubai,Boeing 777,Delayed,29,Economy,Travel Agent,Business,Gold,235.67,235.67,3.0,No
P02279,FL0479,2025-01-30,Singapore,New York,Airbus A380,On Time,0,First,Website,Leisure,Gold,3742.34,3742.34,4.5,No
P02280,FL0480,2025-09-29,Frankfurt,Sydney,Airbus A350,On Time,0,Business,Travel Agent,Visiting Friends/Relatives,Bronze,1580.58,1580.58,3.7,No
P02281,FL0481,2025-06-19,Mumbai,Dubai,Airbus A320,Delayed,21,Economy,Website,Leisure,Bronze,490.62,490.62,4.7,No
P02282,FL0482,2025-05-18,Doha,London,Boeing 787,On Time,0,Economy,Mobile App,Visiting Friends/Relatives,Gold,362.67,380.8,5,No
P02283,FL0483,2025-02-07,Sydney,London,Airbus A350,Delayed,13,Economy,Website,Leisure,Bronze,591.81,591.81,3.4,No
P02284,FL0484,2025-10-14,Sydney,Toronto,Airbus A350,On Time,0,Economy,Corporate,Leisure,Silver,264.28,264.28,3.9,Yes
P02285,FL0485,2025-01-08,Bangkok,Paris,Airbus A350,Delayed,23,Economy,Website,Business,Gold,247.33,247.33,3.2,No
P02286,FL0486,2025-12-23,Paris,Dubai,Airbus A380,On Time,0,Economy,Website,Leisure,Silver,734.79,734.79,3.3,No
P02287,FL0487,2025-10-10,Frankfurt,Dubai,Boeing 777,On Time,0,Economy,Website,Visiting Friends/Relatives,Silver,285.54,285.54,4.3,No
P02288,FL0488,2025-10-01,Frankfurt,New York,Boeing 777,On Time,0,Economy,Travel Agent,Visiting Friends/Relatives,Bronze,288.83,288.83,5,No
P02289,FL0489,2025-09-12,Bangkok,Sydney,Boeing 787,On Time,0,Economy,Website,Visiting Friends/Relatives,Bronze,457.8,480.69,3.7,No
P02290,FL0490,2025-04-15,Paris,Frankfurt,Boeing 777,On Time,0,Business,Mobile App,Leisure,Bronze,1478.91,1478.91,4.9,No
P02291,FL0491,2025-04-24,Dubai,Tokyo,Airbus A350,On Time,0,Economy,Website,Visiting Friends/Relatives,Silver,520.86,520.86,3.3,Yes
P02292,FL0492,2025-10-24,New York,Tokyo,Boeing 787,On Time,0,First,Mobile App,Visiting Friends/Relatives,Silver,2507.24,2632.6,4.4,No
P02293,FL0493,2025-04-28,Doha,Frankfurt,Boeing 787,On Time,0,Business,Mobile App,Leisure,Bronze,1629.39,1629.39,3.9,No
P02294,FL0494,2025-10-09,Doha,New York,Boeing 777,On Time,0,Economy,Mobile App,Business,Gold,396.59,396.59,5,Yes
P02295,FL0495,2025-09-09,Paris,Toronto,Boeing 787,On Time,0,Economy,Travel Agent,Business,Platinum,398.64,418.57,3.1,No
P02296,FL0496,2025-03-13,Bangkok,Doha,Airbus A380,On Time,0,Economy,Travel Agent,Leisure,Gold,226.37,226.37,4.7,No
P02297,FL0497,2025-01-31,New York,Toronto,Airbus A380,On Time,0,Premium Economy,Travel Agent,Visiting Friends/Relatives,Bronze,713.63,713.63,3.7,No
P02298,FL0498,2025-01-25,London,Toronto,Airbus A320,On Time,0,Economy,Mobile App,Business,Silver,299.84,299.84,5,No
P02299,FL0499,2025-12-29,Doha,Singapore,Airbus A350,On Time,0,Economy,Website,Visiting Friends/Relatives,Silver,216.4,227.22,3.3,No
P02300,FL0500,2025-07-11,New York,Bangkok,Airbus A320,On Time,0,Economy,Mobile App,Business,Gold,441.01,463.06,4.5,No
P02301,FL0501,2025-12-04,Sydney,Bangkok,Boeing 787,On Time,0,Business,Mobile App,Business,Gold,2833.03,2833.03,3.8,No
P02302,FL0502,2025-07-30,New York,Sydney,Airbus A320,On Time,0,Economy,Mobile App,Leisure,Silver,324.93,324.93,4.4,No
P02303,FL0503,2025-05-27,Mumbai,Sydney,Airbus A320,On Time,0,Economy,Website,Visiting Friends/Relatives,Silver,436.06,457.86,4.8,No
P02304,FL0504,2025-02-24,Frankfurt,Doha,Airbus A320,On Time,0,Economy,Website,Leisure,Gold,385.23,385.23,4.2,No
P02305,FL0505,2025-11-14,Doha,Paris,Airbus A380,On Time,0,Economy,Corporate,Business,Silver,280.94,280.94,3.5,No
P02306,FL0506,2025-07-23,Bangkok,Paris,Airbus A320,On Time,0,Economy,Corporate,Leisure,Gold,330.79,330.79,5.0,No
P02307,FL0507,2025-10-17,Frankfurt,New York,Airbus A350,Cancelled,0,First,Mobile App,Visiting Friends/Relatives,Gold,6021.31,6021.31,3.2,No
P02308,FL0508,2025-12-17,Doha,Mumbai,Airbus A320,On Time,0,Economy,Travel Agent,Leisure,Bronze,303.0,303.0,3.9,No
P02309,FL0509,2025-07-27,Dubai,Singapore,Boeing 787,On Time,0,First,Website,Visiting Friends/Relatives,Bronze,4621.51,4852.59,3.9,No
P02310,FL0510,2025-11-23,Paris,London,Airbus A320,On Time,0,Economy,Website,Business,Gold,187.46,187.46,4.5,No
P02311,FL0511,2025-08-11,London,New York,Boeing 777,On Time,0,Economy,Website,Visiting Friends/Relatives,Bronze,348.93,348.93,4.3,No
P02312,FL0512,2025-01-22,London,Sydney,Airbus A350,On Time,0,Business,Mobile App,Visiting Friends/Relatives,Bronze,1364.01,1364.01,3.7,No
P02313,FL0513,2025-05-19,Sydney,Bangkok,Airbus A320,Delayed,16,Economy,Website,Business,Bronze,364.47,364.47,3.7,No
P02314,FL0514,2025-10-16,Mumbai,Sydney,Airbus A320,On Time,0,Economy,Mobile App,Visiting Friends/Relatives,Gold,408.44,408.44,3.9,No
P02315,FL0515,2025-04-17,Bangkok,London,Airbus A380,On Time,0,Economy,Website,Business,Silver,434.36,434.36,4.4,No
P02316,FL0516,2025-06-03,Frankfurt,Singapore,Airbus A350,On Time,0,First,Website,Visiting Friends/Relatives,Bronze,4157.69,4365.57,4.0,No
P02317,FL0517,2025-12-13,Sydney,Frankfurt,Airbus A380,On Time,0,Premium Economy,Website,Visiting Friends/Relatives,Bronze,865.8,865.8,4.0,No
P02318,FL0518,2025-09-14,Singapore,Doha,Boeing 777,On Time,0,Premium Economy,Travel Agent,Business,Bronze,574.94,574.94,4.4,No
P02319,FL0519,2025-02-08,Frankfurt,Dubai,Boeing 777,On Time,0,Premium Economy,Mobile App,Business,Silver,1385.91,1385.91,3.8,No
P02320,FL0520,2025-07-23,Sydney,Tokyo,Boeing 777,On Time,0,Business,Mobile App,Visiting Friends/Relatives,Bronze,1847.15,1847.15,3.8,No
P02321,FL0521,2025-09-09,Mumbai,New York,Airbus A350,On Time,0,Economy,Travel Agent,Business,Silver,270.52,284.05,4.6,No
P02322,FL0522,2025-04-06,Frankfurt,Bangkok,Airbus A380,On Time,0,Economy,Website,Leisure,Silver,435.81,435.81,4.1,No
P02323,FL0523,2025-06-01,London,Tokyo,Airbus A350,On Time,0,Economy,Website,Visiting Friends/Relatives,Bronze,200.48,200.48,4.1,No
P02324,FL0524,2025-03-20,London,Mumbai,Boeing 787,On Time,0,Economy,Website,Leisure,Gold,168.23,168.23,3.5,No
P02325,FL0525,2025-06-12,Singapore,Bangkok,Boeing 777,On Time,0,Economy,Website,Leisure,Silver,441.64,441.64,4.2,No
P02326,FL0526,2025-08-16,Dubai,Mumbai,Boeing 777,On Time,0,Economy,Mobile App,Visiting Friends/Relatives,Silver,382.61,382.61,4.4,No
P02327,FL0527,2025-02-14,London,Dubai,Airbus A350,On Time,0,Economy,Travel Agent,Leisure,Gold,595.48,595.48,5,No
P02328,FL0528,2025-09-20,New York,Sydney,Boeing 787,On Time,0,Economy,Mobile App,Visiting Friends/Relatives,Bronze,129.62,129.62,4.2,No
P02329,FL0529,2025-10-11,London,Frankfurt,Airbus A320,On Time,0,Economy,Mobile App,Leisure,Gold,287.45,301.82,4.5,No
P02330,FL0530,2025-01-07,Bangkok,Frankfurt,Boeing 777,On Time,0,Economy,Website,Visiting Friends/Relatives,Silver,501.46,526.53,4.6,No
P02331,FL0531,2025-05-05,London,Sydney,Airbus A380,On Time,0,Economy,Mobile App,Visiting Friends/Relatives,Silver,351.21,368.77,4.6,No
P02332,FL0532,2025-03-13,Frankfurt,Doha,Boeing 777,On Time,0,Economy,Travel Agent,Visiting Friends/Relatives,Gold,541.36,541.36,3.3,No
P02333,FL0533,2025-02-02,Paris,Doha,Airbus A350,On Time,0,Economy,Mobile App,Business,Platinum,423.86,423.86,3.9,No
P02334,FL0534,2025-09-05,Frankfurt,Paris,Airbus A320,On Time,0,Economy,Website,Business,Bronze,480.96,480.96,4.1,No
P02335,FL0535,2025-09-11,Doha,Toronto,Airbus A380,On Time,0,Economy,Website,Leisure,Bronze,439.86,439.86,4.1,No
P02336,FL0536,2025-03-11,Paris,Singapore,Boeing 777,On Time,0,Economy,Mobile App,Leisure,Bronze,317.28,317.28,4.5,No
P02337,FL0537,2025-11-14,Frankfurt,Mumbai,Boeing 787,Delayed,12,Economy,Website,Business,Bronze,246.33,246.33,3.6,No
P02338,FL0538,2025-06-03,Sydney,Doha,Boeing 777,On Time,0,Economy,Website,Visiting Friends/Relatives,Bronze,234.47,234.47,4.2,No
P02339,FL0539,2025-06-10,Doha,New York,Airbus A350,Delayed,27,Economy,Mobile App,Visiting Friends/Relatives,Silver,377.44,396.31,3.5,No
P02340,FL0540,2025-12-22,Bangkok,Paris,Boeing 787,Delayed,20,Economy,Mobile App,Business,Silver,369.38,369.38,4.4,No
P02341,FL0541,2025-07-06,Mumbai,Bangkok,Airbus A320,Delayed,7,Premium Economy,Travel Agent,Business,Bronze,639.86,639.86,4.3,No
P02342,FL0542,2025-10-07,Doha,Tokyo,Airbus A350,On Time,0,Economy,Website,Visiting Friends/Relatives,Bronze,407.07,407.07,3.6,No
P02343,FL0543,2025-08-25,New York,London,Airbus A350,On Time,0,Premium Economy,Website,Visiting Friends/Relatives,Gold,557.98,557.98,4.3,No
P02344,FL0544,2025-07-29,Mumbai,Singapore,Boeing 787,On Time,0,Economy,Mobile App,Leisure,Silver,287.42,287.42,3.8,No
P02345,FL0545,2025-05-10,Mumbai,Dubai,Airbus A350,On Time,0,Economy,Corporate,Business,Silver,306.66,321.99,4.3,No
P02346,FL0546,2025-08-18,Frankfurt,Singapore,Airbus A380,On Time,0,Premium Economy,Travel Agent,Business,Gold,362.73,362.73,3.6,No
P02347,FL0547,2025-09-17,Frankfurt,Sydney,Boeing 787,On Time,0,Economy,Website,Visiting Friends/Relatives,Gold,225.77,237.06,3.2,No
P02348,FL0548,2025-11-01,Bangkok,Sydney,Airbus A320,On Time,0,Economy,Website,Business,Gold,479.18,503.14,4.7,No
P02349,FL0549,2025-12-07,Doha,Toronto,Boeing 777,On Time,0,Business,Mobile App,Business,Bronze,759.29,759.29,3.0,No
P02350,FL0550,2025-10-16,Sydney,London,Boeing 787,Delayed,7,Business,Mobile App,Business,Silver,1447.74,1447.74,3.5,No
P02351,FL0551,2025-02-20,London,Singapore,Boeing 777,On Time,0,Economy,Mobile App,Leisure,Gold,380.16,380.16,4.5,No
P02352,FL0552,2025-10-25,New York,Sydney,Airbus A380,On Time,0,Economy,Travel Agent,Business,Bronze,359.83,359.83,4.0,No
P02353,FL0553,2025-08-26,Bangkok,Frankfurt,Airbus A380,On Time,0,Economy,Website,Leisure,Bronze,486.22,486.22,5,No
P02354,FL0554,2025-01-13,Singapore,Frankfurt,Boeing 787,On Time,0,Economy,Mobile App,Visiting Friends/Relatives,Gold,258.05,258.05,4.1,No
P02355,FL0555,2025-03-01,Frankfurt,Singapore,Airbus A350,On Time,0,Economy,Mobile App,Leisure,Platinum,385.31,404.58,3.9,No
P02356,FL0556,2025-04-16,Bangkok,New York,Airbus A380,On Time,0,Economy,Website,Leisure,Bronze,272.0,272.0,5,No
P02357,FL0557,2025-08-13,Paris,Singapore,Boeing 787,On Time,0,Economy,Corporate,Leisure,Platinum,237.7,249.59,4.1,Yes
P02358,FL0558,2025-12-30,Mumbai,London,Airbus A320,On Time,0,Economy,Website,Leisure,Gold,317.11,317.11,4.3,No
P02359,FL0559,2025-02-25,Bangkok,Toronto,Airbus A350,Delayed,36,Economy,Website,Leisure,Platinum,500.41,500.41,3.1,No
P02360,FL0560,2025-03-31,Doha,Sydney,Airbus A380,On Time,0,Economy,Website,Business,Silver,325.7,325.7,4.7,No
P02361,FL0561,2025-08-25,New York,Frankfurt,Airbus A350,Delayed,12,Economy,Mobile App,Leisure,Bronze,516.81,542.65,4.0,No
P02362,FL0562,2025-01-15,Frankfurt,Bangkok,Airbus A380,Delayed,12,Economy,Travel Agent,Leisure,Gold,298.36,298.36,3.6,No
P02363,FL0563,2025-08-08,Paris,Tokyo,Boeing 787,On Time,0,Premium Economy,Website,Business,Bronze,1037.59,1037.59,4.2,No
P02364,FL0564,2025-05-23,Doha,Paris,Airbus A320,On Time,0,Economy,Mobile App,Visiting Friends/Relatives,Gold,478.99,478.99,4.4,No
P02365,FL0565,2025-07-07,New York,Doha,Boeing 777,On Time,0,Premium Economy,Website,Business,Silver,512.74,512.74,4.4,No
P02366,FL0566,2025-12-10,London,Mumbai,Boeing 787,On Time,0,Economy,Mobile App,Business,Bronze,364.56,382.79,4.1,Yes
P02367,FL0567,2025-07-18,Bangkok,Tokyo,Airbus A380,On Time,0,Economy,Mobile App,Visiting Friends/Relatives,Silver,278.54,278.54,3.3,No
P02368,FL0568,2025-06-30,London,Frankfurt,Boeing 787,On Time,0,Economy,Mobile App,Business,Gold,340.49,340.49,3.4,No
P02369,FL0569,2025-10-30,Mumbai,Tokyo,Airbus A320,On Time,0,Economy,Website,Leisure,Gold,295.42,295.42,4.0,No
P02370,FL0570,2025-05-03,Bangkok,Singapore,Boeing 777,On Time,0,Economy,Website,Leisure,Gold,206.54,206.54,5,No
P02371,FL0571,2025-09-19,Bangkok,Doha,Boeing 787,On Time,0,Economy,Mobile App,Leisure,Silver,415.54,415.54,5,No
P02372,FL0572,2025-07-16,Singapore,Tokyo,Boeing 787,On Time,0,Economy,Mobile App,Business,Silver,330.48,330.48,3.8,No
P02373,FL0573,2025-03-30,New York,Toronto,Airbus A380,On Time,0,Business,Corporate,Leisure,Silver,2026.44,2026.44,5,No
P02374,FL0574,2025-04-06,Mumbai,Doha,Boeing 777,Delayed,1,Economy,Website,Business,Silver,232.03,232.03,3.7,No
P02375,FL0575,2025-03-11,Dubai,New York,Airbus A350,Delayed,1,Economy,Mobile App,Visiting Friends/Relatives,Silver,400.77,420.81,2.9,No
P02376,FL0576,2025-12-01,New York,Sydney,Boeing 787,On Time,0,Economy,Mobile App,Business,Bronze,263.05,276.2,3.9,No
P02377,FL0577,2025-12-30,Paris,Bangkok,Boeing 787,On Time,0,Economy,Travel Agent,Visiting Friends/Relatives,Gold,272.97,286.62,3.5,No
P02378,FL0578,2025-01-16,London,Tokyo,Airbus A350,On Time,0,Business,Travel Agent,Visiting Friends/Relatives,Silver,1794.49,1794.49,4.3,No
P02379,FL0579,2025-10-03,Mumbai,Dubai,Boeing 777,On Time,0,Economy,Website,Leisure,Platinum,274.37,274.37,4.3,No
P02380,FL0580,2025-09-11,Paris,Tokyo,Airbus A380,On Time,0,Economy,Mobile App,Leisure,Bronze,315.42,315.42,4.6,No
P02381,FL0581,2025-05-18,Sydney,Singapore,Airbus A380,Delayed,3,Economy,Mobile App,Leisure,Silver,103.7,108.89,2.9,No
P02382,FL0582,2025-10-07,Dubai,New York,Airbus A350,Cancelled,0,Economy,Mobile App,Leisure,Silver,292.57,307.2,3.1,No
P02383,FL0583,2025-05-07,London,Toronto,Boeing 777,Delayed,34,Premium Economy,Travel Agent,Business,Gold,968.75,968.75,4.1,No
P02384,FL0584,2025-05-15,Dubai,New York,Boeing 777,Delayed,38,Economy,Mobile App,Visiting Friends/Relatives,Platinum,583.94,613.14,4.3,No
P02385,FL0585,2025-04-18,London,Paris,Airbus A380,On Time,0,Business,Mobile App,Business,Gold,1717.66,1717.66,4.5,No
P02386,FL0586,2025-08-08,Sydney,Toronto,Airbus A350,On Time,0,Economy,Mobile App,Business,Platinum,284.33,284.33,5.0,No
P02387,FL0587,2025-01-31,Doha,Paris,Airbus A380,On Time,0,Premium Economy,Travel Agent,Visiting Friends/Relatives,Bronze,453.22,475.88,3.6,No
P02388,FL0588,2025-10-03,Mumbai,Tokyo,Airbus A350,On Time,0,Premium Economy,Website,Business,Platinum,742.86,742.86,4.4,No
P02389,FL0589,2025-10-21,Mumbai,Paris,Boeing 777,Delayed,30,Economy,Travel Agent,Leisure,Bronze,421.55,442.63,4.0,No
P02390,FL0590,2025-02-18,New York,Toronto,Airbus A350,Delayed,23,Business,Website,Visiting Friends/Relatives,Bronze,2551.58,2551.58,3.4,No
P02391,FL0591,2025-03-06,Mumbai,Toronto,Airbus A350,On Time,0,Economy,Website,Business,Silver,329.67,329.67,3.4,No
P02392,FL0592,2025-12-13,Bangkok,Dubai,Boeing 787,On Time,0,Economy,Mobile App,Visiting Friends/Relatives,Bronze,332.24,348.85,4.3,No
P02393,FL0593,2025-05-18,Sydney,Toronto,Boeing 787,On Time,0,Economy,Website,Business,Silver,288.24,288.24,3.8,No
P02394,FL0594,2025-02-17,London,Toronto,Boeing 787,On Time,0,Economy,Mobile App,Visiting Friends/Relatives,Silver,231.21,242.77,2.9,No
P02395,FL0595,2025-08-21,Mumbai,Frankfurt,Boeing 787,On Time,0,Economy,Travel Agent,Business,Bronze,350.0,350.0,3.7,No
P02396,FL0596,2025-08-23,Dubai,Singapore,Boeing 777,Delayed,1,Economy,Travel Agent,Visiting Friends/Relatives,Platinum,531.14,531.14,2.3,No
P02397,FL0597,2025-04-22,New York,Frankfurt,Boeing 787,Delayed,7,Economy,Mobile App,Visiting Friends/Relatives,Bronze,311.07,326.62,3.1,No
P02398,FL0598,2025-10-08,Mumbai,Frankfurt,Airbus A380,On Time,0,Economy,Mobile App,Business,Bronze,277.74,277.74,3.4,No
P02399,FL0599,2025-12-16,Paris,Frankfurt,Airbus A320,On Time,0,Economy,Mobile App,Business,Bronze,270.69,270.69,3.8,No
P02400,FL0600,2025-03-05,Paris,London,Airbus A350,On Time,0,Economy,Mobile App,Business,Platinum,200.83,200.83,4.1,No
P02401,FL0601,2025-04-14,Dubai,Bangkok,Airbus A350,Delayed,18,Economy,Mobile App,Leisure,Bronze,317.62,317.62,3.8,No
P02402,FL0602,2025-05-21,Mumbai,Doha,Airbus A320,On Time,0,Economy,Travel Agent,Visiting Friends/Relatives,Silver,353.58,353.58,4.0,No
P02403,FL0603,2025-07-10,Mumbai,Singapore,Airbus A350,On Time,0,Economy,Travel Agent,Business,Bronze,277.72,291.61,4.4,No
P02404,FL0604,2025-08-08,Mumbai,Dubai,Airbus A320,On Time,0,Business,Website,Business,Platinum,1137.64,1137.64,4.1,No
P02405,FL0605,2025-09-02,Dubai,Paris,Airbus A320,On Time,0,Economy,Website,Visiting Friends/Relatives,Silver,241.09,253.14,4.9,Yes
P02406,FL0606,2025-12-15,Doha,Sydney,Boeing 787,On Time,0,Economy,Mobile App,Visiting Friends/Relatives,Bronze,259.85,259.85,4.3,No
P02407,FL0607,2025-08-05,Bangkok,Singapore,Airbus A350,On Time,0,Economy,Website,Visiting Friends/Relatives,Silver,356.37,356.37,4.8,No
P02408,FL0608,2025-02-15,Doha,Bangkok,Airbus A320,On Time,0,Economy,Website,Business,Bronze,441.86,441.86,4.5,No
P02409,FL0609,2025-03-12,Bangkok,Paris,Boeing 787,On Time,0,Economy,Corporate,Business,Bronze,377.83,377.83,4.3,No
P02410,FL0610,2025-12-13,Singapore,Toronto,Airbus A350,On Time,0,Economy,Corporate,Visiting Friends/Relatives,Silver,233.48,233.48,4.3,No
P02411,FL0611,2025-11-09,Sydney,London,Airbus A350,On Time,0,Premium Economy,Mobile App,Business,Gold,752.02,752.02,3.5,No
P02412,FL0612,2025-03-19,Doha,Toronto,Boeing 787,On Time,0,Economy,Website,Leisure,Silver,308.15,308.15,5,No
P02413,FL0613,2025-02-14,Paris,Dubai,Airbus A320,On Time,0,Premium Economy,Mobile App,Business,Silver,408.35,408.35,4.1,No
P02414,FL0614,2025-07-16,London,Tokyo,Boeing 777,Delayed,15,Economy,Travel Agent,Leisure,Platinum,418.45,418.45,4.0,No
P02415,FL0615,2025-02-13,Mumbai,Toronto,Airbus A350,On Time,0,Premium Economy,Website,Leisure,Bronze,585.29,614.55,5.0,No
P02416,FL0616,2025-05-26,Sydney,Tokyo,Airbus A320,Delayed,24,Economy,Website,Leisure,Silver,357.06,374.91,4.4,No
P02417,FL0617,2025-09-23,Mumbai,Dubai,Airbus A380,On Time,0,Business,Corporate,Visiting Friends/Relatives,Gold,2236.64,2236.64,5,No
P02418,FL0618,2025-11-27,Frankfurt,Paris,Airbus A320,Delayed,20,Business,Corporate,Leisure,Silver,1420.42,1420.42,3.5,No
P02419,FL0619,2025-05-04,Frankfurt,Singapore,Boeing 787,On Time,0,Business,Mobile App,Leisure,Silver,1860.01,1860.01,4.0,No
P02420,FL0620,2025-01-07,London,Sydney,Boeing 777,Delayed,9,Economy,Website,Business,Bronze,434.65,434.65,4.0,No
P02421,FL0621,2025-10-19,Singapore,Bangkok,Boeing 787,On Time,0,Economy,Corporate,Visiting Friends/Relatives,Platinum,336.43,336.43,4.6,No
P02422,FL0622,2025-02-07,Singapore,New York,Airbus A320,On Time,0,Economy,Corporate,Leisure,Bronze,256.09,256.09,4.3,No
P02423,FL0623,2025-04-21,Dubai,Mumbai,Airbus A320,Delayed,29,Premium Economy,Website,Visiting Friends/Relatives,Gold,560.9,560.9,3.3,No
P02424,FL0624,2025-12-31,Mumbai,Toronto,Airbus A380,On Time,0,Premium Economy,Website,Leisure,Bronze,816.08,816.08,3.0,No
P02425,FL0625,2025-02-12,Frankfurt,Bangkok,Airbus A380,On Time,0,Economy,Mobile App,Visiting Friends/Relatives,Gold,355.28,373.04,3.2,No
P02426,FL0626,2025-02-12,Singapore,Mumbai,Boeing 777,On Time,0,Premium Economy,Travel Agent,Leisure,Gold,844.98,844.98,3.1,No
P02427,FL0627,2025-10-02,Doha,Dubai,Boeing 777,On Time,0,Economy,Website,Visiting Friends/Relatives,Gold,336.85,336.85,4.8,No
P02428,FL0628,2025-12-24,London,Mumbai,Boeing 787,On Time,0,Economy,Mobile App,Leisure,Bronze,287.86,302.25,4.3,Yes
P02429,FL0629,2025-05-06,Doha,London,Airbus A320,Delayed,14,Premium Economy,Website,Visiting Friends/Relatives,Silver,552.8,580.44,4.5,No
P02430,FL0630,2025-11-10,London,New York,Airbus A380,On Time,0,Economy,Mobile App,Business,Bronze,167.11,167.11,4.6,No
P02431,FL0631,2025-01-07,Singapore,Doha,Airbus A350,On Time,0,Economy,Website,Visiting Friends/Relatives,Gold,286.65,286.65,4.1,No
P02432,FL0632,2025-06-27,Singapore,New York,Airbus A380,On Time,0,Economy,Website,Business,Bronze,250.37,250.37,4.7,No
P02433,FL0633,2025-07-10,Mumbai,Doha,Airbus A350,On Time,0,Economy,Mobile App,Business,Bronze,260.25,260.25,3.3,No
P02434,FL0634,2025-01-16,Mumbai,Singapore,Boeing 777,Delayed,17,Economy,Travel Agent,Visiting Friends/Relatives,Silver,264.75,264.75,4.4,No
P02435,FL0635,2025-02-09,Sydney,Toronto,Boeing 787,On Time,0,Economy,Website,Business,Silver,286.99,286.99,4.3,No
P02436,FL0636,2025-09-13,Bangkok,London,Airbus A380,On Time,0,Economy,Corporate,Visiting Friends/Relatives,Platinum,289.46,303.93,4.9,Yes
P02437,FL0637,2025-02-22,Singapore,Mumbai,Airbus A380,On Time,0,Economy,Travel Agent,Leisure,Silver,302.82,302.82,4.5,No
P02438,FL0638,2025-09-18,London,Paris,Airbus A320,On Time,0,Economy,Corporate,Leisure,Gold,315.68,315.68,4.8,No
P02439,FL0639,2025-01-24,Dubai,Paris,Boeing 787,On Time,0,Business,Mobile App,Business,Platinum,2111.46,2111.46,3.4,No
P02440,FL0640,2025-01-19,Singapore,Dubai,Airbus A380,Delayed,22,Economy,Mobile App,Leisure,Platinum,613.57,613.57,2.8,No
P02441,FL0641,2025-06-14,Frankfurt,Dubai,Airbus A350,On Time,0,Premium Economy,Travel Agent,Business,Silver,731.42,731.42,5,No
P02442,FL0642,2025-02-09,Bangkok,Paris,Airbus A380,On Time,0,Business,Website,Business,Bronze,3434.56,3434.56,4.9,No
P02443,FL0643,2025-01-27,New York,Toronto,Airbus A350,On Time,0,Economy,Mobile App,Leisure,Bronze,435.07,435.07,3.7,No
P02444,FL0644,2025-07-25,New York,London,Airbus A320,Delayed,31,Economy,Mobile App,Business,Bronze,263.2,276.36,3.4,No
P02445,FL0645,2025-02-14,Mumbai,Frankfurt,Airbus A380,On Time,0,Premium Economy,Corporate,Business,Bronze,686.68,686.68,4.3,No
P02446,FL0646,2025-05-30,Bangkok,Dubai,Airbus A380,Delayed,2,Economy,Mobile App,Leisure,Bronze,272.7,272.7,3.3,No
P02447,FL0647,2025-08-26,Sydney,Dubai,Boeing 777,On Time,0,Economy,Website,Visiting Friends/Relatives,Gold,326.02,342.32,4.2,No
P02448,FL0648,2025-10-07,Paris,Dubai,Airbus A350,On Time,0,Economy,Mobile App,Visiting Friends/Relatives,Platinum,228.69,228.69,4.0,No
P02449,FL0649,2025-04-30,Frankfurt,London,Airbus A380,On Time,0,Economy,Travel Agent,Business,Gold,323.76,323.76,3.8,No
P02450,FL0650,2025-01-01,Dubai,Frankfurt,Boeing 787,Delayed,17,Premium Economy,Mobile App,Leisure,Silver,387.53,387.53,2.9,Yes
P02451,FL0651,2025-08-03,New York,Dubai,Boeing 787,Delayed,12,Economy,Website,Business,Platinum,467.35,467.35,3.9,No
P02452,FL0652,2025-02-17,Singapore,Mumbai,Airbus A320,Delayed,29,Economy,Travel Agent,Leisure,Bronze,269.28,269.28,4.4,No
P02453,FL0653,2025-02-13,Bangkok,New York,Airbus A380,On Time,0,Economy,Mobile App,Visiting Friends/Relatives,Silver,554.51,582.24,4.1,No
P02454,FL0654,2025-07-21,Singapore,Toronto,Airbus A320,On Time,0,Business,Mobile App,Leisure,Silver,1544.08,1544.08,4.7,No
P02455,FL0655,2025-12-06,Dubai,Bangkok,Airbus A350,On Time,0,Business,Mobile App,Visiting Friends/Relatives,Silver,1470.83,1470.83,4.5,No
P02456,FL0656,2025-07-21,Mumbai,Frankfurt,Boeing 777,On Time,0,Premium Economy,Travel Agent,Leisure,Bronze,438.87,438.87,3.4,No
P02457,FL0657,2025-02-08,Mumbai,Dubai,Airbus A350,On Time,0,Economy,Website,Leisure,Gold,351.68,369.26,4.7,No
P02458,FL0658,2025-03-21,Sydney,Singapore,Airbus A320,On Time,0,Business,Mobile App,Leisure,Bronze,1383.93,1453.13,4.2,No
P02459,FL0659,2025-07-28,Paris,Frankfurt,Airbus A320,On Time,0,Economy,Website,Leisure,Silver,402.93,402.93,4.2,No
P02460,FL0660,2025-06-07,Doha,New York,Boeing 787,On Time,0,Economy,Mobile App,Business,Silver,465.28,465.28,3.7,No
P02461,FL0661,2025-03-22,London,Doha,Boeing 777,Delayed,9,Economy,Website,Leisure,Gold,250.16,250.16,3.4,No
P02462,FL0662,2025-04-21,Sydney,London,Boeing 777,On Time,0,Economy,Corporate,Visiting Friends/Relatives,Bronze,276.51,276.51,4.0,No
P02463,FL0663,2025-07-22,Doha,Frankfurt,Airbus A380,On Time,0,Economy,Mobile App,Leisure,Bronze,753.37,791.04,4.0,No
P02464,FL0664,2025-03-31,Mumbai,Paris,Airbus A320,Delayed,27,Economy,Website,Leisure,Bronze,319.34,319.34,2.7,No
P02465,FL0665,2025-02-18,New York,Dubai,Boeing 787,On Time,0,Economy,Travel Agent,Leisure,Bronze,278.73,278.73,4.1,No
P02466,FL0666,2025-01-07,Singapore,Doha,Airbus A320,Delayed,5,Business,Website,Visiting Friends/Relatives,Silver,1306.27,1306.27,3.8,No
P02467,FL0667,2025-04-12,Doha,Dubai,Boeing 787,On Time,0,First,Mobile App,Business,Gold,3999.41,3999.41,4.0,No
P02468,FL0668,2025-10-28,London,Tokyo,Boeing 777,Delayed,54,Economy,Website,Business,Bronze,412.34,412.34,3.2,No
P02469,FL0669,2025-08-16,Doha,Toronto,Airbus A350,On Time,0,Economy,Website,Business,Bronze,405.9,405.9,4.0,No
P02470,FL0670,2025-01-22,Bangkok,Singapore,Boeing 787,On Time,0,Economy,Mobile App,Business,Gold,222.43,233.55,4.3,No
P02471,FL0671,2025-07-22,Sydney,Frankfurt,Boeing 787,On Time,0,Economy,Mobile App,Business,Platinum,404.07,404.07,4.4,No
P02472,FL0672,2025-07-01,Frankfurt,Doha,Airbus A350,Delayed,36,Economy,Website,Visiting Friends/Relatives,Silver,363.52,363.52,4.0,No
P02473,FL0673,2025-08-17,Mumbai,Paris,Airbus A350,On Time,0,Premium Economy,Mobile App,Leisure,Gold,750.73,750.73,3.3,No
P02474,FL0674,2025-05-06,Sydney,Tokyo,Boeing 777,On Time,0,Economy,Mobile App,Visiting Friends/Relatives,Bronze,272.93,272.93,4.3,No
P02475,FL0675,2025-02-01,New York,Bangkok,Airbus A320,On Time,0,Premium Economy,Website,Visiting Friends/Relatives,Bronze,625.76,625.76,3.6,No
P02476,FL0676,2025-04-13,Singapore,Bangkok,Airbus A380,On Time,0,Economy,Travel Agent,Business,Bronze,270.97,270.97,3.6,No
P02477,FL0677,2025-07-15,New York,London,Boeing 777,On Time,0,Economy,Website,Business,Silver,186.99,196.34,4.6,No
P02478,FL0678,2025-10-17,Paris,Frankfurt,Airbus A380,On Time,0,Business,Website,Leisure,Gold,821.34,821.34,4.1,No
P02479,FL0679,2025-01-14,Mumbai,Doha,Boeing 777,On Time,0,Economy,Travel Agent,Business,Bronze,413.4,413.4,4.5,No
P02480,FL0680,2025-01-30,Dubai,Mumbai,Boeing 787,On Time,0,Economy,Travel Agent,Business,Bronze,366.41,384.73,5,No
P02481,FL0681,2025-03-23,Sydney,Dubai,Airbus A320,On Time,0,Premium Economy,Website,Business,Platinum,722.46,758.58,4.3,No
P02482,FL0682,2025-10-01,Doha,Mumbai,Airbus A320,On Time,0,Economy,Website,Business,Silver,266.06,266.06,4.3,No
P02483,FL0683,2025-07-18,Doha,Tokyo,Boeing 777,Delayed,25,Economy,Website,Business,Silver,367.49,367.49,3.9,No
P02484,FL0684,2025-06-12,Doha,Tokyo,Boeing 777,Delayed,17,Economy,Mobile App,Visiting Friends/Relatives,Silver,275.88,289.67,3.2,No
P02485,FL0685,2025-10-18,Dubai,Frankfurt,Airbus A380,On Time,0,Economy,Website,Visiting Friends/Relatives,Bronze,322.8,338.94,4.4,No
P02486,FL0686,2025-10-05,Doha,New York,Boeing 777,On Time,0,Economy,Website,Visiting Friends/Relatives,Platinum,214.42,214.42,4.0,No
P02487,FL0687,2025-01-29,Dubai,Singapore,Airbus A350,On Time,0,Premium Economy,Mobile App,Business,Platinum,424.57,424.57,3.9,No
P02488,FL0688,2025-09-02,Dubai,Sydney,Airbus A320,On Time,0,Business,Mobile App,Visiting Friends/Relatives,Bronze,2374.22,2374.22,5,No
P02489,FL0689,2025-03-08,Sydney,Dubai,Boeing 777,On Time,0,Economy,Mobile App,Leisure,Platinum,377.54,396.42,5,No
P02490,FL0690,2025-01-12,Bangkok,London,Airbus A350,On Time,0,Economy,Travel Agent,Visiting Friends/Relatives,Bronze,270.28,270.28,4.9,No
P02491,FL0691,2025-09-27,Singapore,Doha,Boeing 777,Delayed,1,Economy,Mobile App,Visiting Friends/Relatives,Gold,298.2,313.11,3.0,No
P02492,FL0692,2025-02-21,Frankfurt,Tokyo,Boeing 777,On Time,0,Economy,Mobile App,Visiting Friends/Relatives,Bronze,225.76,225.76,4.3,No
P02493,FL0693,2025-08-12,Singapore,Dubai,Boeing 787,On Time,0,Premium Economy,Travel Agent,Leisure,Gold,382.52,382.52,3.4,No
P02494,FL0694,2025-12-22,Singapore,Sydney,Airbus A380,Delayed,38,Economy,Corporate,Business,Bronze,494.68,519.41,2.9,No
P02495,FL0695,2025-10-29,Doha,Toronto,Airbus A350,On Time,0,Economy,Mobile App,Leisure,Platinum,271.56,285.14,4.0,Yes
P02496,FL0696,2025-04-01,Mumbai,Doha,Airbus A320,Delayed,29,Economy,Website,Business,Silver,266.69,280.02,4.4,No
P02497,FL0697,2025-04-04,Sydney,London,Airbus A380,On Time,0,Economy,Travel Agent,Leisure,Platinum,281.71,281.71,3.5,No
P02498,FL0698,2025-11-24,Sydney,Dubai,Airbus A380,On Time,0,Economy,Mobile App,Visiting Friends/Relatives,Gold,445.22,467.48,5,No
P02499,FL0699,2025-06-19,Paris,Doha,Airbus A320,On Time,0,Economy,Mobile App,Business,Bronze,500.99,500.99,4.4,No
P02500,FL0700,2025-11-22,Bangkok,Doha,Airbus A320,Delayed,14,Economy,Website,Visiting Friends/Relatives,Gold,330.59,330.59,3.5,Yes
P02501,FL0701,2025-01-06,Bangkok,New York,Boeing 777,On Time,0,Premium Economy,Mobile App,Business,Gold,642.89,642.89,4.5,No
P02502,FL0702,2025-05-12,London,Frankfurt,Airbus A320,On Time,0,Economy,Corporate,Leisure,Silver,292.49,292.49,4.6,No
P02503,FL0703,2025-08-13,Dubai,Bangkok,Boeing 787,Delayed,28,Economy,Mobile App,Business,Silver,385.7,385.7,3.1,No
P02504,FL0704,2025-10-07,Frankfurt,Mumbai,Boeing 787,On Time,0,Premium Economy,Website,Business,Platinum,1040.08,1092.08,3.9,No
P02505,FL0705,2025-11-30,Paris,Tokyo,Airbus A350,On Time,0,Economy,Mobile App,Business,Platinum,311.52,327.1,4.3,No
P02506,FL0706,2025-05-31,London,Singapore,Airbus A320,On Time,0,First,Mobile App,Visiting Friends/Relatives,Platinum,3813.67,4004.35,4.5,No
P02507,FL0707,2025-06-25,London,Doha,Airbus A350,Delayed,8,Economy,Mobile App,Business,Gold,275.44,289.21,3.8,No
P02508,FL0708,2025-10-08,Singapore,Doha,Airbus A320,On Time,0,Economy,Mobile App,Visiting Friends/Relatives,Bronze,281.13,295.19,3.8,No
P02509,FL0709,2025-12-27,Sydney,Bangkok,Airbus A320,On Time,0,Business,Mobile App,Visiting Friends/Relatives,Bronze,1743.45,1743.45,3.9,No
P02510,FL0710,2025-08-11,Singapore,Tokyo,Airbus A350,On Time,0,Business,Website,Visiting Friends/Relatives,Gold,2287.2,2287.2,3.8,No
P02511,FL0711,2025-04-08,Bangkok,Dubai,Boeing 787,On Time,0,Premium Economy,Travel Agent,Leisure,Gold,643.41,643.41,4.4,No
P02512,FL0712,2025-12-05,New York,Paris,Boeing 777,On Time,0,Premium Economy,Website,Business,Platinum,888.36,932.78,3.1,No
P02513,FL0713,2025-07-21,London,Singapore,Airbus A380,On Time,0,Economy,Mobile App,Leisure,Bronze,308.56,308.56,4.2,No
P02514,FL0714,2025-01-28,Paris,Doha,Boeing 777,On Time,0,Economy,Travel Agent,Business,Gold,255.54,255.54,4.4,No
P02515,FL0715,2025-12-05,London,Mumbai,Airbus A380,On Time,0,Premium Economy,Corporate,Leisure,Gold,765.76,765.76,3.1,No
P02516,FL0716,2025-04-16,London,Singapore,Airbus A350,On Time,0,Economy,Mobile App,Leisure,Bronze,255.67,268.45,4.2,No
P02517,FL0717,2025-03-01,London,New York,Boeing 777,Delayed,1,Business,Travel Agent,Business,Silver,1431.23,1502.79,3.7,No
P02518,FL0718,2025-11-25,Mumbai,Singapore,Airbus A380,On Time,0,Business,Website,Business,Gold,1572.2,1572.2,4.2,No
P02519,FL0719,2025-07-09,Bangkok,Frankfurt,Airbus A350,On Time,0,Premium Economy,Website,Leisure,Gold,1023.63,1023.63,4.9,No
P02520,FL0720,2025-08-27,Mumbai,New York,Boeing 777,On Time,0,Premium Economy,Website,Business,Bronze,659.09,659.09,5.0,Yes
P02521,FL0721,2025-02-01,Mumbai,Tokyo,Airbus A350,On Time,0,Economy,Mobile App,Visiting Friends/Relatives,Bronze,222.22,222.22,5,No
P02522,FL0722,2025-12-09,London,Doha,Boeing 777,Delayed,22,Economy,Travel Agent,Business,Platinum,230.6,230.6,3.3,Yes
P02523,FL0723,2025-04-27,Frankfurt,Tokyo,Airbus A380,On Time,0,Economy,Website,Leisure,Bronze,398.12,398.12,4.2,No
P02524,FL0724,2025-08-03,Frankfurt,Sydney,Airbus A380,On Time,0,Economy,Mobile App,Visiting Friends/Relatives,Bronze,498.26,498.26,4.5,Yes
P02525,FL0725,2025-05-01,Paris,Tokyo,Boeing 787,On Time,0,Economy,Website,Visiting Friends/Relatives,Silver,329.35,329.35,4.8,No
P02526,FL0726,2025-09-15,Frankfurt,London,Airbus A380,Delayed,23,Economy,Website,Leisure,Gold,529.02,529.02,4.4,No
P02527,FL0727,2025-03-03,Sydney,Doha,Boeing 787,On Time,0,Economy,Mobile App,Business,Gold,260.92,260.92,4.6,No
P02528,FL0728,2025-04-09,Singapore,Paris,Airbus A350,On Time,0,Economy,Mobile App,Visiting Friends/Relatives,Bronze,214.01,224.71,4.5,No
P02529,FL0729,2025-08-11,London,Toronto,Airbus A350,Cancelled,0,Economy,Website,Visiting Friends/Relatives,Gold,260.9,260.9,3.1,No
P02530,FL0730,2025-05-13,Singapore,Tokyo,Boeing 777,Delayed,1,Economy,Travel Agent,Business,Platinum,272.63,286.26,3.7,No
P02531,FL0731,2025-07-18,London,Doha,Airbus A380,On Time,0,Economy,Mobile App,Visiting Friends/Relatives,Silver,302.33,317.45,3.9,No
P02532,FL0732,2025-09-24,Bangkok,Paris,Boeing 787,Delayed,36,Economy,Mobile App,Leisure,Silver,163.32,163.32,4.2,Yes
P02533,FL0733,2025-08-03,Sydney,New York,Airbus A320,On Time,0,Economy,Website,Business,Silver,197.32,197.32,4.1,No
P02534,FL0734,2025-10-29,Singapore,Tokyo,Airbus A380,On Time,0,Economy,Website,Business,Bronze,254.36,267.08,4.4,No
P02535,FL0735,2025-10-16,London,Doha,Airbus A320,Delayed,19,Economy,Mobile App,Visiting Friends/Relatives,Silver,497.81,522.7,3.4,No
P02536,FL0736,2025-07-30,New York,Mumbai,Boeing 777,On Time,0,Business,Corporate,Visiting Friends/Relatives,Gold,2111.23,2111.23,4.2,No
P02537,FL0737,2025-11-08,Paris,Tokyo,Boeing 787,On Time,0,Business,Website,Business,Silver,1372.71,1441.35,4.0,No
P02538,FL0738,2025-03-15,Mumbai,Bangkok,Airbus A380,On Time,0,Economy,Website,Visiting Friends/Relatives,Bronze,446.86,469.2,4.6,No
P02539,FL0739,2025-07-22,Frankfurt,London,Boeing 777,On Time,0,Business,Travel Agent,Leisure,Silver,3718.42,3718.42,4.2,No
P02540,FL0740,2025-05-18,Dubai,New York,Boeing 777,On Time,0,Economy,Website,Visiting Friends/Relatives,Bronze,329.89,329.89,4.5,No
P02541,FL0741,2025-05-24,Mumbai,Paris,Boeing 787,Delayed,5,Economy,Mobile App,Visiting Friends/Relatives,Gold,346.59,346.59,5,No
P02542,FL0742,2025-06-03,Doha,Dubai,Boeing 787,On Time,0,Economy,Website,Business,Gold,244.86,244.86,4.0,No
P02543,FL0743,2025-08-02,Bangkok,Paris,Airbus A380,On Time,0,Economy,Travel Agent,Business,Bronze,304.59,304.59,3.8,No
P02544,FL0744,2025-04-19,Doha,New York,Boeing 787,On Time,0,Business,Website,Leisure,Silver,1141.03,1141.03,2.8,No
P02545,FL0745,2025-01-29,New York,Mumbai,Airbus A380,Delayed,1,Economy,Mobile App,Visiting Friends/Relatives,Platinum,437.11,437.11,3.9,No
P02546,FL0746,2025-12-30,London,Mumbai,Airbus A380,On Time,0,Business,Mobile App,Visiting Friends/Relatives,Bronze,1349.14,1349.14,4.6,No
P02547,FL0747,2025-01-15,New York,Tokyo,Airbus A350,On Time,0,Economy,Website,Visiting Friends/Relatives,Silver,410.11,430.62,5,No
P02548,FL0748,2025-05-08,Doha,London,Airbus A320,On Time,0,Economy,Corporate,Leisure,Silver,502.41,502.41,5,No
P02549,FL0749,2025-05-21,Bangkok,Dubai,Boeing 777,Delayed,1,Business,Website,Visiting Friends/Relatives,Silver,2331.83,2448.42,3.7,No
P02550,FL0750,2025-01-16,London,Toronto,Airbus A350,On Time,0,Premium Economy,Mobile App,Visiting Friends/Relatives,Bronze,593.51,593.51,5,No
P02551,FL0751,2025-04-01,Sydney,Bangkok,Boeing 787,On Time,0,First,Mobile App,Visiting Friends/Relatives,Silver,8647.19,8647.19,3.7,No
P02552,FL0752,2025-03-25,Bangkok,Mumbai,Boeing 777,On Time,0,Business,Mobile App,Visiting Friends/Relatives,Gold,1821.59,1821.59,3.4,No
P02553,FL0753,2025-01-15,London,Mumbai,Boeing 787,On Time,0,Economy,Mobile App,Leisure,Silver,504.72,504.72,4.0,No
P02554,FL0754,2025-04-24,Sydney,Dubai,Airbus A350,On Time,0,Premium Economy,Travel Agent,Leisure,Silver,755.2,755.2,3.9,No
P02555,FL0755,2025-07-29,Mumbai,Toronto,Airbus A380,On Time,0,Economy,Mobile App,Business,Gold,480.15,480.15,5,No
P02556,FL0756,2025-03-09,Dubai,New York,Airbus A350,On Time,0,Economy,Website,Leisure,Bronze,355.59,373.37,5,No
P02557,FL0757,2025-05-10,Dubai,Paris,Airbus A380,Delayed,17,Economy,Website,Visiting Friends/Relatives,Platinum,256.86,256.86,2.1,No
P02558,FL0758,2025-05-21,Mumbai,Toronto,Boeing 787,Delayed,25,Economy,Corporate,Business,Silver,331.19,347.75,2.9,No
P02559,FL0759,2025-06-04,Doha,New York,Airbus A380,Delayed,7,Economy,Website,Visiting Friends/Relatives,Platinum,282.89,282.89,4.5,No
P02560,FL0760,2025-02-22,Frankfurt,Tokyo,Airbus A320,On Time,0,Economy,Website,Leisure,Silver,218.37,218.37,4.6,No
P02561,FL0761,2025-11-28,Bangkok,Sydney,Airbus A380,On Time,0,Economy,Website,Visiting Friends/Relatives,Silver,208.11,208.11,3.3,No
P02562,FL0762,2025-02-25,Mumbai,Toronto,Boeing 787,On Time,0,Economy,Mobile App,Visiting Friends/Relatives,Bronze,193.31,193.31,4.2,No
P02563,FL0763,2025-06-16,Mumbai,Toronto,Boeing 777,On Time,0,Premium Economy,Corporate,Business,Bronze,482.8,482.8,4.6,No
P02564,FL0764,2025-03-18,Mumbai,Dubai,Airbus A380,On Time,0,Economy,Mobile App,Leisure,Gold,244.26,244.26,4.0,No
P02565,FL0765,2025-07-26,Dubai,Tokyo,Boeing 777,On Time,0,Economy,Travel Agent,Leisure,Bronze,250.69,263.22,3.4,No
P02566,FL0766,2025-09-12,Dubai,Toronto,Boeing 777,On Time,0,Economy,Website,Business,Platinum,264.11,264.11,3.9,No
P02567,FL0767,2025-07-18,Frankfurt,Bangkok,Airbus A320,On Time,0,Economy,Mobile App,Leisure,Bronze,225.06,225.06,4.7,No
P02568,FL0768,2025-06-25,Sydney,Dubai,Airbus A350,On Time,0,Business,Mobile App,Business,Platinum,1441.09,1441.09,4.9,No
P02569,FL0769,2025-07-03,Paris,Toronto,Airbus A380,On Time,0,Business,Corporate,Business,Gold,2297.13,2411.99,3.9,No
P02570,FL0770,2025-10-13,Singapore,Toronto,Airbus A350,On Time,0,Economy,Website,Leisure,Silver,392.45,392.45,3.9,Yes
P02571,FL0771,2025-05-13,Paris,Doha,Airbus A380,On Time,0,Economy,Website,Business,Silver,229.69,229.69,4.5,No
P02572,FL0772,2025-06-21,Singapore,Toronto,Airbus A320,On Time,0,Economy,Website,Business,Gold,298.83,313.77,4.3,No
P02573,FL0773,2025-08-04,Doha,Mumbai,Boeing 777,On Time,0,Economy,Website,Visiting Friends/Relatives,Bronze,341.68,358.76,3.5,No
P02574,FL0774,2025-08-26,Sydney,Paris,Airbus A320,On Time,0,Economy,Website,Business,Platinum,358.22,358.22,4.8,No
P02575,FL0775,2025-11-14,Sydney,Tokyo,Airbus A320,On Time,0,Economy,Website,Leisure,Gold,336.18,336.18,4.1,No
P02576,FL0776,2025-03-03,Doha,Sydney,Boeing 787,On Time,0,Economy,Website,Business,Bronze,726.28,726.28,4.4,Yes
P02577,FL0777,2025-03-19,Frankfurt,London,Airbus A350,Cancelled,0,Economy,Mobile App,Visiting Friends/Relatives,Silver,261.33,261.33,2.6,No
P02578,FL0778,2025-10-19,Bangkok,Frankfurt,Boeing 787,On Time,0,Economy,Mobile App,Visiting Friends/Relatives,Gold,401.92,401.92,3.6,No
P02579,FL0779,2025-09-07,Singapore,Doha,Boeing 777,On Time,0,Economy,Website,Business,Gold,347.96,347.96,3.8,No
P02580,FL0780,2025-11-21,Singapore,Frankfurt,Airbus A320,On Time,0,Economy,Travel Agent,Leisure,Silver,238.48,238.48,4.7,No
P02581,FL0781,2025-03-28,Mumbai,Dubai,Airbus A380,On Time,0,Business,Mobile App,Visiting Friends/Relatives,Silver,1425.28,1425.28,3.8,No
P02582,FL0782,2025-03-08,Paris,Singapore,Airbus A380,On Time,0,Economy,Travel Agent,Visiting Friends/Relatives,Gold,328.66,345.09,4.4,Yes
P02583,FL0783,2025-08-08,Frankfurt,Bangkok,Boeing 787,On Time,0,Economy,Mobile App,Leisure,Platinum,483.37,483.37,4.6,No
P02584,FL0784,2025-04-13,Dubai,Sydney,Boeing 777,Delayed,33,Economy,Travel Agent,Visiting Friends/Relatives,Silver,231.0,231.0,3.6,No
P02585,FL0785,2025-01-10,New York,Dubai,Airbus A320,On Time,0,First,Website,Leisure,Platinum,6182.63,6182.63,4.3,No
P02586,FL0786,2025-12-22,Doha,Paris,Boeing 777,On Time,0,Economy,Travel Agent,Business,Bronze,313.06,328.71,3.6,No
P02587,FL0787,2025-09-15,London,Bangkok,Airbus A380,On Time,0,Economy,Website,Business,Platinum,271.52,271.52,4.0,No
P02588,FL0788,2025-06-02,London,Singapore,Boeing 777,On Time,0,Economy,Mobile App,Business,Gold,241.33,241.33,4.6,No
P02589,FL0789,2025-09-26,New York,Tokyo,Boeing 777,On Time,0,First,Website,Leisure,Bronze,4626.52,4857.85,4.8,No
P02590,FL0790,2025-09-08,Singapore,Frankfurt,Boeing 777,On Time,0,Business,Mobile App,Visiting Friends/Relatives,Gold,1180.07,1239.07,4.8,No
P02591,FL0791,2025-01-10,Singapore,Bangkok,Airbus A350,On Time,0,Economy,Corporate,Leisure,Bronze,504.05,529.25,4.4,No
P02592,FL0792,2025-01-12,Singapore,Paris,Airbus A380,On Time,0,Economy,Website,Leisure,Gold,216.17,216.17,5,No
P02593,FL0793,2025-12-31,London,Frankfurt,Airbus A320,On Time,0,Economy,Website,Business,Gold,263.58,263.58,3.6,No
P02594,FL0794,2025-11-16,Mumbai,Sydney,Airbus A320,On Time,0,Premium Economy,Website,Leisure,Gold,705.4,705.4,4.2,No
P02595,FL0795,2025-02-25,Dubai,Toronto,Airbus A320,On Time,0,Business,Mobile App,Business,Silver,1237.77,1237.77,4.2,No
P02596,FL0796,2025-08-16,London,Bangkok,Boeing 787,On Time,0,Business,Mobile App,Visiting Friends/Relatives,Gold,1368.32,1436.74,5.0,No
P02597,FL0797,2025-12-26,Mumbai,New York,Airbus A350,On Time,0,Economy,Website,Business,Bronze,287.21,287.21,4.1,No
P02598,FL0798,2025-08-04,Dubai,Mumbai,Airbus A320,On Time,0,Economy,Mobile App,Leisure,Bronze,333.6,333.6,4.4,No
P02599,FL0799,2025-11-07,Mumbai,Tokyo,Airbus A350,On Time,0,Business,Corporate,Business,Bronze,2209.93,2209.93,4.3,No
P02600,FL0800,2025-11-13,London,Sydney,Airbus A320,On Time,0,First,Travel Agent,Visiting Friends/Relatives,Gold,3624.08,3805.28,4.2,No
P02601,FL0801,2025-04-12,London,New York,Airbus A380,On Time,0,Economy,Travel Agent,Leisure,Gold,343.26,360.42,4.9,No
P02602,FL0802,2025-04-14,Mumbai,Sydney,Boeing 777,On Time,0,Economy,Website,Leisure,Bronze,408.92,408.92,4.1,No
P02603,FL0803,2025-01-21,Mumbai,Doha,Airbus A380,On Time,0,Economy,Website,Business,Bronze,310.67,310.67,4.0,No
P02604,FL0804,2025-06-19,Doha,New York,Airbus A350,On Time,0,Premium Economy,Mobile App,Leisure,Gold,1345.21,1412.47,4.2,No
P02605,FL0805,2025-10-21,London,Doha,Boeing 787,On Time,0,Economy,Travel Agent,Business,Bronze,156.47,156.47,3.3,No
P02606,FL0806,2025-02-08,London,Sydney,Airbus A320,Delayed,5,Economy,Website,Leisure,Silver,227.28,227.28,3.2,No
P02607,FL0807,2025-06-01,Doha,New York,Boeing 777,On Time,0,Economy,Website,Visiting Friends/Relatives,Gold,280.9,280.9,3.9,No
P02608,FL0808,2025-01-21,London,Dubai,Boeing 777,On Time,0,Economy,Website,Leisure,Gold,344.52,361.75,4.4,No
P02609,FL0809,2025-03-01,Bangkok,Frankfurt,Airbus A320,Delayed,19,Economy,Corporate,Business,Gold,352.77,352.77,4.1,No
P02610,FL0810,2025-11-28,Singapore,Toronto,Airbus A350,On Time,0,Economy,Travel Agent,Leisure,Bronze,521.64,521.64,3.4,No
P02611,FL0811,2025-05-18,Paris,Tokyo,Airbus A320,On Time,0,Economy,Website,Visiting Friends/Relatives,Gold,297.66,297.66,3.7,No
P02612,FL0812,2025-02-28,Bangkok,Doha,Boeing 787,On Time,0,First,Website,Leisure,Bronze,3533.24,3709.9,4.1,No
P02613,FL0813,2025-07-17,Paris,Mumbai,Boeing 787,Delayed,16,Business,Travel Agent,Visiting Friends/Relatives,Platinum,1932.05,2028.65,3.4,No
P02614,FL0814,2025-03-09,Singapore,Doha,Airbus A320,Cancelled,0,Economy,Website,Visiting Friends/Relatives,Bronze,207.47,207.47,2.2,No
P02615,FL0815,2025-08-02,Singapore,Doha,Airbus A380,On Time,0,Economy,Travel Agent,Business,Bronze,300.69,315.72,4.4,No
P02616,FL0816,2025-08-13,Sydney,Toronto,Airbus A350,On Time,0,Economy,Mobile App,Visiting Friends/Relatives,Silver,388.82,408.26,4.9,No
P02617,FL0817,2025-01-15,Bangkok,Tokyo,Airbus A350,On Time,0,Economy,Website,Leisure,Bronze,332.13,348.74,3.5,No
P02618,FL0818,2025-07-30,Paris,Singapore,Boeing 787,On Time,0,Economy,Travel Agent,Business,Platinum,287.86,287.86,5,No
P02619,FL0819,2025-06-10,Mumbai,Toronto,Airbus A320,On Time,0,Economy,Corporate,Business,Bronze,474.16,497.87,4.3,No
P02620,FL0820,2025-10-17,New York,Tokyo,Airbus A350,Cancelled,0,Economy,Website,Visiting Friends/Relatives,Gold,473.95,473.95,3.6,No
P02621,FL0821,2025-09-25,Bangkok,Sydney,Airbus A380,On Time,0,Economy,Corporate,Business,Silver,268.05,268.05,4.9,No
P02622,FL0822,2025-06-27,Doha,New York,Boeing 787,On Time,0,Business,Website,Leisure,Platinum,1471.58,1471.58,4.4,No
P02623,FL0823,2025-01-28,New York,Tokyo,Airbus A320,On Time,0,Economy,Website,Business,Bronze,341.96,341.96,4.1,No
P02624,FL0824,2025-08-29,Singapore,Sydney,Boeing 787,Delayed,30,Economy,Travel Agent,Visiting Friends/Relatives,Bronze,281.53,281.53,4.4,No
P02625,FL0825,2025-05-23,Doha,Frankfurt,Airbus A320,On Time,0,Economy,Mobile App,Leisure,Bronze,284.44,284.44,3.1,No
P02626,FL0826,2025-07-13,New York,Toronto,Boeing 787,Delayed,24,Business,Mobile App,Business,Silver,1084.66,1084.66,3.6,No
P02627,FL0827,2025-08-16,London,New York,Airbus A380,On Time,0,Business,Website,Leisure,Bronze,1256.65,1256.65,4.2,No
P02628,FL0828,2025-06-11,Paris,New York,Airbus A320,Cancelled,0,Economy,Website,Business,Bronze,300.86,315.9,2.3,No
P02629,FL0829,2025-07-26,Dubai,Singapore,Boeing 787,On Time,0,Economy,Travel Agent,Visiting Friends/Relatives,Platinum,267.06,267.06,5,No
P02630,FL0830,2025-02-16,New York,London,Airbus A380,Delayed,1,Economy,Website,Leisure,Silver,427.19,427.19,2.7,No
P02631,FL0831,2025-12-02,New York,Dubai,Boeing 787,Delayed,1,Economy,Website,Business,Silver,390.08,390.08,4.4,Yes
P02632,FL0832,2025-04-25,Bangkok,London,Boeing 787,On Time,0,Economy,Travel Agent,Business,Gold,211.75,222.34,5,No
P02633,FL0833,2025-08-31,Sydney,Tokyo,Boeing 777,On Time,0,Economy,Travel Agent,Business,Platinum,303.67,318.85,4.7,No
P02634,FL0834,2025-12-04,London,Doha,Airbus A350,On Time,0,Business,Corporate,Leisure,Silver,1845.75,1845.75,4.4,No
P02635,FL0835,2025-05-30,Bangkok,Toronto,Airbus A380,On Time,0,Economy,Mobile App,Leisure,Silver,330.42,346.94,4.5,No
P02636,FL0836,2025-03-26,London,Singapore,Boeing 787,On Time,0,Business,Travel Agent,Visiting Friends/Relatives,Silver,1574.08,1574.08,4.4,No
P02637,FL0837,2025-05-11,Frankfurt,Singapore,Airbus A380,On Time,0,Economy,Mobile App,Leisure,Gold,306.08,306.08,3.9,No
P02638,FL0838,2025-04-21,London,Bangkok,Boeing 787,Delayed,21,Economy,Travel Agent,Business,Bronze,275.5,275.5,3.5,No
P02639,FL0839,2025-11-21,Frankfurt,London,Airbus A380,On Time,0,Economy,Corporate,Leisure,Gold,386.22,386.22,3.7,Yes
P02640,FL0840,2025-12-04,Paris,New York,Airbus A380,Delayed,28,Economy,Travel Agent,Visiting Friends/Relatives,Silver,363.89,363.89,3.0,No
P02641,FL0841,2025-01-03,Singapore,New York,Airbus A380,On Time,0,Premium Economy,Travel Agent,Visiting Friends/Relatives,Platinum,608.63,639.06,5,No
P02642,FL0842,2025-10-27,New York,Frankfurt,Boeing 787,Delayed,23,Business,Travel Agent,Leisure,Bronze,1510.67,1510.67,3.0,No
P02643,FL0843,2025-03-07,Sydney,Doha,Airbus A320,On Time,0,Economy,Travel Agent,Leisure,Silver,344.68,344.68,4.7,No
P02644,FL0844,2025-06-14,Sydney,Tokyo,Airbus A380,Delayed,1,Business,Website,Leisure,Silver,1105.21,1105.21,4.0,No
P02645,FL0845,2025-12-21,Frankfurt,Tokyo,Airbus A350,On Time,0,Economy,Travel Agent,Visiting Friends/Relatives,Platinum,306.23,306.23,4.2,No
P02646,FL0846,2025-08-20,Bangkok,Paris,Airbus A350,On Time,0,Economy,Website,Business,Silver,255.43,268.2,3.6,No
P02647,FL0847,2025-06-03,Sydney,New York,Airbus A380,Delayed,11,Economy,Mobile App,Visiting Friends/Relatives,Bronze,332.25,332.25,4.1,No
P02648,FL0848,2025-04-18,Doha,Paris,Airbus A380,On Time,0,Economy,Travel Agent,Visiting Friends/Relatives,Platinum,329.18,345.64,4.1,No
P02649,FL0849,2025-03-09,Bangkok,Toronto,Airbus A350,On Time,0,Economy,Website,Business,Gold,388.09,388.09,4.2,No
P02650,FL0850,2025-06-30,Bangkok,Singapore,Airbus A380,On Time,0,Economy,Mobile App,Visiting Friends/Relatives,Silver,370.73,389.27,4.7,No
P02651,FL0851,2025-12-30,Sydney,Toronto,Boeing 787,On Time,0,Economy,Travel Agent,Business,Platinum,284.79,284.79,4.5,No
P02652,FL0852,2025-08-05,New York,Paris,Airbus A320,On Time,0,Economy,Travel Agent,Leisure,Silver,370.86,370.86,3.8,No
P02653,FL0853,2025-03-16,Dubai,Bangkok,Airbus A320,On Time,0,Economy,Website,Leisure,Silver,367.98,367.98,4.4,No
P02654,FL0854,2025-03-24,Doha,Mumbai,Boeing 777,On Time,0,Economy,Travel Agent,Business,Bronze,257.84,257.84,3.4,Yes
P02655,FL0855,2025-12-20,Singapore,London,Boeing 777,On Time,0,Business,Mobile App,Business,Silver,1120.44,1120.44,4.3,No
P02656,FL0856,2025-07-03,New York,London,Boeing 787,On Time,0,Economy,Corporate,Visiting Friends/Relatives,Gold,452.69,452.69,4.9,No
P02657,FL0857,2025-11-28,New York,Dubai,Airbus A380,On Time,0,Economy,Website,Leisure,Platinum,367.17,367.17,5,No
P02658,FL0858,2025-12-21,New York,Paris,Airbus A320,Delayed,1,Business,Mobile App,Leisure,Bronze,1039.53,1039.53,3.0,No
P02659,FL0859,2025-12-17,Frankfurt,Bangkok,Boeing 777,Delayed,36,Economy,Website,Visiting Friends/Relatives,Bronze,284.07,284.07,4.4,No
P02660,FL0860,2025-08-15,Doha,Tokyo,Airbus A350,Delayed,24,Economy,Travel Agent,Visiting Friends/Relatives,Bronze,379.3,379.3,3.6,No
P02661,FL0861,2025-10-07,Bangkok,Tokyo,Airbus A380,On Time,0,Economy,Mobile App,Leisure,Gold,373.3,391.97,3.4,No
P02662,FL0862,2025-08-18,Doha,Mumbai,Airbus A350,Cancelled,0,Economy,Website,Visiting Friends/Relatives,Gold,159.93,159.93,2.8,No
P02663,FL0863,2025-03-30,London,Dubai,Airbus A380,On Time,0,Economy,Mobile App,Leisure,Bronze,247.31,247.31,3.9,No
P02664,FL0864,2025-05-23,Dubai,Bangkok,Airbus A380,On Time,0,Economy,Website,Leisure,Bronze,357.47,357.47,3.5,No
P02665,FL0865,2025-05-11,Singapore,Tokyo,Airbus A320,On Time,0,Economy,Mobile App,Business,Silver,609.93,609.93,3.9,No
P02666,FL0866,2025-03-20,Singapore,London,Boeing 777,On Time,0,Economy,Travel Agent,Leisure,Bronze,376.03,376.03,5,No
P02667,FL0867,2025-06-04,Sydney,Toronto,Boeing 787,Delayed,13,Economy,Website,Business,Platinum,446.88,446.88,4.4,No
P02668,FL0868,2025-04-23,Bangkok,Sydney,Airbus A350,On Time,0,Economy,Website,Business,Gold,220.08,231.08,4.1,No
P02669,FL0869,2025-08-01,New York,Doha,Airbus A380,On Time,0,Economy,Website,Leisure,Silver,185.76,185.76,4.7,No
P02670,FL0870,2025-04-24,London,Frankfurt,Airbus A350,On Time,0,Economy,Travel Agent,Visiting Friends/Relatives,Bronze,302.67,317.8,3.4,No
P02671,FL0871,2025-05-31,Bangkok,Mumbai,Airbus A350,Delayed,16,Economy,Travel Agent,Business,Bronze,607.21,607.21,3.9,No
P02672,FL0872,2025-09-01,Sydney,New York,Airbus A380,Delayed,19,Premium Economy,Corporate,Business,Gold,681.36,681.36,3.2,No
P02673,FL0873,2025-05-04,Bangkok,New York,Airbus A380,Delayed,17,Economy,Website,Leisure,Silver,248.2,248.2,4.7,No
P02674,FL0874,2025-12-16,Doha,London,Boeing 777,On Time,0,Economy,Corporate,Business,Gold,284.91,299.16,3.7,No
P02675,FL0875,2025-05-12,London,Bangkok,Airbus A380,On Time,0,Economy,Travel Agent,Business,Silver,210.74,210.74,4.7,No
P02676,FL0876,2025-07-11,Dubai,Sydney,Airbus A380,Delayed,14,Business,Website,Leisure,Bronze,1865.22,1865.22,3.7,No
P02677,FL0877,2025-09-21,Doha,Frankfurt,Airbus A320,Delayed,19,Economy,Website,Visiting Friends/Relatives,Silver,227.98,227.98,4.0,No
P02678,FL0878,2025-10-01,Singapore,Sydney,Airbus A320,On Time,0,Economy,Mobile App,Leisure,Bronze,233.12,233.12,5,No
P02679,FL0879,2025-11-19,Doha,Toronto,Airbus A350,Delayed,13,Economy,Travel Agent,Business,Silver,162.13,162.13,3.1,No
P02680,FL0880,2025-11-28,New York,Frankfurt,Airbus A320,On Time,0,Business,Travel Agent,Visiting Friends/Relatives,Platinum,1820.18,1820.18,3.6,No
P02681,FL0881,2025-08-24,Singapore,London,Boeing 777,On Time,0,Business,Website,Business,Silver,2205.04,2205.04,4.5,No
P02682,FL0882,2025-04-02,London,Singapore,Boeing 777,On Time,0,Economy,Corporate,Leisure,Silver,291.06,305.61,4.6,No
P02683,FL0883,2025-05-13,Sydney,Dubai,Boeing 787,On Time,0,Economy,Mobile App,Business,Silver,318.5,318.5,4.0,No
P02684,FL0884,2025-06-11,Frankfurt,Bangkok,Airbus A320,On Time,0,Economy,Website,Business,Bronze,305.55,305.55,4.2,No
P02685,FL0885,2025-01-04,London,Sydney,Airbus A380,On Time,0,Economy,Website,Visiting Friends/Relatives,Gold,223.18,223.18,4.9,No
P02686,FL0886,2025-12-25,Sydney,London,Airbus A320,On Time,0,Economy,Website,Leisure,Gold,299.35,299.35,3.8,No
P02687,FL0887,2025-05-29,New York,Singapore,Boeing 777,On Time,0,Economy,Corporate,Leisure,Silver,283.36,283.36,5,No
P02688,FL0888,2025-07-15,Mumbai,New York,Boeing 787,Delayed,20,Economy,Mobile App,Business,Platinum,460.43,460.43,4.8,No
P02689,FL0889,2025-03-22,Dubai,New York,Airbus A380,On Time,0,Economy,Website,Leisure,Silver,232.41,232.41,3.7,No
P02690,FL0890,2025-06-01,Frankfurt,Sydney,Airbus A350,On Time,0,Economy,Mobile App,Business,Gold,475.19,475.19,5,No
P02691,FL0891,2025-10-11,Bangkok,London,Airbus A380,On Time,0,Premium Economy,Website,Visiting Friends/Relatives,Gold,588.94,588.94,4.3,No
P02692,FL0892,2025-10-21,Dubai,London,Airbus A380,On Time,0,Premium Economy,Travel Agent,Visiting Friends/Relatives,Silver,552.97,552.97,3.7,Yes
P02693,FL0893,2025-06-06,New York,Singapore,Airbus A350,On Time,0,Economy,Website,Visiting Friends/Relatives,Platinum,496.68,496.68,4.7,Yes
P02694,FL0894,2025-07-31,Bangkok,Dubai,Airbus A380,On Time,0,Economy,Travel Agent,Visiting Friends/Relatives,Bronze,339.63,339.63,4.5,No
P02695,FL0895,2025-11-12,Singapore,Paris,Boeing 777,On Time,0,Business,Travel Agent,Business,Silver,2388.42,2388.42,4.3,No
P02696,FL0896,2025-10-18,Singapore,Toronto,Airbus A320,Delayed,53,Business,Website,Business,Gold,1324.89,1324.89,3.5,No
P02697,FL0897,2025-10-09,Paris,Toronto,Airbus A320,On Time,0,Premium Economy,Website,Leisure,Silver,501.73,526.82,3.5,No
P02698,FL0898,2025-02-20,London,Mumbai,Airbus A350,On Time,0,Premium Economy,Website,Visiting Friends/Relatives,Bronze,856.37,856.37,4.4,Yes
P02699,FL0899,2025-07-02,Paris,Frankfurt,Airbus A350,On Time,0,Economy,Mobile App,Leisure,Gold,260.84,260.84,4.0,No
P02700,FL0900,2025-05-26,Doha,Singapore,Airbus A380,On Time,0,Economy,Mobile App,Visiting Friends/Relatives,Platinum,541.76,541.76,4.5,No
P02701,FL0001,2025-05-21,London,Singapore,Airbus A350,On Time,0,Economy,Mobile App,Leisure,Silver,350.98,350.98,3.7,No
P02702,FL0002,2025-10-07,London,Toronto,Airbus A320,On Time,0,Economy,Website,Business,Gold,368.92,368.92,3.0,No
P02703,FL0003,2025-02-17,Dubai,London,Airbus A350,On Time,0,Premium Economy,Website,Leisure,Bronze,1114.96,1114.96,4.7,No
P02704,FL0004,2025-10-15,Sydney,London,Airbus A350,On Time,0,Economy,Website,Visiting Friends/Relatives,Platinum,410.03,410.03,4.4,No
P02705,FL0005,2025-04-23,New York,Frankfurt,Boeing 787,On Time,0,Economy,Mobile App,Visiting Friends/Relatives,Gold,330.31,330.31,3.3,No
P02706,FL0006,2025-12-24,Dubai,Doha,Boeing 787,On Time,0,Economy,Website,Business,Silver,301.1,301.1,3.4,No
P02707,FL0007,2025-06-22,Singapore,Paris,Airbus A320,On Time,0,First,Travel Agent,Visiting Friends/Relatives,Platinum,4724.08,4960.28,3.2,No
P02708,FL0008,2025-06-26,London,Frankfurt,Airbus A380,On Time,0,Economy,Website,Leisure,Bronze,315.54,315.54,4.5,No
P02709,FL0009,2025-10-02,Dubai,New York,Airbus A320,Cancelled,0,Economy,Website,Leisure,Silver,400.94,420.99,2.7,No
P02710,FL0010,2025-10-10,Frankfurt,Singapore,Boeing 777,Delayed,1,Business,Mobile App,Visiting Friends/Relatives,Silver,1588.13,1588.13,4.0,No
P02711,FL0011,2025-12-27,Sydney,Dubai,Airbus A320,On Time,0,Economy,Mobile App,Leisure,Bronze,582.09,611.19,4.2,No
P02712,FL0012,2025-02-10,Doha,Mumbai,Airbus A350,Delayed,1,Economy,Travel Agent,Visiting Friends/Relatives,Gold,291.72,291.72,4.2,No
P02713,FL0013,2025-08-21,Frankfurt,Paris,Boeing 777,On Time,0,Economy,Mobile App,Visiting Friends/Relatives,Silver,234.62,234.62,5,No
P02714,FL0014,2025-12-10,Bangkok,Dubai,Boeing 777,On Time,0,Economy,Mobile App,Leisure,Silver,220.17,220.17,3.9,No
P02715,FL0015,2025-11-22,London,Tokyo,Airbus A350,On Time,0,Economy,Travel Agent,Business,Gold,446.07,446.07,4.1,No
P02716,FL0016,2025-08-25,Doha,Dubai,Boeing 787,On Time,0,Premium Economy,Mobile App,Business,Silver,628.39,628.39,3.3,No
P02717,FL0017,2025-12-17,New York,Dubai,Boeing 777,Delayed,19,Business,Travel Agent,Leisure,Bronze,1529.03,1529.03,4.0,No
P02718,FL0018,2025-07-25,Dubai,Frankfurt,Boeing 777,On Time,0,Economy,Mobile App,Visiting Friends/Relatives,Bronze,434.78,434.78,4.2,No
P02719,FL0019,2025-04-19,Sydney,Mumbai,Boeing 787,On Time,0,Economy,Website,Leisure,Silver,304.82,304.82,4.7,No
P02720,FL0020,2025-05-16,Paris,Doha,Airbus A350,On Time,0,Economy,Mobile App,Visiting Friends/Relatives,Bronze,292.35,306.97,3.7,No
P02721,FL0021,2025-05-15,New York,Sydney,Airbus A380,On Time,0,Economy,Website,Business,Bronze,347.46,347.46,4.3,No
P02722,FL0022,2025-07-05,Sydney,Frankfurt,Airbus A350,Cancelled,0,Economy,Website,Business,Bronze,260.16,260.16,1.4,No
P02723,FL0023,2025-09-10,Singapore,Sydney,Airbus A320,On Time,0,Economy,Website,Business,Platinum,430.42,430.42,5,No
P02724,FL0024,2025-11-18,London,Dubai,Airbus A350,Delayed,9,Economy,Website,Visiting Friends/Relatives,Bronze,629.45,629.45,3.6,No
P02725,FL0025,2025-02-02,Frankfurt,Tokyo,Boeing 787,On Time,0,Economy,Mobile App,Visiting Friends/Relatives,Bronze,291.76,291.76,3.9,No
P02726,FL0026,2025-05-09,Paris,Sydney,Airbus A380,Delayed,37,Economy,Mobile App,Leisure,Silver,335.09,335.09,4.3,No
P02727,FL0027,2025-11-25,New York,Paris,Boeing 777,On Time,0,Economy,Corporate,Visiting Friends/Relatives,Bronze,307.39,307.39,3.3,No
P02728,FL0028,2025-08-21,Frankfurt,Doha,Airbus A320,Delayed,19,Economy,Mobile App,Business,Gold,500.08,525.08,4.3,No
P02729,FL0029,2025-04-02,Mumbai,Sydney,Airbus A380,Delayed,24,Economy,Mobile App,Visiting Friends/Relatives,Gold,333.94,333.94,4.4,No
P02730,FL0030,2025-04-12,New York,Tokyo,Airbus A350,On Time,0,Economy,Website,Leisure,Bronze,366.15,366.15,4.2,No
P02731,FL0031,2025-09-29,Singapore,Sydney,Airbus A320,On Time,0,Economy,Mobile App,Leisure,Silver,475.6,475.6,5,No
P02732,FL0032,2025-02-27,Paris,London,Boeing 777,Delayed,10,Economy,Travel Agent,Visiting Friends/Relatives,Bronze,280.71,280.71,3.6,No
P02733,FL0033,2025-01-30,Mumbai,Dubai,Airbus A350,Delayed,22,Economy,Mobile App,Visiting Friends/Relatives,Silver,314.09,329.79,4.0,No
P02734,FL0034,2025-09-30,Paris,Singapore,Airbus A350,On Time,0,Business,Mobile App,Business,Gold,1630.68,1630.68,4.8,No
P02735,FL0035,2025-03-26,Paris,Sydney,Boeing 777,On Time,0,Economy,Travel Agent,Leisure,Silver,474.4,474.4,4.6,No
P02736,FL0036,2025-04-19,Sydney,Frankfurt,Airbus A380,On Time,0,Premium Economy,Corporate,Leisure,Platinum,338.32,338.32,4.4,No
P02737,FL0037,2025-07-24,Doha,Mumbai,Boeing 777,On Time,0,Economy,Website,Business,Bronze,269.45,269.45,4.8,No
P02738,FL0038,2025-03-03,New York,Bangkok,Airbus A350,On Time,0,Business,Website,Visiting Friends/Relatives,Gold,2355.2,2355.2,4.5,No
P02739,FL0039,2025-10-29,Bangkok,London,Airbus A380,On Time,0,Economy,Mobile App,Business,Silver,224.13,235.34,3.3,No
P02740,FL0040,2025-02-06,Doha,London,Airbus A320,On Time,0,Premium Economy,Website,Business,Silver,676.44,676.44,4.6,No
P02741,FL0041,2025-02-06,Dubai,Frankfurt,Airbus A380,On Time,0,Business,Mobile App,Leisure,Bronze,1482.27,1482.27,3.6,No
P02742,FL0042,2025-10-04,Paris,Dubai,Airbus A350,On Time,0,Economy,Mobile App,Business,Platinum,337.37,354.24,4.1,No
P02743,FL0043,2025-08-31,Sydney,Tokyo,Airbus A350,Delayed,16,Economy,Website,Visiting Friends/Relatives,Bronze,335.29,335.29,4.3,No
P02744,FL0044,2025-02-18,Frankfurt,Dubai,Airbus A320,On Time,0,Business,Travel Agent,Business,Bronze,1972.73,2071.37,4.8,No
P02745,FL0045,2025-07-30,Bangkok,Frankfurt,Boeing 787,Delayed,34,Economy,Corporate,Visiting Friends/Relatives,Bronze,450.03,472.53,3.9,No
P02746,FL0046,2025-07-26,London,Singapore,Boeing 777,Delayed,23,Economy,Mobile App,Visiting Friends/Relatives,Bronze,382.36,382.36,4.1,No
P02747,FL0047,2025-04-09,London,Paris,Airbus A350,On Time,0,Economy,Mobile App,Leisure,Silver,202.95,202.95,5,No
P02748,FL0048,2025-04-04,Singapore,Bangkok,Boeing 777,On Time,0,Economy,Mobile App,Visiting Friends/Relatives,Gold,391.37,391.37,4.8,No
P02749,FL0049,2025-10-09,London,New York,Airbus A320,On Time,0,Economy,Travel Agent,Leisure,Bronze,287.37,287.37,4.0,No
P02750,FL0050,2025-02-17,New York,London,Airbus A350,On Time,0,Economy,Travel Agent,Leisure,Bronze,229.82,229.82,3.8,No
P02751,FL0051,2025-04-20,Paris,New York,Boeing 787,Delayed,18,Economy,Corporate,Visiting Friends/Relatives,Gold,397.24,417.1,3.1,No
P02752,FL0052,2025-08-21,Frankfurt,Paris,Boeing 777,On Time,0,Economy,Mobile App,Leisure,Bronze,328.1,328.1,5,No
P02753,FL0053,2025-09-07,New York,Toronto,Airbus A350,On Time,0,Premium Economy,Website,Leisure,Gold,711.85,711.85,5,No
P02754,FL0054,2025-10-24,Doha,London,Airbus A380,On Time,0,Business,Mobile App,Leisure,Bronze,1893.37,1893.37,4.3,No
P02755,FL0055,2025-01-26,Bangkok,London,Airbus A380,On Time,0,Economy,Mobile App,Business,Bronze,262.22,262.22,4.7,No
P02756,FL0056,2025-01-30,New York,Doha,Airbus A380,On Time,0,Economy,Website,Business,Gold,359.19,359.19,4.2,No
P02757,FL0057,2025-11-01,Singapore,Doha,Airbus A320,On Time,0,Economy,Website,Leisure,Gold,268.67,268.67,4.6,No
P02758,FL0058,2025-03-03,Doha,Bangkok,Airbus A380,On Time,0,Economy,Mobile App,Business,Gold,303.04,318.19,4.7,No
P02759,FL0059,2025-11-14,Sydney,London,Airbus A320,On Time,0,Economy,Mobile App,Business,Silver,216.82,216.82,4.3,No
P02760,FL0060,2025-09-25,Sydney,Tokyo,Boeing 777,Delayed,18,Economy,Travel Agent,Leisure,Silver,237.99,249.89,3.2,No
P02761,FL0061,2025-06-10,Doha,Toronto,Airbus A350,On Time,0,Economy,Website,Leisure,Bronze,635.0,635.0,2.8,No
P02762,FL0062,2025-11-27,Singapore,Toronto,Boeing 777,On Time,0,Economy,Mobile App,Business,Bronze,273.61,287.29,4.1,No
P02763,FL0063,2025-08-23,London,Singapore,Airbus A380,Cancelled,0,Economy,Website,Leisure,Gold,394.46,394.46,2.0,No
P02764,FL0064,2025-10-03,London,Doha,Airbus A350,On Time,0,Economy,Mobile App,Leisure,Silver,258.13,258.13,4.4,No
P02765,FL0065,2025-02-05,Singapore,Frankfurt,Airbus A350,On Time,0,Premium Economy,Mobile App,Leisure,Bronze,982.78,982.78,4.1,No
P02766,FL0066,2025-10-06,Singapore,New York,Boeing 777,On Time,0,Economy,Mobile App,Visiting Friends/Relatives,Silver,295.83,295.83,3.8,No
P02767,FL0067,2025-12-08,New York,London,Airbus A380,On Time,0,Economy,Mobile App,Business,Bronze,423.04,444.19,3.5,No
P02768,FL0068,2025-05-16,London,Dubai,Airbus A320,Delayed,17,Economy,Mobile App,Visiting Friends/Relatives,Gold,568.79,568.79,4.9,No
P02769,FL0069,2025-04-18,Mumbai,Tokyo,Boeing 777,On Time,0,Economy,Website,Leisure,Bronze,271.75,271.75,4.4,No
P02770,FL0070,2025-09-08,Mumbai,Sydney,Boeing 777,Delayed,11,Economy,Mobile App,Leisure,Platinum,228.35,228.35,2.8,No
P02771,FL0071,2025-11-21,Dubai,Singapore,Boeing 787,Delayed,28,Economy,Website,Business,Silver,236.78,236.78,3.8,No
P02772,FL0072,2025-05-15,Singapore,Toronto,Airbus A350,On Time,0,Premium Economy,Mobile App,Leisure,Platinum,523.55,523.55,4.1,No
P02773,FL0073,2025-10-15,New York,Frankfurt,Airbus A320,On Time,0,Premium Economy,Mobile App,Business,Bronze,636.18,636.18,3.5,Yes
P02774,FL0074,2025-01-19,Singapore,Sydney,Boeing 777,On Time,0,Economy,Mobile App,Visiting Friends/Relatives,Gold,391.0,391.0,4.8,No
P02775,FL0075,2025-03-07,Singapore,Bangkok,Airbus A320,On Time,0,Economy,Website,Business,Silver,233.9,245.6,3.6,No
P02776,FL0076,2025-04-18,Dubai,Frankfurt,Airbus A350,On Time,0,Economy,Website,Visiting Friends/Relatives,Gold,279.8,279.8,4.9,No
P02777,FL0077,2025-07-28,Bangkok,Sydney,Airbus A380,On Time,0,Business,Website,Business,Bronze,1327.14,1327.14,3.3,No
P02778,FL0078,2025-04-01,Doha,Dubai,Boeing 787,On Time,0,Business,Mobile App,Visiting Friends/Relatives,Gold,1126.23,1182.54,4.9,No
P02779,FL0079,2025-12-09,Bangkok,Frankfurt,Airbus A350,On Time,0,Economy,Website,Visiting Friends/Relatives,Bronze,443.46,443.46,3.3,No
P02780,FL0080,2025-01-20,London,Bangkok,Boeing 787,On Time,0,Business,Mobile App,Business,Bronze,1232.32,1232.32,4.8,No
P02781,FL0081,2025-06-06,Paris,Frankfurt,Airbus A350,On Time,0,Economy,Mobile App,Business,Silver,297.29,297.29,3.2,No
P02782,FL0082,2025-06-18,Doha,Bangkok,Boeing 777,Delayed,20,Premium Economy,Website,Leisure,Silver,720.56,720.56,2.6,No
P02783,FL0083,2025-11-25,Mumbai,Frankfurt,Airbus A380,On Time,0,Economy,Website,Visiting Friends/Relatives,Gold,348.64,366.07,4.6,No
P02784,FL0084,2025-01-15,New York,Mumbai,Airbus A320,Delayed,16,Economy,Mobile App,Business,Silver,223.52,223.52,3.0,No
P02785,FL0085,2025-02-25,Mumbai,London,Airbus A380,On Time,0,Economy,Mobile App,Visiting Friends/Relatives,Bronze,421.57,421.57,4.3,No
P02786,FL0086,2025-11-07,Bangkok,Frankfurt,Airbus A380,On Time,0,Economy,Website,Leisure,Silver,301.02,316.07,3.5,No
P02787,FL0087,2025-05-11,Sydney,Dubai,Airbus A320,On Time,0,Economy,Website,Business,Silver,287.72,302.11,4.9,No
P02788,FL0088,2025-10-03,Dubai,Sydney,Airbus A350,On Time,0,Economy,Corporate,Leisure,Silver,319.29,319.29,4.4,No
P02789,FL0089,2025-06-19,London,Toronto,Airbus A380,On Time,0,Economy,Website,Leisure,Platinum,262.33,262.33,4.3,No
P02790,FL0090,2025-09-17,London,Mumbai,Boeing 777,On Time,0,Economy,Mobile App,Business,Silver,200.51,200.51,3.3,No
P02791,FL0091,2025-12-23,Bangkok,Frankfurt,Boeing 777,On Time,0,Economy,Website,Business,Bronze,204.21,204.21,3.6,No
P02792,FL0092,2025-12-07,Doha,Bangkok,Boeing 787,On Time,0,Economy,Travel Agent,Visiting Friends/Relatives,Bronze,439.34,439.34,4.2,No
P02793,FL0093,2025-10-19,Singapore,Tokyo,Boeing 777,On Time,0,Economy,Corporate,Leisure,Gold,502.87,502.87,4.6,No
P02794,FL0094,2025-05-27,Dubai,Mumbai,Airbus A350,On Time,0,Economy,Travel Agent,Visiting Friends/Relatives,Gold,349.26,349.26,4.1,No
P02795,FL0095,2025-12-02,Sydney,Tokyo,Boeing 777,On Time,0,Business,Website,Business,Bronze,1982.63,1982.63,5,No
P02796,FL0096,2025-04-20,Paris,Toronto,Airbus A380,On Time,0,Premium Economy,Mobile App,Visiting Friends/Relatives,Platinum,638.04,638.04,3.4,No
P02797,FL0097,2025-02-13,Singapore,Toronto,Boeing 777,On Time,0,Economy,Travel Agent,Visiting Friends/Relatives,Silver,452.54,475.17,4.2,No
P02798,FL0098,2025-02-17,Sydney,Mumbai,Airbus A350,On Time,0,Economy,Mobile App,Business,Gold,272.09,285.69,5,No
P02799,FL0099,2025-03-17,Doha,Paris,Airbus A320,On Time,0,Economy,Travel Agent,Leisure,Gold,327.56,327.56,4.1,No
P02800,FL0100,2025-02-07,Paris,Tokyo,Boeing 787,On Time,0,Economy,Mobile App,Visiting Friends/Relatives,Platinum,366.83,366.83,4.3,No
P02801,FL0101,2025-12-23,Sydney,Dubai,Boeing 787,On Time,0,Economy,Website,Leisure,Silver,265.17,265.17,4.5,No
P02802,FL0102,2025-12-02,Doha,Dubai,Airbus A320,Delayed,33,Economy,Website,Leisure,Silver,313.33,329.0,3.5,No
P02803,FL0103,2025-04-23,London,Bangkok,Airbus A350,Delayed,13,Business,Website,Leisure,Bronze,1641.24,1641.24,3.0,No
P02804,FL0104,2025-03-04,New York,Dubai,Boeing 787,On Time,0,Business,Website,Business,Bronze,1925.28,1925.28,3.6,No
P02805,FL0105,2025-09-29,Paris,Toronto,Airbus A380,On Time,0,Economy,Travel Agent,Visiting Friends/Relatives,Bronze,296.98,296.98,4.9,No
P02806,FL0106,2025-09-16,Paris,Tokyo,Boeing 787,Delayed,5,Premium Economy,Travel Agent,Visiting Friends/Relatives,Silver,596.2,596.2,4.0,No
P02807,FL0107,2025-03-23,New York,Bangkok,Boeing 787,On Time,0,Economy,Corporate,Visiting Friends/Relatives,Platinum,398.04,398.04,4.1,No
P02808,FL0108,2025-05-22,Doha,Toronto,Airbus A380,On Time,0,Economy,Website,Leisure,Gold,338.77,338.77,4.3,No
P02809,FL0109,2025-08-14,Doha,Mumbai,Airbus A320,On Time,0,Economy,Mobile App,Visiting Friends/Relatives,Gold,255.3,255.3,3.3,No
P02810,FL0110,2025-06-21,Doha,Mumbai,Boeing 777,Delayed,24,Economy,Website,Business,Gold,326.31,342.63,3.5,No
P02811,FL0111,2025-12-28,Frankfurt,Doha,Airbus A350,On Time,0,Economy,Mobile App,Business,Platinum,341.72,358.81,4.2,No
P02812,FL0112,2025-10-05,Frankfurt,Mumbai,Boeing 787,On Time,0,Economy,Website,Visiting Friends/Relatives,Bronze,273.37,273.37,4.7,No
P02813,FL0113,2025-07-19,Doha,Bangkok,Airbus A380,Delayed,21,Economy,Travel Agent,Visiting Friends/Relatives,Gold,296.67,296.67,4.7,No
P02814,FL0114,2025-07-14,Dubai,Tokyo,Boeing 787,On Time,0,Business,Website,Business,Bronze,1870.97,1964.52,4.1,No
P02815,FL0115,2025-07-19,Bangkok,Paris,Boeing 787,On Time,0,Business,Mobile App,Leisure,Bronze,2574.83,2574.83,3.6,No
P02816,FL0116,2025-04-23,New York,Tokyo,Boeing 787,On Time,0,Economy,Mobile App,Visiting Friends/Relatives,Bronze,472.14,472.14,5.0,No
P02817,FL0117,2025-01-15,Frankfurt,New York,Boeing 787,On Time,0,Economy,Travel Agent,Leisure,Bronze,331.79,348.38,5.0,No
P02818,FL0118,2025-08-28,Frankfurt,Doha,Airbus A350,Cancelled,0,Economy,Mobile App,Leisure,Bronze,378.01,396.91,2.0,No
P02819,FL0119,2025-07-21,New York,London,Airbus A380,On Time,0,Economy,Website,Business,Bronze,270.45,270.45,3.9,No
P02820,FL0120,2025-11-26,Dubai,Singapore,Boeing 787,On Time,0,Economy,Mobile App,Visiting Friends/Relatives,Bronze,212.94,212.94,2.3,No
P02821,FL0121,2025-01-26,Paris,Doha,Boeing 777,On Time,0,Business,Travel Agent,Business,Bronze,1654.43,1654.43,3.2,No
P02822,FL0122,2025-06-17,Doha,New York,Boeing 777,On Time,0,Economy,Website,Leisure,Platinum,377.91,377.91,3.9,No
P02823,FL0123,2025-08-04,Frankfurt,Paris,Boeing 777,Delayed,1,Economy,Corporate,Visiting Friends/Relatives,Platinum,446.27,446.27,4.5,No
P02824,FL0124,2025-04-25,Dubai,Frankfurt,Airbus A320,Delayed,21,Economy,Corporate,Business,Silver,129.72,129.72,4.0,No
P02825,FL0125,2025-05-07,Dubai,London,Airbus A350,Delayed,11,Business,Mobile App,Business,Silver,1120.46,1120.46,3.8,No
P02826,FL0126,2025-02-28,Paris,Toronto,Airbus A380,Delayed,11,Economy,Website,Leisure,Bronze,314.29,314.29,3.2,No
P02827,FL0127,2025-07-08,Paris,Mumbai,Airbus A350,On Time,0,Economy,Mobile App,Visiting Friends/Relatives,Platinum,337.16,337.16,4.8,No
P02828,FL0128,2025-06-09,London,Dubai,Airbus A320,On Time,0,Economy,Website,Leisure,Gold,318.48,318.48,4.2,No
P02829,FL0129,2025-12-13,Mumbai,Tokyo,Boeing 787,On Time,0,Economy,Corporate,Visiting Friends/Relatives,Bronze,245.98,245.98,4.2,No
P02830,FL0130,2025-10-31,Doha,Singapore,Airbus A350,On Time,0,Economy,Travel Agent,Business,Bronze,319.89,319.89,4.2,No
P02831,FL0131,2025-11-04,Mumbai,Toronto,Airbus A320,Delayed,14,Economy,Mobile App,Visiting Friends/Relatives,Gold,404.48,404.48,4.4,No
P02832,FL0132,2025-12-05,New York,Frankfurt,Boeing 777,On Time,0,Economy,Corporate,Visiting Friends/Relatives,Bronze,460.35,460.35,3.6,No
P02833,FL0133,2025-08-04,Bangkok,London,Boeing 787,On Time,0,Economy,Corporate,Business,Silver,341.33,341.33,5,No
P02834,FL0134,2025-08-24,Bangkok,Toronto,Airbus A350,On Time,0,Economy,Mobile App,Leisure,Silver,267.36,267.36,4.3,No
P02835,FL0135,2025-05-19,New York,Toronto,Airbus A380,Delayed,16,Economy,Mobile App,Visiting Friends/Relatives,Bronze,268.42,281.84,4.0,No
P02836,FL0136,2025-08-27,New York,Bangkok,Boeing 787,Delayed,9,Economy,Mobile App,Leisure,Gold,170.24,178.75,3.4,No
P02837,FL0137,2025-05-23,Doha,Singapore,Boeing 787,On Time,0,Premium Economy,Website,Leisure,Gold,756.32,756.32,4.3,No
P02838,FL0138,2025-11-09,Paris,Tokyo,Boeing 787,On Time,0,Economy,Mobile App,Leisure,Gold,273.78,287.47,4.3,No
P02839,FL0139,2025-04-04,Paris,Frankfurt,Boeing 787,On Time,0,Premium Economy,Website,Visiting Friends/Relatives,Gold,703.16,738.32,4.1,No
P02840,FL0140,2025-05-24,Mumbai,Frankfurt,Airbus A380,On Time,0,Economy,Mobile App,Leisure,Silver,225.65,225.65,3.2,No
P02841,FL0141,2025-01-06,Mumbai,Sydney,Airbus A380,Delayed,12,Business,Travel Agent,Leisure,Silver,2276.07,2389.87,3.7,No
P02842,FL0142,2025-07-28,London,Paris,Boeing 787,On Time,0,Premium Economy,Mobile App,Leisure,Bronze,814.46,814.46,4.2,No
P02843,FL0143,2025-11-27,Doha,New York,Boeing 787,On Time,0,Economy,Mobile App,Visiting Friends/Relatives,Silver,223.22,234.38,4.8,No
P02844,FL0144,2025-05-31,Dubai,Singapore,Airbus A350,On Time,0,Economy,Travel Agent,Leisure,Silver,447.31,469.68,4.1,No
P02845,FL0145,2025-12-06,Doha,Mumbai,Airbus A380,On Time,0,Business,Mobile App,Leisure,Gold,1530.51,1530.51,4.6,No
P02846,FL0146,2025-06-26,New York,Sydney,Boeing 787,Cancelled,0,Economy,Mobile App,Business,Silver,234.62,246.35,2.4,No
P02847,FL0147,2025-06-30,New York,Mumbai,Boeing 787,On Time,0,Premium Economy,Mobile App,Business,Gold,707.3,707.3,4.1,No
P02848,FL0148,2025-03-03,Mumbai,Dubai,Airbus A350,On Time,0,Economy,Website,Visiting Friends/Relatives,Bronze,391.11,391.11,5,Yes
P02849,FL0149,2025-04-09,New York,Doha,Airbus A350,On Time,0,Economy,Website,Leisure,Silver,291.93,306.53,4.3,No
P02850,FL0150,2025-09-26,Mumbai,Tokyo,Airbus A380,On Time,0,Premium Economy,Travel Agent,Leisure,Platinum,650.33,650.33,3.6,No
P02851,FL0151,2025-06-01,London,Paris,Airbus A350,On Time,0,Economy,Mobile App,Leisure,Bronze,407.29,427.65,2.5,No
P02852,FL0152,2025-12-29,Mumbai,London,Airbus A380,On Time,0,Economy,Mobile App,Leisure,Bronze,380.42,380.42,4.5,No
P02853,FL0153,2025-10-11,Dubai,London,Boeing 777,On Time,0,Economy,Website,Visiting Friends/Relatives,Silver,397.41,397.41,4.3,No
P02854,FL0154,2025-09-09,Singapore,Toronto,Airbus A320,Delayed,5,Economy,Website,Business,Bronze,346.86,346.86,4.7,No
P02855,FL0155,2025-04-05,Paris,Frankfurt,Airbus A320,On Time,0,Economy,Travel Agent,Business,Silver,422.01,443.11,4.2,Yes
P02856,FL0156,2025-02-03,Paris,Singapore,Boeing 787,On Time,0,Business,Mobile App,Visiting Friends/Relatives,Silver,1321.52,1321.52,4.0,No
P02857,FL0157,2025-12-18,Sydney,Toronto,Airbus A320,On Time,0,Economy,Mobile App,Visiting Friends/Relatives,Silver,364.79,364.79,4.4,No
P02858,FL0158,2025-02-13,Sydney,Paris,Airbus A350,On Time,0,Premium Economy,Website,Business,Silver,724.18,760.39,5,No
P02859,FL0159,2025-11-02,Frankfurt,Tokyo,Airbus A380,On Time,0,Economy,Mobile App,Business,Platinum,369.93,369.93,3.7,No
P02860,FL0160,2025-08-19,New York,Frankfurt,Boeing 787,On Time,0,Premium Economy,Mobile App,Business,Silver,553.84,581.53,5,No
P02861,FL0161,2025-06-06,Sydney,Frankfurt,Airbus A380,On Time,0,Economy,Travel Agent,Business,Bronze,408.47,408.47,4.3,No
P02862,FL0162,2025-04-17,Sydney,Singapore,Airbus A350,On Time,0,Economy,Travel Agent,Business,Silver,513.83,513.83,3.4,No
P02863,FL0163,2025-05-03,London,Dubai,Airbus A350,On Time,0,Economy,Mobile App,Leisure,Platinum,406.87,427.21,4.6,No
P02864,FL0164,2025-07-29,Singapore,London,Boeing 787,On Time,0,Economy,Website,Business,Silver,279.29,279.29,3.6,No
P02865,FL0165,2025-01-17,Paris,Mumbai,Airbus A350,On Time,0,Business,Website,Leisure,Gold,1825.31,1916.58,4.3,No
P02866,FL0166,2025-02-06,Mumbai,New York,Airbus A350,Delayed,11,Economy,Mobile App,Visiting Friends/Relatives,Platinum,380.8,380.8,5,No
P02867,FL0167,2025-04-12,Sydney,Toronto,Boeing 787,On Time,0,Economy,Website,Visiting Friends/Relatives,Platinum,371.22,371.22,3.7,No
P02868,FL0168,2025-03-18,Doha,Toronto,Boeing 777,Delayed,24,Economy,Website,Visiting Friends/Relatives,Bronze,280.6,280.6,4.0,No
P02869,FL0169,2025-10-19,Mumbai,Tokyo,Boeing 777,On Time,0,Premium Economy,Travel Agent,Visiting Friends/Relatives,Bronze,772.3,772.3,4.6,No
P02870,FL0170,2025-12-25,Paris,Mumbai,Boeing 787,Delayed,21,Economy,Mobile App,Visiting Friends/Relatives,Bronze,423.29,423.29,5,No
P02871,FL0171,2025-09-10,New York,Sydney,Boeing 787,On Time,0,Economy,Website,Business,Platinum,507.19,507.19,4.0,No
P02872,FL0172,2025-06-15,Dubai,Bangkok,Airbus A380,On Time,0,Economy,Corporate,Visiting Friends/Relatives,Bronze,296.69,296.69,4.7,No
P02873,FL0173,2025-12-12,London,Paris,Airbus A380,On Time,0,Economy,Mobile App,Business,Gold,423.72,423.72,4.3,No
P02874,FL0174,2025-05-18,Dubai,Toronto,Airbus A380,On Time,0,Economy,Travel Agent,Leisure,Silver,438.46,438.46,4.2,No
P02875,FL0175,2025-09-23,Singapore,New York,Boeing 787,Delayed,24,Economy,Mobile App,Business,Bronze,405.64,405.64,3.3,No
P02876,FL0176,2025-08-29,Paris,Singapore,Boeing 777,On Time,0,Economy,Travel Agent,Leisure,Bronze,188.38,188.38,3.8,No
P02877,FL0177,2025-02-23,Bangkok,Toronto,Airbus A350,On Time,0,Economy,Travel Agent,Visiting Friends/Relatives,Gold,423.64,444.82,4.4,No
P02878,FL0178,2025-12-06,Paris,Mumbai,Boeing 787,Delayed,32,Economy,Travel Agent,Visiting Friends/Relatives,Silver,515.51,515.51,4.3,No
P02879,FL0179,2025-08-21,New York,London,Airbus A320,On Time,0,Economy,Travel Agent,Visiting Friends/Relatives,Silver,221.97,233.07,4.5,Yes
P02880,FL0180,2025-07-26,Bangkok,Singapore,Airbus A380,Delayed,42,Economy,Mobile App,Visiting Friends/Relatives,Gold,256.32,256.32,4.4,No
P02881,FL0181,2025-01-28,Paris,Bangkok,Airbus A350,On Time,0,Economy,Mobile App,Leisure,Bronze,355.82,355.82,3.5,No
P02882,FL0182,2025-11-17,Sydney,Bangkok,Boeing 787,On Time,0,Business,Mobile App,Business,Silver,2295.78,2295.78,3.9,No
P02883,FL0183,2025-10-09,Doha,Mumbai,Airbus A350,Delayed,18,Economy,Mobile App,Leisure,Silver,285.4,285.4,4.0,No
P02884,FL0184,2025-03-04,Paris,New York,Airbus A320,Cancelled,0,Economy,Website,Leisure,Bronze,334.26,334.26,2.9,No
P02885,FL0185,2025-12-30,Sydney,Dubai,Airbus A350,On Time,0,Economy,Mobile App,Business,Silver,427.26,448.62,4.1,No
P02886,FL0186,2025-07-28,Dubai,Sydney,Airbus A320,On Time,0,Business,Mobile App,Leisure,Gold,2884.05,2884.05,3.8,No
P02887,FL0187,2025-03-02,London,New York,Airbus A350,On Time,0,Economy,Website,Visiting Friends/Relatives,Bronze,447.16,447.16,4.1,No
P02888,FL0188,2025-12-28,Mumbai,Sydney,Boeing 777,On Time,0,Business,Mobile App,Leisure,Bronze,1368.26,1368.26,4.2,No
P02889,FL0189,2025-05-05,Paris,New York,Boeing 787,On Time,0,Business,Mobile App,Business,Platinum,1294.91,1294.91,4.4,No
P02890,FL0190,2025-11-03,Frankfurt,Dubai,Airbus A380,On Time,0,Economy,Travel Agent,Visiting Friends/Relatives,Bronze,271.36,271.36,4.1,Yes
P02891,FL0191,2025-05-22,Singapore,Doha,Boeing 787,On Time,0,Economy,Corporate,Visiting Friends/Relatives,Bronze,276.41,276.41,3.9,No
P02892,FL0192,2025-01-02,New York,Paris,Boeing 777,On Time,0,Economy,Website,Business,Platinum,307.96,307.96,3.6,No
P02893,FL0193,2025-12-04,Sydney,Tokyo,Boeing 787,Delayed,4,Premium Economy,Mobile App,Business,Silver,520.91,546.96,4.0,No
P02894,FL0194,2025-10-06,Bangkok,Sydney,Boeing 787,On Time,0,Economy,Website,Leisure,Bronze,364.04,382.24,4.3,No
P02895,FL0195,2025-12-24,Bangkok,Dubai,Airbus A350,On Time,0,Economy,Mobile App,Visiting Friends/Relatives,Silver,361.31,361.31,4.1,No
P02896,FL0196,2025-01-23,Doha,Bangkok,Boeing 777,On Time,0,Economy,Mobile App,Visiting Friends/Relatives,Silver,301.8,301.8,4.8,No
P02897,FL0197,2025-12-06,Frankfurt,Bangkok,Airbus A350,On Time,0,Economy,Mobile App,Business,Platinum,321.47,321.47,3.7,No
P02898,FL0198,2025-09-15,Dubai,Doha,Airbus A380,On Time,0,Economy,Website,Leisure,Bronze,336.9,336.9,4.4,No
P02899,FL0199,2025-02-21,London,New York,Airbus A380,Delayed,22,Economy,Website,Leisure,Platinum,357.93,357.93,3.4,No
P02900,FL0200,2025-07-29,Dubai,Doha,Airbus A350,On Time,0,Economy,Mobile App,Business,Platinum,239.85,251.84,2.9,No
P02901,FL0201,2025-11-16,Mumbai,Frankfurt,Boeing 787,On Time,0,Economy,Mobile App,Leisure,Gold,332.5,349.12,4.1,No
P02902,FL0202,2025-10-01,Bangkok,Toronto,Boeing 787,Delayed,1,Economy,Website,Business,Gold,387.22,387.22,3.2,No
P02903,FL0203,2025-01-19,Paris,Sydney,Airbus A380,On Time,0,Economy,Website,Business,Bronze,278.66,292.59,4.1,No
P02904,FL0204,2025-02-16,Mumbai,Dubai,Boeing 787,Cancelled,0,Economy,Travel Agent,Visiting Friends/Relatives,Bronze,355.84,373.63,2.3,No
P02905,FL0205,2025-03-27,London,New York,Boeing 777,Delayed,1,Economy,Website,Visiting Friends/Relatives,Bronze,381.74,381.74,3.3,No
P02906,FL0206,2025-01-29,Dubai,Frankfurt,Boeing 777,On Time,0,Economy,Website,Business,Gold,170.12,170.12,5.0,No
P02907,FL0207,2025-05-06,Frankfurt,Doha,Airbus A380,On Time,0,Business,Corporate,Business,Silver,1574.28,1574.28,4.2,No
P02908,FL0208,2025-03-31,Singapore,Dubai,Airbus A320,On Time,0,Business,Mobile App,Leisure,Silver,1874.36,1968.08,4.1,No
P02909,FL0209,2025-12-16,Frankfurt,Tokyo,Airbus A350,On Time,0,Economy,Travel Agent,Visiting Friends/Relatives,Gold,562.2,562.2,5,No
P02910,FL0210,2025-04-29,Sydney,Doha,Boeing 787,On Time,0,Economy,Website,Business,Bronze,352.0,369.6,5,No
P02911,FL0211,2025-12-08,Paris,Mumbai,Airbus A320,Delayed,8,Business,Mobile App,Leisure,Bronze,1268.47,1268.47,4.6,No
P02912,FL0212,2025-02-07,New York,Doha,Boeing 787,Delayed,20,First,Mobile App,Visiting Friends/Relatives,Bronze,4262.88,4262.88,4.1,No
P02913,FL0213,2025-11-24,Sydney,Paris,Boeing 787,On Time,0,First,Corporate,Visiting Friends/Relatives,Silver,4896.02,5140.82,4.4,No
P02914,FL0214,2025-04-12,Paris,Mumbai,Boeing 787,Delayed,27,Business,Website,Visiting Friends/Relatives,Bronze,1745.11,1745.11,4.1,No
P02915,FL0215,2025-06-01,Bangkok,Tokyo,Boeing 777,On Time,0,Business,Website,Leisure,Platinum,1986.52,1986.52,4.4,No
P02916,FL0216,2025-01-05,Frankfurt,Paris,Airbus A380,Delayed,25,Economy,Travel Agent,Leisure,Bronze,312.05,312.05,3.6,No
P02917,FL0217,2025-09-12,Dubai,Tokyo,Boeing 777,On Time,0,Economy,Website,Leisure,Gold,322.8,338.94,4.8,No
P02918,FL0218,2025-06-30,Doha,Tokyo,Airbus A350,On Time,0,Economy,Mobile App,Leisure,Gold,347.86,347.86,3.9,No
P02919,FL0219,2025-12-14,Sydney,Paris,Airbus A350,On Time,0,Economy,Website,Visiting Friends/Relatives,Silver,478.49,478.49,3.5,No
P02920,FL0220,2025-08-14,Dubai,Mumbai,Airbus A320,On Time,0,Economy,Travel Agent,Business,Platinum,226.61,237.94,4.7,No
P02921,FL0221,2025-06-01,Singapore,Doha,Boeing 777,On Time,0,Economy,Website,Business,Bronze,236.72,236.72,3.9,Yes
P02922,FL0222,2025-03-09,Singapore,Paris,Airbus A380,Delayed,8,Premium Economy,Website,Business,Bronze,989.77,989.77,3.6,No
P02923,FL0223,2025-05-12,Mumbai,Doha,Boeing 787,Delayed,28,Economy,Mobile App,Leisure,Silver,283.35,283.35,3.0,No
P02924,FL0224,2025-02-28,Mumbai,Frankfurt,Boeing 787,Delayed,37,Economy,Corporate,Leisure,Bronze,214.4,225.12,3.9,No
P02925,FL0225,2025-07-07,Frankfurt,Sydney,Airbus A320,Delayed,42,Economy,Travel Agent,Visiting Friends/Relatives,Silver,162.06,170.16,3.8,No
P02926,FL0226,2025-10-02,Dubai,Mumbai,Airbus A320,On Time,0,Economy,Mobile App,Visiting Friends/Relatives,Bronze,193.64,193.64,5,No
P02927,FL0227,2025-07-15,Mumbai,Tokyo,Boeing 777,On Time,0,Business,Corporate,Business,Platinum,1379.9,1379.9,3.3,No
P02928,FL0228,2025-01-13,Doha,New York,Airbus A380,Delayed,1,Economy,Website,Business,Silver,189.64,189.64,3.2,No
P02929,FL0229,2025-02-02,Doha,Toronto,Boeing 787,Delayed,7,Economy,Website,Business,Silver,300.08,300.08,3.9,No
P02930,FL0230,2025-07-29,Mumbai,Toronto,Airbus A320,On Time,0,Economy,Website,Visiting Friends/Relatives,Platinum,169.68,169.68,4.0,No
P02931,FL0231,2025-09-10,Dubai,Mumbai,Airbus A320,On Time,0,Economy,Mobile App,Business,Silver,243.22,255.38,3.8,Yes
P02932,FL0232,2025-07-18,New York,Doha,Boeing 787,On Time,0,Economy,Travel Agent,Business,Gold,191.75,191.75,4.6,No
P02933,FL0233,2025-10-28,New York,Frankfurt,Airbus A350,Delayed,5,Economy,Website,Business,Gold,446.78,446.78,3.2,No
P02934,FL0234,2025-05-24,Sydney,Frankfurt,Airbus A320,On Time,0,Economy,Travel Agent,Leisure,Silver,248.94,248.94,5,No
P02935,FL0235,2025-08-16,Doha,New York,Airbus A350,Delayed,1,Economy,Mobile App,Leisure,Bronze,363.77,363.77,3.4,No
P02936,FL0236,2025-07-08,London,Toronto,Airbus A380,Delayed,15,Economy,Corporate,Visiting Friends/Relatives,Bronze,292.08,292.08,3.7,No
P02937,FL0237,2025-03-04,Mumbai,Dubai,Boeing 787,On Time,0,Economy,Website,Business,Bronze,323.09,323.09,4.4,No
P02938,FL0238,2025-11-24,Doha,Toronto,Airbus A380,Cancelled,0,Economy,Mobile App,Business,Gold,265.37,265.37,1.8,No
P02939,FL0239,2025-05-05,Dubai,Frankfurt,Airbus A350,Delayed,14,Economy,Website,Visiting Friends/Relatives,Bronze,260.21,273.22,3.8,No
P02940,FL0240,2025-10-11,Doha,Singapore,Airbus A350,On Time,0,Economy,Website,Visiting Friends/Relatives,Gold,434.94,434.94,4.5,No
P02941,FL0241,2025-03-17,Doha,Frankfurt,Airbus A380,On Time,0,Business,Travel Agent,Visiting Friends/Relatives,Bronze,1521.19,1597.25,4.5,No
P02942,FL0242,2025-10-04,Singapore,Dubai,Boeing 777,Delayed,36,Economy,Website,Visiting Friends/Relatives,Bronze,236.43,248.25,3.3,No
P02943,FL0243,2025-07-03,Singapore,London,Airbus A350,On Time,0,Economy,Website,Visiting Friends/Relatives,Bronze,387.33,387.33,4.6,No
P02944,FL0244,2025-05-16,Dubai,Doha,Airbus A320,On Time,0,Premium Economy,Website,Leisure,Bronze,575.19,575.19,3.4,No
P02945,FL0245,2025-02-28,Frankfurt,Sydney,Airbus A320,On Time,0,Economy,Website,Visiting Friends/Relatives,Gold,759.81,759.81,4.1,No
P02946,FL0246,2025-10-31,Bangkok,Sydney,Airbus A320,On Time,0,Business,Travel Agent,Business,Bronze,1717.27,1803.13,4.3,No
P02947,FL0247,2025-01-23,Doha,Tokyo,Airbus A380,On Time,0,First,Mobile App,Visiting Friends/Relatives,Silver,3795.77,3795.77,4.2,No
P02948,FL0248,2025-09-03,Dubai,London,Boeing 787,On Time,0,Economy,Travel Agent,Business,Gold,354.52,354.52,4.7,Yes
P02949,FL0249,2025-12-31,London,New York,Boeing 787,On Time,0,Economy,Mobile App,Business,Silver,419.45,419.45,4.7,No
P02950,FL0250,2025-11-08,London,Frankfurt,Airbus A350,On Time,0,Economy,Mobile App,Visiting Friends/Relatives,Bronze,345.72,345.72,4.6,No
P02951,FL0251,2025-11-21,Mumbai,Tokyo,Airbus A380,On Time,0,Economy,Travel Agent,Leisure,Gold,378.71,397.65,4.4,No
P02952,FL0252,2025-11-02,Bangkok,Frankfurt,Airbus A380,On Time,0,Economy,Mobile App,Leisure,Silver,302.28,302.28,4.4,No
P02953,FL0253,2025-08-09,New York,Tokyo,Airbus A320,Delayed,33,Economy,Website,Visiting Friends/Relatives,Silver,294.27,308.98,3.5,No
P02954,FL0254,2025-11-30,London,Toronto,Airbus A380,On Time,0,Economy,Corporate,Business,Gold,504.82,504.82,4.6,No
P02955,FL0255,2025-08-20,Doha,Bangkok,Airbus A350,On Time,0,Economy,Mobile App,Business,Bronze,543.5,543.5,4.7,No
P02956,FL0256,2025-08-01,Paris,Bangkok,Airbus A320,On Time,0,Economy,Website,Visiting Friends/Relatives,Silver,176.7,185.53,4.0,No
P02957,FL0257,2025-05-11,Bangkok,Toronto,Boeing 777,Delayed,12,Business,Website,Visiting Friends/Relatives,Silver,1462.76,1462.76,3.4,No
P02958,FL0258,2025-02-17,London,Doha,Boeing 787,On Time,0,Economy,Mobile App,Leisure,Silver,384.44,384.44,4.0,No
P02959,FL0259,2025-10-12,Bangkok,Doha,Airbus A320,On Time,0,Economy,Website,Visiting Friends/Relatives,Gold,242.33,242.33,3.9,No
P02960,FL0260,2025-06-18,New York,Sydney,Airbus A320,On Time,0,First,Mobile App,Visiting Friends/Relatives,Silver,3859.83,3859.83,3.8,No
P02961,FL0261,2025-05-28,Frankfurt,London,Airbus A380,On Time,0,Economy,Travel Agent,Business,Silver,263.38,263.38,4.7,No
P02962,FL0262,2025-09-17,London,Tokyo,Airbus A350,On Time,0,Economy,Website,Leisure,Gold,277.7,277.7,3.4,No
P02963,FL0263,2025-02-25,Paris,Dubai,Boeing 777,Delayed,5,Economy,Travel Agent,Leisure,Silver,306.12,306.12,3.6,No
P02964,FL0264,2025-05-23,Bangkok,Singapore,Airbus A380,On Time,0,Economy,Travel Agent,Leisure,Silver,320.73,320.73,3.4,No
P02965,FL0265,2025-11-15,Frankfurt,Sydney,Airbus A380,On Time,0,Economy,Mobile App,Visiting Friends/Relatives,Silver,255.89,268.68,4.9,No
P02966,FL0266,2025-11-08,New York,London,Boeing 777,On Time,0,Economy,Website,Leisure,Silver,225.06,236.31,3.6,No
P02967,FL0267,2025-06-23,Mumbai,Paris,Boeing 777,On Time,0,Economy,Website,Business,Silver,523.88,523.88,4.9,No
P02968,FL0268,2025-12-03,Singapore,Tokyo,Boeing 787,On Time,0,Economy,Website,Visiting Friends/Relatives,Bronze,278.24,278.24,4.3,No
P02969,FL0269,2025-09-29,Dubai,Singapore,Airbus A350,On Time,0,Business,Mobile App,Business,Gold,1169.55,1169.55,5,No
P02970,FL0270,2025-03-22,Paris,Frankfurt,Boeing 777,On Time,0,Economy,Corporate,Leisure,Silver,217.1,217.1,4.3,No
P02971,FL0271,2025-11-02,Bangkok,Tokyo,Airbus A320,Delayed,29,Economy,Mobile App,Visiting Friends/Relatives,Bronze,278.08,278.08,3.9,No
P02972,FL0272,2025-02-11,Dubai,Toronto,Boeing 777,On Time,0,Business,Website,Visiting Friends/Relatives,Bronze,1755.11,1842.87,4.2,No
P02973,FL0273,2025-11-07,Frankfurt,New York,Boeing 787,On Time,0,Economy,Mobile App,Visiting Friends/Relatives,Silver,326.24,342.55,4.6,No
P02974,FL0274,2025-02-28,Doha,Sydney,Boeing 777,On Time,0,Economy,Website,Visiting Friends/Relatives,Bronze,501.02,501.02,3.2,No
P02975,FL0275,2025-12-14,Mumbai,Toronto,Airbus A380,On Time,0,Economy,Website,Business,Bronze,240.86,252.9,5,No
P02976,FL0276,2025-04-23,Mumbai,London,Boeing 787,Cancelled,0,Economy,Website,Leisure,Platinum,245.09,245.09,2.4,No
P02977,FL0277,2025-04-15,Dubai,London,Boeing 777,Delayed,34,Economy,Travel Agent,Leisure,Bronze,268.22,268.22,4.0,No
P02978,FL0278,2025-05-29,Singapore,Mumbai,Boeing 777,On Time,0,Economy,Website,Leisure,Bronze,254.78,254.78,5,No
P02979,FL0279,2025-03-31,Paris,Bangkok,Airbus A350,On Time,0,Economy,Mobile App,Leisure,Gold,301.39,301.39,4.3,Yes
P02980,FL0280,2025-10-14,Doha,Sydney,Boeing 777,On Time,0,Economy,Mobile App,Business,Platinum,263.24,263.24,4.9,No
P02981,FL0281,2025-01-10,Dubai,Bangkok,Boeing 787,Delayed,28,Economy,Website,Visiting Friends/Relatives,Bronze,295.73,295.73,3.4,No
P02982,FL0282,2025-12-30,Sydney,Frankfurt,Boeing 787,On Time,0,Premium Economy,Website,Visiting Friends/Relatives,Silver,438.82,460.76,4.1,No
P02983,FL0283,2025-06-16,Frankfurt,London,Airbus A350,Delayed,6,Business,Website,Business,Bronze,2435.38,2435.38,3.8,No
P02984,FL0284,2025-12-20,Sydney,Bangkok,Boeing 777,On Time,0,Economy,Mobile App,Leisure,Gold,497.46,497.46,4.0,No
P02985,FL0285,2025-08-12,London,Paris,Airbus A380,On Time,0,Economy,Website,Visiting Friends/Relatives,Silver,429.3,429.3,4.8,No
P02986,FL0286,2025-06-08,London,Bangkok,Boeing 777,On Time,0,Economy,Website,Visiting Friends/Relatives,Silver,335.11,335.11,4.1,No
P02987,FL0287,2025-09-19,Singapore,Doha,Airbus A320,On Time,0,Economy,Travel Agent,Leisure,Silver,373.27,373.27,4.0,No
P02988,FL0288,2025-06-29,Doha,Frankfurt,Airbus A350,On Time,0,Economy,Website,Visiting Friends/Relatives,Silver,257.47,257.47,5,No
P02989,FL0289,2025-04-12,Singapore,Mumbai,Airbus A350,On Time,0,Economy,Website,Visiting Friends/Relatives,Silver,460.09,460.09,4.6,No
P02990,FL0290,2025-11-18,London,Dubai,Boeing 787,On Time,0,Economy,Corporate,Visiting Friends/Relatives,Gold,542.35,542.35,3.9,No
P02991,FL0291,2025-08-18,Sydney,Tokyo,Airbus A380,On Time,0,Economy,Website,Leisure,Platinum,236.56,236.56,3.7,No
P02992,FL0292,2025-11-18,Sydney,Mumbai,Boeing 777,On Time,0,Economy,Website,Business,Platinum,638.31,638.31,4.5,No
P02993,FL0293,2025-08-15,London,New York,Boeing 777,Delayed,8,Business,Travel Agent,Business,Platinum,1541.04,1541.04,4.3,No
P02994,FL0294,2025-08-25,London,Mumbai,Boeing 787,On Time,0,Business,Corporate,Business,Bronze,2092.82,2092.82,4.8,No
P02995,FL0295,2025-02-09,Bangkok,Paris,Airbus A320,On Time,0,Premium Economy,Mobile App,Leisure,Gold,477.38,501.25,4.0,Yes
P02996,FL0296,2025-08-25,New York,Frankfurt,Airbus A380,On Time,0,Business,Corporate,Leisure,Silver,2227.79,2339.18,3.5,No
P02997,FL0297,2025-10-20,Dubai,New York,Airbus A350,On Time,0,Premium Economy,Website,Visiting Friends/Relatives,Bronze,678.11,678.11,3.3,No
P02998,FL0298,2025-03-19,Paris,Sydney,Airbus A320,On Time,0,Business,Website,Business,Silver,1355.36,1355.36,3.9,No
P02999,FL0299,2025-09-16,Bangkok,Singapore,Airbus A350,On Time,0,Business,Travel Agent,Leisure,Bronze,2540.77,2540.77,3.2,No
P03000,FL0300,2025-09-26,Paris,New York,Airbus A380,On Time,0,Economy,Mobile App,Visiting Friends/Relatives,Platinum,305.68,305.68,3.3,No
P03001,FL0301,2025-05-25,Bangkok,Mumbai,Boeing 787,On Time,0,Economy,Website,Visiting Friends/Relatives,Bronze,240.74,240.74,4.6,No
P03002,FL0302,2025-11-03,Bangkok,Toronto,Airbus A320,Delayed,11,Business,Mobile App,Leisure,Silver,1812.1,1902.7,2.8,No
P03003,FL0303,2025-06-18,Bangkok,Singapore,Airbus A320,On Time,0,Economy,Website,Business,Gold,423.04,444.19,3.1,No
P03004,FL0304,2025-05-10,Frankfurt,Paris,Airbus A380,Delayed,10,Economy,Website,Visiting Friends/Relatives,Gold,157.5,165.38,3.3,No
P03005,FL0305,2025-06-08,Singapore,Frankfurt,Boeing 787,On Time,0,Economy,Website,Visiting Friends/Relatives,Platinum,376.11,394.92,3.6,No
P03006,FL0306,2025-10-14,London,Mumbai,Boeing 787,On Time,0,Economy,Website,Leisure,Silver,452.61,452.61,3.5,No
P03007,FL0307,2025-12-10,Bangkok,Doha,Airbus A380,On Time,0,Economy,Mobile App,Business,Gold,122.11,122.11,3.9,Yes
P03008,FL0308,2025-07-05,Frankfurt,Sydney,Airbus A320,On Time,0,Economy,Website,Business,Bronze,333.34,333.34,3.4,No
P03009,FL0309,2025-06-24,Singapore,Paris,Boeing 787,On Time,0,Economy,Website,Leisure,Silver,545.69,545.69,4.0,No
P03010,FL0310,2025-02-09,Singapore,Dubai,Boeing 777,Delayed,31,Economy,Mobile App,Business,Bronze,354.31,354.31,4.2,No
P03011,FL0311,2025-10-04,London,Sydney,Airbus A380,On Time,0,Business,Corporate,Business,Gold,1700.08,1700.08,4.3,No
P03012,FL0312,2025-03-09,Bangkok,Tokyo,Airbus A380,On Time,0,Economy,Mobile App,Visiting Friends/Relatives,Silver,243.29,243.29,4.5,No
P03013,FL0313,2025-12-21,Singapore,Dubai,Airbus A380,Delayed,24,Business,Travel Agent,Visiting Friends/Relatives,Bronze,1224.81,1286.05,4.0,No
P03014,FL0314,2025-12-13,Frankfurt,Mumbai,Airbus A350,Delayed,29,Economy,Mobile App,Business,Bronze,270.97,270.97,4.6,No
P03015,FL0315,2025-08-18,Sydney,Paris,Airbus A350,On Time,0,Economy,Website,Business,Bronze,406.84,406.84,3.3,No
P03016,FL0316,2025-04-10,Mumbai,New York,Boeing 777,On Time,0,First,Mobile App,Leisure,Platinum,3391.36,3560.93,4.2,Yes
P03017,FL0317,2025-08-25,Sydney,Bangkok,Boeing 777,On Time,0,Economy,Travel Agent,Leisure,Bronze,387.43,406.8,3.8,No
P03018,FL0318,2025-08-03,New York,Sydney,Airbus A350,Delayed,20,Premium Economy,Website,Leisure,Silver,475.85,475.85,4.0,No
P03019,FL0319,2025-11-25,Mumbai,London,Boeing 787,Delayed,11,Premium Economy,Website,Business,Bronze,662.89,662.89,3.8,No
P03020,FL0320,2025-12-31,New York,Singapore,Airbus A380,Delayed,13,Economy,Website,Business,Bronze,237.8,249.69,3.6,No
P03021,FL0321,2025-09-20,Mumbai,New York,Airbus A350,Delayed,37,Economy,Mobile App,Visiting Friends/Relatives,Bronze,264.98,264.98,4.5,No
P03022,FL0322,2025-08-19,London,Paris,Boeing 777,Delayed,7,Economy,Mobile App,Leisure,Bronze,184.99,184.99,3.5,No
P03023,FL0323,2025-07-17,Bangkok,Dubai,Airbus A320,On Time,0,Economy,Mobile App,Leisure,Gold,244.72,256.96,4.0,No
P03024,FL0324,2025-02-20,Dubai,Frankfurt,Boeing 777,Delayed,24,Economy,Mobile App,Visiting Friends/Relatives,Gold,299.52,314.5,3.4,No
P03025,FL0325,2025-05-27,Singapore,London,Boeing 787,On Time,0,Economy,Mobile App,Visiting Friends/Relatives,Bronze,373.45,373.45,4.3,Yes
P03026,FL0326,2025-08-18,Singapore,New York,Airbus A380,On Time,0,Economy,Travel Agent,Visiting Friends/Relatives,Bronze,340.24,357.25,5,No
P03027,FL0327,2025-05-12,London,Singapore,Airbus A350,Delayed,1,Economy,Mobile App,Visiting Friends/Relatives,Silver,210.73,210.73,3.2,No
P03028,FL0328,2025-02-26,New York,Frankfurt,Boeing 777,On Time,0,Business,Website,Visiting Friends/Relatives,Silver,2237.44,2349.31,4.5,No
P03029,FL0329,2025-05-03,London,Singapore,Boeing 787,On Time,0,Economy,Travel Agent,Leisure,Bronze,260.32,260.32,3.6,No
P03030,FL0330,2025-02-02,Sydney,Bangkok,Airbus A320,Delayed,12,Business,Travel Agent,Leisure,Bronze,1935.72,1935.72,3.6,No
P03031,FL0331,2025-10-02,Paris,Tokyo,Airbus A320,On Time,0,Economy,Travel Agent,Visiting Friends/Relatives,Bronze,281.4,281.4,5,No
P03032,FL0332,2025-03-15,Sydney,Dubai,Boeing 777,On Time,0,Economy,Travel Agent,Leisure,Gold,492.26,492.26,4.1,No
P03033,FL0333,2025-05-04,Sydney,Mumbai,Airbus A380,On Time,0,Economy,Website,Visiting Friends/Relatives,Silver,374.31,374.31,5,No
P03034,FL0334,2025-07-04,London,Sydney,Airbus A320,Delayed,1,Economy,Mobile App,Leisure,Gold,312.15,312.15,3.8,No
P03035,FL0335,2025-01-11,New York,Sydney,Boeing 787,Delayed,12,Premium Economy,Mobile App,Leisure,Gold,824.22,824.22,3.6,No
P03036,FL0336,2025-07-18,Dubai,Toronto,Boeing 777,On Time,0,Economy,Travel Agent,Business,Platinum,305.1,320.36,4.2,No
P03037,FL0337,2025-02-04,Dubai,Frankfurt,Boeing 777,On Time,0,Premium Economy,Travel Agent,Business,Silver,677.39,711.26,4.7,No
P03038,FL0338,2025-06-20,London,Tokyo,Airbus A350,On Time,0,Economy,Mobile App,Leisure,Bronze,314.78,314.78,4.6,No
P03039,FL0339,2025-11-26,New York,Mumbai,Airbus A350,Delayed,4,Business,Mobile App,Visiting Friends/Relatives,Silver,1763.98,1852.18,4.2,No
P03040,FL0340,2025-04-04,Paris,Toronto,Airbus A350,On Time,0,Economy,Mobile App,Business,Bronze,512.9,512.9,4.3,No
P03041,FL0341,2025-05-31,Paris,London,Airbus A350,On Time,0,Economy,Website,Visiting Friends/Relatives,Bronze,522.82,522.82,3.5,No
P03042,FL0342,2025-06-11,Doha,London,Boeing 777,On Time,0,Economy,Website,Leisure,Gold,324.74,324.74,4.9,No
P03043,FL0343,2025-05-10,New York,Bangkok,Airbus A320,On Time,0,Business,Mobile App,Leisure,Bronze,2128.98,2128.98,4.5,No
P03044,FL0344,2025-07-02,Doha,Mumbai,Airbus A320,Delayed,1,Economy,Mobile App,Visiting Friends/Relatives,Platinum,458.27,458.27,3.6,Yes
P03045,FL0345,2025-03-05,Bangkok,Paris,Boeing 777,On Time,0,Business,Website,Visiting Friends/Relatives,Gold,1531.37,1531.37,3.9,No
P03046,FL0346,2025-07-17,Frankfurt,New York,Boeing 777,Cancelled,0,Business,Website,Business,Bronze,1306.49,1306.49,1.7,Yes
P03047,FL0347,2025-07-08,Paris,New York,Airbus A380,On Time,0,Economy,Mobile App,Business,Bronze,442.85,442.85,3.6,No
P03048,FL0348,2025-02-10,London,Bangkok,Boeing 787,On Time,0,Economy,Travel Agent,Business,Platinum,358.74,376.68,4.4,No
P03049,FL0349,2025-05-31,Singapore,Sydney,Boeing 777,On Time,0,Economy,Website,Leisure,Bronze,280.88,294.92,3.7,No
P03050,FL0350,2025-06-01,Bangkok,Toronto,Boeing 777,On Time,0,Economy,Mobile App,Business,Gold,392.62,392.62,4.2,No
P03051,FL0351,2025-12-20,Frankfurt,Doha,Boeing 787,On Time,0,Economy,Mobile App,Business,Silver,177.57,177.57,4.6,No
P03052,FL0352,2025-11-11,Dubai,Frankfurt,Boeing 787,On Time,0,Economy,Corporate,Leisure,Gold,279.52,279.52,4.7,No
P03053,FL0353,2025-12-10,Dubai,Singapore,Boeing 787,On Time,0,Economy,Website,Visiting Friends/Relatives,Gold,230.17,230.17,3.7,No
P03054,FL0354,2025-03-15,Singapore,London,Airbus A380,On Time,0,Economy,Website,Leisure,Bronze,437.13,437.13,4.1,No
P03055,FL0355,2025-03-06,Paris,London,Airbus A320,On Time,0,Economy,Website,Leisure,Gold,323.16,339.32,4.2,No
P03056,FL0356,2025-07-16,Bangkok,Mumbai,Airbus A380,On Time,0,Economy,Mobile App,Leisure,Bronze,257.82,270.71,3.6,No
P03057,FL0357,2025-08-19,Singapore,Toronto,Boeing 777,On Time,0,Economy,Mobile App,Business,Bronze,216.48,216.48,4.3,No
P03058,FL0358,2025-03-12,London,Tokyo,Airbus A380,On Time,0,Economy,Travel Agent,Leisure,Silver,249.43,261.9,4.9,No
P03059,FL0359,2025-05-23,Bangkok,Toronto,Airbus A350,Delayed,25,Economy,Website,Leisure,Silver,436.31,436.31,4.3,No
P03060,FL0360,2025-10-15,New York,Frankfurt,Airbus A320,On Time,0,Economy,Travel Agent,Leisure,Gold,410.3,430.82,4.5,No
P03061,FL0361,2025-04-20,Mumbai,New York,Airbus A380,On Time,0,Economy,Travel Agent,Visiting Friends/Relatives,Bronze,364.68,364.68,4.7,No
P03062,FL0362,2025-03-04,Paris,Dubai,Airbus A350,Delayed,19,Economy,Website,Business,Gold,517.9,517.9,3.9,Yes
P03063,FL0363,2025-08-16,Paris,Doha,Airbus A320,Delayed,52,Business,Mobile App,Business,Platinum,2175.13,2175.13,4.4,No
P03064,FL0364,2025-10-09,Bangkok,Singapore,Airbus A380,On Time,0,Economy,Website,Leisure,Silver,456.93,479.78,3.9,No
P03065,FL0365,2025-12-31,Mumbai,Doha,Airbus A350,Delayed,10,Economy,Mobile App,Visiting Friends/Relatives,Gold,384.97,384.97,3.4,No
P03066,FL0366,2025-03-04,New York,Dubai,Airbus A350,Delayed,19,Economy,Travel Agent,Leisure,Gold,271.19,271.19,3.2,No
P03067,FL0367,2025-10-21,Bangkok,Sydney,Boeing 777,On Time,0,Economy,Corporate,Visiting Friends/Relatives,Bronze,186.96,186.96,3.3,No
P03068,FL0368,2025-11-10,New York,Doha,Airbus A320,On Time,0,Economy,Website,Visiting Friends/Relatives,Gold,239.28,251.24,3.4,Yes
P03069,FL0369,2025-09-27,Frankfurt,New York,Boeing 787,On Time,0,Business,Mobile App,Visiting Friends/Relatives,Bronze,1537.0,1537.0,4.8,No
P03070,FL0370,2025-03-06,Sydney,Singapore,Boeing 777,On Time,0,Premium Economy,Website,Visiting Friends/Relatives,Silver,958.83,958.83,4.0,No
P03071,FL0371,2025-12-15,Paris,New York,Airbus A380,On Time,0,Economy,Corporate,Visiting Friends/Relatives,Bronze,364.46,364.46,3.3,No
P03072,FL0372,2025-10-28,New York,Toronto,Airbus A350,On Time,0,Economy,Mobile App,Leisure,Silver,457.36,480.23,4.3,No
P03073,FL0373,2025-09-15,Singapore,Bangkok,Airbus A320,Delayed,31,Business,Corporate,Visiting Friends/Relatives,Gold,1666.19,1666.19,3.3,No
P03074,FL0374,2025-06-05,New York,Doha,Airbus A350,On Time,0,Business,Mobile App,Leisure,Silver,1875.26,1875.26,4.3,No
P03075,FL0375,2025-09-23,Doha,Frankfurt,Boeing 777,Delayed,17,Economy,Mobile App,Visiting Friends/Relatives,Platinum,531.27,557.83,3.7,No
P03076,FL0376,2025-03-06,New York,Paris,Boeing 777,On Time,0,Business,Corporate,Business,Silver,2205.44,2315.71,5,No
P03077,FL0377,2025-11-25,London,Sydney,Airbus A350,On Time,0,Economy,Travel Agent,Visiting Friends/Relatives,Bronze,333.2,349.86,4.7,No
P03078,FL0378,2025-03-29,Sydney,Doha,Airbus A380,On Time,0,Economy,Mobile App,Business,Bronze,463.91,487.11,3.3,No
P03079,FL0379,2025-10-16,Sydney,Mumbai,Airbus A320,Delayed,35,First,Travel Agent,Business,Silver,3732.08,3732.08,4.0,No
P03080,FL0380,2025-01-24,Dubai,Singapore,Airbus A380,On Time,0,Economy,Website,Visiting Friends/Relatives,Gold,248.44,248.44,3.4,No
P03081,FL0381,2025-08-02,Doha,Tokyo,Airbus A380,On Time,0,Economy,Mobile App,Visiting Friends/Relatives,Bronze,352.88,352.88,3.6,No
P03082,FL0382,2025-10-07,Paris,Toronto,Boeing 777,On Time,0,Economy,Website,Visiting Friends/Relatives,Platinum,412.81,412.81,4.0,No
P03083,FL0383,2025-05-06,Mumbai,New York,Boeing 787,On Time,0,Economy,Mobile App,Visiting Friends/Relatives,Gold,278.78,278.78,4.6,No
P03084,FL0384,2025-03-22,London,Singapore,Boeing 787,On Time,0,Economy,Mobile App,Visiting Friends/Relatives,Gold,309.17,309.17,4.4,Yes
P03085,FL0385,2025-06-24,Paris,Dubai,Airbus A380,On Time,0,Economy,Website,Visiting Friends/Relatives,Bronze,474.53,474.53,4.6,No
P03086,FL0386,2025-07-24,Bangkok,Mumbai,Airbus A350,On Time,0,Premium Economy,Website,Leisure,Gold,434.91,456.66,3.7,No
P03087,FL0387,2025-02-24,New York,Sydney,Boeing 777,On Time,0,Economy,Travel Agent,Visiting Friends/Relatives,Bronze,333.03,333.03,4.3,No
P03088,FL0388,2025-08-19,London,Mumbai,Airbus A350,On Time,0,First,Website,Leisure,Silver,3655.9,3838.7,4.5,No
P03089,FL0389,2025-07-16,Dubai,Mumbai,Airbus A380,On Time,0,Economy,Travel Agent,Leisure,Silver,351.86,351.86,4.5,No
P03090,FL0390,2025-10-23,Singapore,Frankfurt,Boeing 777,On Time,0,Economy,Website,Visiting Friends/Relatives,Silver,429.66,451.14,4.6,No
P03091,FL0391,2025-09-21,Singapore,New York,Boeing 787,On Time,0,Business,Mobile App,Visiting Friends/Relatives,Silver,2521.72,2521.72,4.8,No
P03092,FL0392,2025-01-12,Mumbai,New York,Airbus A320,Delayed,1,Economy,Website,Business,Silver,330.1,330.1,3.1,No
P03093,FL0393,2025-06-30,Doha,Tokyo,Airbus A320,On Time,0,Premium Economy,Mobile App,Business,Bronze,663.93,697.13,4.1,No
P03094,FL0394,2025-12-01,Paris,Tokyo,Boeing 787,On Time,0,Economy,Website,Business,Bronze,300.84,300.84,4.4,No
P03095,FL0395,2025-08-09,Dubai,Singapore,Airbus A350,Delayed,16,Business,Corporate,Leisure,Platinum,1720.71,1720.71,4.3,No
P03096,FL0396,2025-07-07,Bangkok,Frankfurt,Airbus A320,On Time,0,Economy,Website,Leisure,Bronze,210.96,210.96,5,No
P03097,FL0397,2025-04-10,Sydney,New York,Boeing 777,On Time,0,Economy,Website,Visiting Friends/Relatives,Platinum,283.44,297.61,4.4,Yes
P03098,FL0398,2025-09-16,London,Bangkok,Boeing 787,On Time,0,Premium Economy,Website,Business,Bronze,509.46,534.93,5,No
P03099,FL0399,2025-12-15,Mumbai,Tokyo,Airbus A380,On Time,0,Economy,Mobile App,Business,Gold,559.15,559.15,4.1,No
P03100,FL0400,2025-07-11,London,Bangkok,Boeing 777,On Time,0,Economy,Travel Agent,Business,Gold,282.31,282.31,4.9,No
P03101,FL0401,2025-04-12,Bangkok,Doha,Airbus A380,On Time,0,Economy,Website,Business,Gold,329.93,329.93,4.3,No
P03102,FL0402,2025-01-24,New York,London,Airbus A320,On Time,0,Economy,Website,Visiting Friends/Relatives,Silver,415.06,415.06,4.7,No
P03103,FL0403,2025-09-23,Bangkok,New York,Boeing 787,On Time,0,Economy,Mobile App,Business,Silver,203.57,203.57,4.7,No
P03104,FL0404,2025-06-17,New York,Doha,Airbus A380,On Time,0,Economy,Website,Visiting Friends/Relatives,Bronze,278.13,292.04,4.4,No
P03105,FL0405,2025-06-03,Frankfurt,Tokyo,Airbus A380,On Time,0,Economy,Travel Agent,Visiting Friends/Relatives,Gold,229.9,229.9,4.3,No
P03106,FL0406,2025-09-08,New York,Sydney,Airbus A380,On Time,0,Economy,Mobile App,Visiting Friends/Relatives,Platinum,460.52,460.52,5,No
P03107,FL0407,2025-06-19,Dubai,Frankfurt,Airbus A320,Cancelled,0,Economy,Travel Agent,Leisure,Silver,425.3,425.3,1.9,No
P03108,FL0408,2025-12-19,Sydney,Paris,Airbus A320,On Time,0,Economy,Travel Agent,Visiting Friends/Relatives,Bronze,258.76,258.76,4.8,No
P03109,FL0409,2025-10-24,Mumbai,Toronto,Airbus A380,On Time,0,Economy,Website,Business,Bronze,279.64,279.64,3.7,No
P03110,FL0410,2025-09-03,Dubai,Tokyo,Airbus A350,On Time,0,Economy,Mobile App,Leisure,Bronze,393.1,393.1,4.8,No
P03111,FL0411,2025-03-17,Sydney,Frankfurt,Airbus A350,On Time,0,Business,Website,Visiting Friends/Relatives,Gold,1016.83,1016.83,4.7,No
P03112,FL0412,2025-01-10,London,Paris,Boeing 787,On Time,0,Economy,Mobile App,Leisure,Bronze,474.34,474.34,4.6,No
P03113,FL0413,2025-12-20,Singapore,Bangkok,Airbus A350,On Time,0,Economy,Mobile App,Business,Silver,263.06,263.06,3.5,No
P03114,FL0414,2025-02-01,Sydney,Bangkok,Airbus A350,On Time,0,Economy,Travel Agent,Leisure,Silver,305.02,320.27,4.3,No
P03115,FL0415,2025-12-06,New York,Mumbai,Boeing 787,On Time,0,Business,Mobile App,Visiting Friends/Relatives,Bronze,1772.61,1772.61,3.7,No
P03116,FL0416,2025-08-24,Bangkok,Doha,Airbus A380,On Time,0,Business,Website,Leisure,Bronze,1324.48,1324.48,5,No
P03117,FL0417,2025-12-15,Bangkok,Toronto,Boeing 777,On Time,0,Economy,Mobile App,Leisure,Platinum,319.13,335.09,3.4,No
P03118,FL0418,2025-05-23,Doha,Paris,Airbus A380,On Time,0,Economy,Mobile App,Visiting Friends/Relatives,Silver,371.94,371.94,3.6,No
P03119,FL0419,2025-12-27,Mumbai,Paris,Airbus A350,On Time,0,Economy,Website,Leisure,Bronze,288.34,288.34,4.6,No
P03120,FL0420,2025-09-03,Paris,Frankfurt,Boeing 777,On Time,0,Premium Economy,Website,Business,Silver,600.92,600.92,3.9,Yes
P03121,FL0421,2025-03-04,Mumbai,Paris,Airbus A380,On Time,0,Economy,Mobile App,Visiting Friends/Relatives,Bronze,323.88,340.07,4.2,No
P03122,FL0422,2025-06-26,Frankfurt,Bangkok,Airbus A350,On Time,0,Economy,Website,Leisure,Bronze,261.12,261.12,4.6,No
P03123,FL0423,2025-06-27,Mumbai,Singapore,Boeing 787,On Time,0,Premium Economy,Corporate,Leisure,Bronze,528.43,528.43,4.7,No
P03124,FL0424,2025-04-14,Paris,Dubai,Airbus A380,On Time,0,Economy,Corporate,Leisure,Platinum,320.9,320.9,4.0,No
P03125,FL0425,2025-03-12,New York,Paris,Airbus A320,On Time,0,Business,Mobile App,Visiting Friends/Relatives,Gold,1978.78,1978.78,3.8,No
P03126,FL0426,2025-05-05,Sydney,Dubai,Airbus A320,On Time,0,Economy,Travel Agent,Business,Gold,246.31,246.31,4.0,No
P03127,FL0427,2025-11-23,New York,Dubai,Airbus A350,On Time,0,Economy,Travel Agent,Leisure,Silver,262.72,262.72,3.6,No
P03128,FL0428,2025-08-30,Frankfurt,Mumbai,Airbus A320,On Time,0,Economy,Mobile App,Business,Silver,506.21,506.21,4.7,No
P03129,FL0429,2025-10-09,Singapore,London,Airbus A350,On Time,0,Economy,Website,Business,Bronze,309.69,309.69,4.8,No
P03130,FL0430,2025-11-30,Paris,New York,Airbus A350,On Time,0,Business,Travel Agent,Visiting Friends/Relatives,Bronze,1794.81,1794.81,3.5,No
P03131,FL0431,2025-05-27,Mumbai,Frankfurt,Airbus A320,Delayed,31,Business,Mobile App,Leisure,Bronze,1756.49,1756.49,2.0,No
P03132,FL0432,2025-03-31,New York,London,Boeing 787,Delayed,26,Economy,Website,Leisure,Bronze,231.36,231.36,3.3,No
P03133,FL0433,2025-07-23,Singapore,London,Boeing 787,On Time,0,Economy,Website,Business,Bronze,272.4,272.4,4.4,No
P03134,FL0434,2025-01-05,Mumbai,London,Boeing 777,On Time,0,Economy,Website,Leisure,Bronze,246.63,246.63,4.3,No
P03135,FL0435,2025-05-26,London,Frankfurt,Boeing 787,Cancelled,0,Economy,Website,Business,Platinum,325.86,325.86,2.7,No
P03136,FL0436,2025-09-10,New York,Sydney,Airbus A350,Delayed,10,Economy,Website,Visiting Friends/Relatives,Platinum,385.41,404.68,3.6,No
P03137,FL0437,2025-03-25,London,Frankfurt,Boeing 787,On Time,0,Premium Economy,Website,Leisure,Bronze,715.8,751.59,4.3,No
P03138,FL0438,2025-06-22,Singapore,London,Boeing 777,On Time,0,Business,Travel Agent,Business,Gold,1142.63,1142.63,4.3,No
P03139,FL0439,2025-11-09,Doha,Dubai,Boeing 787,Delayed,19,Economy,Website,Leisure,Bronze,252.22,252.22,4.1,No
P03140,FL0440,2025-02-14,New York,Mumbai,Boeing 787,On Time,0,Economy,Website,Business,Silver,442.51,442.51,4.0,No
P03141,FL0441,2025-09-02,Singapore,Dubai,Boeing 777,Delayed,29,Economy,Travel Agent,Visiting Friends/Relatives,Gold,250.88,250.88,3.6,No
P03142,FL0442,2025-06-18,Paris,Mumbai,Boeing 777,On Time,0,Economy,Website,Business,Platinum,314.01,314.01,4.7,No
P03143,FL0443,2025-05-14,Sydney,London,Boeing 777,On Time,0,Business,Travel Agent,Visiting Friends/Relatives,Bronze,2096.25,2201.06,4.1,No
P03144,FL0444,2025-03-02,Dubai,Toronto,Boeing 787,On Time,0,Economy,Website,Visiting Friends/Relatives,Bronze,464.83,464.83,4.5,No
P03145,FL0445,2025-09-15,Frankfurt,Toronto,Boeing 777,On Time,0,Business,Website,Business,Gold,2253.74,2253.74,3.7,No
P03146,FL0446,2025-11-11,Mumbai,Frankfurt,Airbus A350,On Time,0,Economy,Website,Business,Platinum,372.63,372.63,3.0,No
P03147,FL0447,2025-03-20,Singapore,New York,Boeing 787,On Time,0,Economy,Website,Business,Silver,275.36,275.36,4.5,No
P03148,FL0448,2025-08-01,Sydney,Mumbai,Airbus A380,Delayed,18,Economy,Travel Agent,Visiting Friends/Relatives,Gold,211.74,222.33,3.6,No
P03149,FL0449,2025-04-22,New York,Toronto,Airbus A350,On Time,0,Economy,Corporate,Business,Silver,419.43,440.4,4.7,No
P03150,FL0450,2025-09-27,Sydney,Singapore,Boeing 787,On Time,0,Economy,Corporate,Leisure,Silver,320.05,336.05,3.2,No
P03151,FL0451,2025-10-16,Bangkok,Singapore,Airbus A320,On Time,0,Economy,Mobile App,Business,Bronze,175.57,175.57,4.2,No
P03152,FL0452,2025-04-14,New York,Sydney,Airbus A380,On Time,0,Economy,Website,Leisure,Silver,241.41,253.48,3.9,No
P03153,FL0453,2025-09-24,Singapore,Frankfurt,Boeing 787,On Time,0,Economy,Website,Visiting Friends/Relatives,Platinum,313.01,313.01,3.8,No
P03154,FL0454,2025-09-08,Doha,Tokyo,Airbus A320,Delayed,14,Business,Mobile App,Visiting Friends/Relatives,Gold,1959.37,1959.37,3.9,No
P03155,FL0455,2025-08-01,Singapore,Sydney,Boeing 787,On Time,0,Economy,Website,Leisure,Bronze,271.12,271.12,3.8,No
P03156,FL0456,2025-12-11,New York,Bangkok,Boeing 777,On Time,0,Premium Economy,Mobile App,Leisure,Platinum,1335.61,1335.61,4.9,No
P03157,FL0457,2025-01-02,Frankfurt,Paris,Airbus A350,On Time,0,Economy,Website,Leisure,Bronze,461.73,484.82,4.8,No
P03158,FL0458,2025-06-26,Dubai,Bangkok,Airbus A320,On Time,0,Economy,Mobile App,Leisure,Silver,382.57,382.57,4.7,No
P03159,FL0459,2025-08-30,Dubai,Singapore,Airbus A320,On Time,0,Economy,Website,Visiting Friends/Relatives,Bronze,332.28,332.28,4.8,No
P03160,FL0460,2025-11-25,Singapore,Dubai,Boeing 787,On Time,0,Premium Economy,Website,Leisure,Silver,1014.37,1014.37,4.0,No
P03161,FL0461,2025-07-13,Frankfurt,New York,Boeing 787,On Time,0,Economy,Website,Leisure,Silver,306.53,306.53,4.3,No
P03162,FL0462,2025-12-01,New York,Doha,Boeing 777,On Time,0,Business,Travel Agent,Visiting Friends/Relatives,Bronze,1201.48,1201.48,4.8,No
P03163,FL0463,2025-09-28,New York,Frankfurt,Airbus A350,On Time,0,Premium Economy,Corporate,Visiting Friends/Relatives,Bronze,570.45,570.45,4.8,No
P03164,FL0464,2025-01-12,Doha,London,Boeing 777,On Time,0,Premium Economy,Mobile App,Visiting Friends/Relatives,Gold,934.96,934.96,5,No
P03165,FL0465,2025-09-30,New York,Frankfurt,Boeing 787,Delayed,19,Economy,Website,Visiting Friends/Relatives,Silver,468.0,468.0,3.8,No
P03166,FL0466,2025-06-27,Doha,New York,Airbus A350,On Time,0,Economy,Mobile App,Leisure,Silver,340.66,357.69,3.8,No
P03167,FL0467,2025-12-05,London,Singapore,Boeing 787,On Time,0,Economy,Mobile App,Visiting Friends/Relatives,Gold,288.3,288.3,4.2,No
P03168,FL0468,2025-04-16,Dubai,Paris,Airbus A320,On Time,0,Economy,Website,Visiting Friends/Relatives,Bronze,191.03,191.03,4.3,No
P03169,FL0469,2025-11-03,Dubai,New York,Airbus A320,On Time,0,Economy,Website,Business,Silver,377.12,395.98,4.2,No
P03170,FL0470,2025-08-13,Dubai,Bangkok,Airbus A350,On Time,0,Economy,Corporate,Leisure,Gold,279.61,293.59,4.3,No
P03171,FL0471,2025-09-15,Dubai,Doha,Boeing 777,On Time,0,Economy,Mobile App,Visiting Friends/Relatives,Bronze,371.75,371.75,5,No
P03172,FL0472,2025-10-23,Sydney,Mumbai,Airbus A380,On Time,0,Economy,Mobile App,Leisure,Platinum,440.07,462.07,4.7,No
P03173,FL0473,2025-06-04,Bangkok,Dubai,Airbus A350,Cancelled,0,Economy,Mobile App,Visiting Friends/Relatives,Bronze,225.69,236.97,3.1,No
P03174,FL0474,2025-07-31,New York,Dubai,Boeing 777,On Time,0,Economy,Travel Agent,Leisure,Platinum,326.39,326.39,4.2,No
P03175,FL0475,2025-03-31,New York,Tokyo,Boeing 787,On Time,0,Economy,Mobile App,Leisure,Bronze,480.58,480.58,4.7,No
P03176,FL0476,2025-11-26,Dubai,Frankfurt,Boeing 787,Delayed,12,Business,Website,Visiting Friends/Relatives,Bronze,1495.23,1495.23,4.5,No
P03177,FL0477,2025-07-12,Singapore,Mumbai,Airbus A350,On Time,0,Economy,Mobile App,Leisure,Bronze,219.92,219.92,3.0,No
P03178,FL0478,2025-04-26,Paris,Dubai,Boeing 777,Delayed,29,Economy,Mobile App,Visiting Friends/Relatives,Silver,381.15,400.21,2.9,Yes
P03179,FL0479,2025-01-30,Singapore,New York,Airbus A380,On Time,0,Business,Website,Business,Bronze,2232.59,2232.59,3.7,No
P03180,FL0480,2025-09-29,Frankfurt,Sydney,Airbus A350,On Time,0,Economy,Mobile App,Leisure,Gold,339.91,339.91,4.6,No
P03181,FL0481,2025-06-19,Mumbai,Dubai,Airbus A320,Delayed,21,Economy,Website,Business,Bronze,329.03,345.48,3.8,No
P03182,FL0482,2025-05-18,Doha,London,Boeing 787,On Time,0,Economy,Mobile App,Leisure,Bronze,253.37,253.37,5,No
P03183,FL0483,2025-02-07,Sydney,London,Airbus A350,Delayed,13,First,Travel Agent,Leisure,Platinum,5719.83,5719.83,2.8,No
P03184,FL0484,2025-10-14,Sydney,Toronto,Airbus A350,On Time,0,First,Travel Agent,Business,Bronze,5061.66,5061.66,4.6,No
P03185,FL0485,2025-01-08,Bangkok,Paris,Airbus A350,Delayed,23,Business,Website,Business,Silver,1306.98,1306.98,3.1,No
P03186,FL0486,2025-12-23,Paris,Dubai,Airbus A380,On Time,0,Economy,Travel Agent,Business,Platinum,403.29,403.29,4.5,Yes
P03187,FL0487,2025-10-10,Frankfurt,Dubai,Boeing 777,On Time,0,Economy,Corporate,Visiting Friends/Relatives,Gold,424.18,424.18,4.5,No
P03188,FL0488,2025-10-01,Frankfurt,New York,Boeing 777,On Time,0,Economy,Mobile App,Business,Gold,332.0,332.0,4.5,No
P03189,FL0489,2025-09-12,Bangkok,Sydney,Boeing 787,On Time,0,Economy,Travel Agent,Visiting Friends/Relatives,Bronze,191.76,191.76,4.7,No
P03190,FL0490,2025-04-15,Paris,Frankfurt,Boeing 777,On Time,0,Economy,Mobile App,Leisure,Bronze,264.23,264.23,4.4,No
P03191,FL0491,2025-04-24,Dubai,Tokyo,Airbus A350,On Time,0,Economy,Mobile App,Leisure,Bronze,370.99,370.99,4.1,Yes
P03192,FL0492,2025-10-24,New York,Tokyo,Boeing 787,On Time,0,Business,Mobile App,Visiting Friends/Relatives,Platinum,1254.39,1254.39,4.7,No
P03193,FL0493,2025-04-28,Doha,Frankfurt,Boeing 787,On Time,0,Premium Economy,Mobile App,Leisure,Gold,577.9,577.9,4.6,No
P03194,FL0494,2025-10-09,Doha,New York,Boeing 777,On Time,0,Economy,Website,Business,Silver,437.51,437.51,4.1,No
P03195,FL0495,2025-09-09,Paris,Toronto,Boeing 787,On Time,0,Business,Website,Leisure,Bronze,1305.65,1370.93,5,No
P03196,FL0496,2025-03-13,Bangkok,Doha,Airbus A380,On Time,0,Economy,Mobile App,Leisure,Silver,332.75,349.39,3.9,No
P03197,FL0497,2025-01-31,New York,Toronto,Airbus A380,On Time,0,Economy,Corporate,Leisure,Gold,309.51,309.51,4.4,No
P03198,FL0498,2025-01-25,London,Toronto,Airbus A320,On Time,0,Economy,Website,Visiting Friends/Relatives,Bronze,452.58,475.21,3.3,No
P03199,FL0499,2025-12-29,Doha,Singapore,Airbus A350,On Time,0,Economy,Website,Leisure,Bronze,462.26,462.26,3.0,No
P03200,FL0500,2025-07-11,New York,Bangkok,Airbus A320,On Time,0,Economy,Website,Leisure,Bronze,325.72,325.72,4.0,No
P03201,FL0501,2025-12-04,Sydney,Bangkok,Boeing 787,On Time,0,Economy,Mobile App,Visiting Friends/Relatives,Silver,315.8,315.8,4.5,No
P03202,FL0502,2025-07-30,New York,Sydney,Airbus A320,On Time,0,Premium Economy,Travel Agent,Leisure,Bronze,1011.09,1061.64,5.0,No
P03203,FL0503,2025-05-27,Mumbai,Sydney,Airbus A320,On Time,0,Economy,Mobile App,Visiting Friends/Relatives,Silver,327.27,327.27,4.0,No
P03204,FL0504,2025-02-24,Frankfurt,Doha,Airbus A320,On Time,0,Premium Economy,Website,Leisure,Bronze,595.07,624.82,3.7,No
P03205,FL0505,2025-11-14,Doha,Paris,Airbus A380,On Time,0,Business,Travel Agent,Leisure,Gold,1702.15,1787.26,4.4,No
P03206,FL0506,2025-07-23,Bangkok,Paris,Airbus A320,On Time,0,First,Mobile App,Leisure,Bronze,5021.64,5021.64,4.1,No
P03207,FL0507,2025-10-17,Frankfurt,New York,Airbus A350,Cancelled,0,Economy,Mobile App,Visiting Friends/Relatives,Silver,359.61,359.61,2.3,No
P03208,FL0508,2025-12-17,Doha,Mumbai,Airbus A320,On Time,0,Economy,Mobile App,Business,Platinum,362.11,362.11,4.1,No
P03209,FL0509,2025-07-27,Dubai,Singapore,Boeing 787,On Time,0,Economy,Website,Visiting Friends/Relatives,Platinum,351.37,368.94,3.6,No
P03210,FL0510,2025-11-23,Paris,London,Airbus A320,On Time,0,Economy,Website,Visiting Friends/Relatives,Silver,521.63,547.71,4.1,No
P03211,FL0511,2025-08-11,London,New York,Boeing 777,On Time,0,Economy,Website,Business,Silver,226.06,226.06,3.9,No
P03212,FL0512,2025-01-22,London,Sydney,Airbus A350,On Time,0,Business,Website,Leisure,Gold,1396.46,1396.46,3.6,No
P03213,FL0513,2025-05-19,Sydney,Bangkok,Airbus A320,Delayed,16,Economy,Mobile App,Leisure,Platinum,269.4,269.4,3.4,Yes
P03214,FL0514,2025-10-16,Mumbai,Sydney,Airbus A320,On Time,0,Economy,Mobile App,Leisure,Bronze,304.9,304.9,4.9,No
P03215,FL0515,2025-04-17,Bangkok,London,Airbus A380,On Time,0,First,Mobile App,Visiting Friends/Relatives,Gold,5274.06,5274.06,4.8,No
P03216,FL0516,2025-06-03,Frankfurt,Singapore,Airbus A350,On Time,0,Economy,Corporate,Visiting Friends/Relatives,Gold,299.18,299.18,4.2,No
P03217,FL0517,2025-12-13,Sydney,Frankfurt,Airbus A380,On Time,0,Economy,Mobile App,Business,Bronze,274.02,274.02,4.8,No
P03218,FL0518,2025-09-14,Singapore,Doha,Boeing 777,On Time,0,Economy,Mobile App,Visiting Friends/Relatives,Gold,254.27,266.98,4.0,No
P03219,FL0519,2025-02-08,Frankfurt,Dubai,Boeing 777,On Time,0,Economy,Website,Leisure,Silver,348.78,348.78,4.0,No
P03220,FL0520,2025-07-23,Sydney,Tokyo,Boeing 777,On Time,0,Economy,Website,Leisure,Bronze,419.54,440.52,4.0,No
P03221,FL0521,2025-09-09,Mumbai,New York,Airbus A350,On Time,0,Business,Mobile App,Visiting Friends/Relatives,Silver,1736.94,1736.94,4.0,No
P03222,FL0522,2025-04-06,Frankfurt,Bangkok,Airbus A380,On Time,0,Economy,Website,Business,Silver,463.66,463.66,4.3,No
P03223,FL0523,2025-06-01,London,Tokyo,Airbus A350,On Time,0,Economy,Website,Visiting Friends/Relatives,Silver,384.23,384.23,4.3,No
P03224,FL0524,2025-03-20,London,Mumbai,Boeing 787,On Time,0,Economy,Travel Agent,Business,Platinum,277.04,277.04,4.2,No
P03225,FL0525,2025-06-12,Singapore,Bangkok,Boeing 777,On Time,0,Economy,Website,Leisure,Platinum,251.54,264.12,5,Yes
P03226,FL0526,2025-08-16,Dubai,Mumbai,Boeing 777,On Time,0,Business,Website,Leisure,Gold,1358.02,1425.92,4.8,Yes
P03227,FL0527,2025-02-14,London,Dubai,Airbus A350,On Time,0,Business,Website,Visiting Friends/Relatives,Platinum,1945.46,2042.73,4.3,No
P03228,FL0528,2025-09-20,New York,Sydney,Boeing 787,On Time,0,Business,Website,Leisure,Bronze,2418.41,2539.33,3.6,No
P03229,FL0529,2025-10-11,London,Frankfurt,Airbus A320,On Time,0,Business,Website,Business,Bronze,1719.1,1719.1,3.8,No
P03230,FL0530,2025-01-07,Bangkok,Frankfurt,Boeing 777,On Time,0,Premium Economy,Mobile App,Visiting Friends/Relatives,Bronze,751.1,751.1,4.1,No
P03231,FL0531,2025-05-05,London,Sydney,Airbus A380,On Time,0,Business,Mobile App,Leisure,Bronze,1949.58,1949.58,4.0,No
P03232,FL0532,2025-03-13,Frankfurt,Doha,Boeing 777,On Time,0,Economy,Mobile App,Business,Bronze,588.99,618.44,3.8,No
P03233,FL0533,2025-02-02,Paris,Doha,Airbus A350,On Time,0,Economy,Travel Agent,Business,Silver,275.71,275.71,4.2,No
P03234,FL0534,2025-09-05,Frankfurt,Paris,Airbus A320,On Time,0,Economy,Travel Agent,Leisure,Gold,328.99,328.99,4.0,No
P03235,FL0535,2025-09-11,Doha,Toronto,Airbus A380,On Time,0,Economy,Travel Agent,Business,Gold,310.37,325.89,4.1,No
P03236,FL0536,2025-03-11,Paris,Singapore,Boeing 777,On Time,0,Economy,Mobile App,Leisure,Silver,340.81,340.81,4.7,No
P03237,FL0537,2025-11-14,Frankfurt,Mumbai,Boeing 787,Delayed,12,Economy,Travel Agent,Leisure,Bronze,415.55,436.33,3.7,No
P03238,FL0538,2025-06-03,Sydney,Doha,Boeing 777,On Time,0,Economy,Mobile App,Business,Gold,265.7,265.7,3.9,No
P03239,FL0539,2025-06-10,Doha,New York,Airbus A350,Delayed,27,Economy,Mobile App,Visiting Friends/Relatives,Silver,568.41,568.41,4.5,No
P03240,FL0540,2025-12-22,Bangkok,Paris,Boeing 787,Delayed,20,Premium Economy,Website,Leisure,Silver,655.75,688.54,3.8,No
P03241,FL0541,2025-07-06,Mumbai,Bangkok,Airbus A320,Delayed,7,Business,Mobile App,Business,Silver,2104.68,2104.68,4.1,No
P03242,FL0542,2025-10-07,Doha,Tokyo,Airbus A350,On Time,0,Economy,Website,Leisure,Bronze,401.79,401.79,3.1,No
P03243,FL0543,2025-08-25,New York,London,Airbus A350,On Time,0,Economy,Mobile App,Leisure,Bronze,258.16,258.16,4.1,No
P03244,FL0544,2025-07-29,Mumbai,Singapore,Boeing 787,On Time,0,Economy,Corporate,Visiting Friends/Relatives,Silver,419.11,419.11,4.6,No
P03245,FL0545,2025-05-10,Mumbai,Dubai,Airbus A350,On Time,0,Economy,Travel Agent,Visiting Friends/Relatives,Silver,463.28,463.28,3.5,No
P03246,FL0546,2025-08-18,Frankfurt,Singapore,Airbus A380,On Time,0,Premium Economy,Website,Business,Gold,536.76,536.76,3.4,No
P03247,FL0547,2025-09-17,Frankfurt,Sydney,Boeing 787,On Time,0,Economy,Corporate,Visiting Friends/Relatives,Silver,265.08,278.33,4.7,No
P03248,FL0548,2025-11-01,Bangkok,Sydney,Airbus A320,On Time,0,Economy,Mobile App,Visiting Friends/Relatives,Silver,289.91,304.41,3.4,No
P03249,FL0549,2025-12-07,Doha,Toronto,Boeing 777,On Time,0,Business,Mobile App,Business,Silver,2029.12,2029.12,4.3,No
P03250,FL0550,2025-10-16,Sydney,London,Boeing 787,Delayed,7,Economy,Website,Visiting Friends/Relatives,Gold,267.76,267.76,3.2,No
P03251,FL0551,2025-02-20,London,Singapore,Boeing 777,On Time,0,Economy,Website,Leisure,Silver,295.48,295.48,4.3,No
P03252,FL0552,2025-10-25,New York,Sydney,Airbus A380,On Time,0,Economy,Travel Agent,Leisure,Bronze,257.04,257.04,4.6,No
P03253,FL0553,2025-08-26,Bangkok,Frankfurt,Airbus A380,On Time,0,Economy,Mobile App,Business,Bronze,319.45,335.42,4.7,No
P03254,FL0554,2025-01-13,Singapore,Frankfurt,Boeing 787,On Time,0,Premium Economy,Website,Visiting Friends/Relatives,Bronze,858.17,858.17,4.2,No
P03255,FL0555,2025-03-01,Frankfurt,Singapore,Airbus A350,On Time,0,First,Mobile App,Business,Bronze,5076.82,5076.82,4.1,No
P03256,FL0556,2025-04-16,Bangkok,New York,Airbus A380,On Time,0,Economy,Website,Business,Platinum,413.53,413.53,3.9,No
P03257,FL0557,2025-08-13,Paris,Singapore,Boeing 787,On Time,0,Economy,Corporate,Business,Bronze,454.81,454.81,3.6,No
P03258,FL0558,2025-12-30,Mumbai,London,Airbus A320,On Time,0,Premium Economy,Travel Agent,Leisure,Gold,1028.47,1079.89,4.4,No
P03259,FL0559,2025-02-25,Bangkok,Toronto,Airbus A350,Delayed,36,Economy,Website,Visiting Friends/Relatives,Bronze,287.04,287.04,3.1,No
P03260,FL0560,2025-03-31,Doha,Sydney,Airbus A380,On Time,0,Business,Mobile App,Business,Silver,1492.95,1492.95,4.4,No
P03261,FL0561,2025-08-25,New York,Frankfurt,Airbus A350,Delayed,12,Economy,Website,Business,Bronze,371.53,371.53,3.8,No
P03262,FL0562,2025-01-15,Frankfurt,Bangkok,Airbus A380,Delayed,12,Premium Economy,Mobile App,Business,Silver,522.97,522.97,3.2,Yes
P03263,FL0563,2025-08-08,Paris,Tokyo,Boeing 787,On Time,0,Economy,Travel Agent,Business,Silver,288.99,288.99,5,No
P03264,FL0564,2025-05-23,Doha,Paris,Airbus A320,On Time,0,Business,Mobile App,Leisure,Bronze,1777.08,1865.93,4.9,No
P03265,FL0565,2025-07-07,New York,Doha,Boeing 777,On Time,0,Business,Website,Leisure,Bronze,2539.45,2539.45,4.1,No
P03266,FL0566,2025-12-10,London,Mumbai,Boeing 787,On Time,0,Business,Mobile App,Leisure,Gold,2445.96,2445.96,4.7,No
P03267,FL0567,2025-07-18,Bangkok,Tokyo,Airbus A380,On Time,0,Economy,Corporate,Visiting Friends/Relatives,Silver,237.51,237.51,5,No
P03268,FL0568,2025-06-30,London,Frankfurt,Boeing 787,On Time,0,First,Travel Agent,Visiting Friends/Relatives,Bronze,6277.27,6277.27,4.5,No
P03269,FL0569,2025-10-30,Mumbai,Tokyo,Airbus A320,On Time,0,Economy,Mobile App,Leisure,Gold,406.33,406.33,3.8,No
P03270,FL0570,2025-05-03,Bangkok,Singapore,Boeing 777,On Time,0,Economy,Website,Leisure,Bronze,268.37,268.37,4.3,No
P03271,FL0571,2025-09-19,Bangkok,Doha,Boeing 787,On Time,0,Premium Economy,Travel Agent,Business,Bronze,597.49,597.49,4.2,No
P03272,FL0572,2025-07-16,Singapore,Tokyo,Boeing 787,On Time,0,Economy,Travel Agent,Business,Silver,314.18,314.18,4.8,No
P03273,FL0573,2025-03-30,New York,Toronto,Airbus A380,On Time,0,Business,Website,Visiting Friends/Relatives,Platinum,1724.45,1724.45,4.8,No
P03274,FL0574,2025-04-06,Mumbai,Doha,Boeing 777,Delayed,1,Economy,Mobile App,Visiting Friends/Relatives,Bronze,393.58,393.58,2.5,No
P03275,FL0575,2025-03-11,Dubai,New York,Airbus A350,Delayed,1,Business,Website,Visiting Friends/Relatives,Bronze,1344.11,1411.32,3.9,No
P03276,FL0576,2025-12-01,New York,Sydney,Boeing 787,On Time,0,Economy,Mobile App,Business,Silver,181.25,181.25,3.9,No
P03277,FL0577,2025-12-30,Paris,Bangkok,Boeing 787,On Time,0,Economy,Travel Agent,Visiting Friends/Relatives,Gold,325.61,325.61,4.5,No
P03278,FL0578,2025-01-16,London,Tokyo,Airbus A350,On Time,0,First,Corporate,Visiting Friends/Relatives,Platinum,3856.58,3856.58,4.0,No
P03279,FL0579,2025-10-03,Mumbai,Dubai,Boeing 777,On Time,0,Economy,Mobile App,Visiting Friends/Relatives,Gold,304.44,304.44,3.7,No
P03280,FL0580,2025-09-11,Paris,Tokyo,Airbus A380,On Time,0,Economy,Website,Leisure,Bronze,275.33,289.1,4.2,No
P03281,FL0581,2025-05-18,Sydney,Singapore,Airbus A380,Delayed,3,Economy,Website,Business,Silver,410.91,410.91,4.4,No
P03282,FL0582,2025-10-07,Dubai,New York,Airbus A350,Cancelled,0,Economy,Mobile App,Visiting Friends/Relatives,Gold,294.01,294.01,3.0,No
P03283,FL0583,2025-05-07,London,Toronto,Boeing 777,Delayed,34,Economy,Website,Visiting Friends/Relatives,Silver,550.82,578.36,3.8,No
P03284,FL0584,2025-05-15,Dubai,New York,Boeing 777,Delayed,38,Business,Website,Business,Silver,1816.48,1907.3,3.6,No
P03285,FL0585,2025-04-18,London,Paris,Airbus A380,On Time,0,Economy,Travel Agent,Leisure,Bronze,276.79,276.79,4.0,No
P03286,FL0586,2025-08-08,Sydney,Toronto,Airbus A350,On Time,0,Economy,Mobile App,Leisure,Bronze,224.97,236.22,3.5,No
P03287,FL0587,2025-01-31,Doha,Paris,Airbus A380,On Time,0,Business,Mobile App,Leisure,Gold,2265.67,2265.67,3.8,No
P03288,FL0588,2025-10-03,Mumbai,Tokyo,Airbus A350,On Time,0,Economy,Mobile App,Business,Silver,305.87,305.87,4.6,No
P03289,FL0589,2025-10-21,Mumbai,Paris,Boeing 777,Delayed,30,Economy,Website,Visiting Friends/Relatives,Gold,263.6,263.6,3.7,No
P03290,FL0590,2025-02-18,New York,Toronto,Airbus A350,Delayed,23,Business,Travel Agent,Leisure,Gold,2047.44,2047.44,3.5,No
P03291,FL0591,2025-03-06,Mumbai,Toronto,Airbus A350,On Time,0,Economy,Travel Agent,Business,Gold,161.71,161.71,4.3,No
P03292,FL0592,2025-12-13,Bangkok,Dubai,Boeing 787,On Time,0,Economy,Mobile App,Business,Platinum,349.48,349.48,4.7,No
P03293,FL0593,2025-05-18,Sydney,Toronto,Boeing 787,On Time,0,Business,Website,Visiting Friends/Relatives,Platinum,2275.29,2389.05,4.3,No
P03294,FL0594,2025-02-17,London,Toronto,Boeing 787,On Time,0,Premium Economy,Website,Visiting Friends/Relatives,Silver,760.14,760.14,4.0,No
P03295,FL0595,2025-08-21,Mumbai,Frankfurt,Boeing 787,On Time,0,Economy,Website,Visiting Friends/Relatives,Silver,301.29,316.35,4.2,No
P03296,FL0596,2025-08-23,Dubai,Singapore,Boeing 777,Delayed,1,Economy,Corporate,Business,Bronze,259.9,259.9,3.3,No
P03297,FL0597,2025-04-22,New York,Frankfurt,Boeing 787,Delayed,7,Economy,Travel Agent,Business,Platinum,200.51,200.51,3.4,No
P03298,FL0598,2025-10-08,Mumbai,Frankfurt,Airbus A380,On Time,0,Economy,Website,Leisure,Bronze,346.52,346.52,4.1,No
P03299,FL0599,2025-12-16,Paris,Frankfurt,Airbus A320,On Time,0,Premium Economy,Website,Leisure,Silver,585.93,585.93,4.0,No
P03300,FL0600,2025-03-05,Paris,London,Airbus A350,On Time,0,Business,Travel Agent,Visiting Friends/Relatives,Bronze,1487.45,1561.82,3.7,No
P03301,FL0601,2025-04-14,Dubai,Bangkok,Airbus A350,Delayed,18,Economy,Travel Agent,Business,Silver,499.09,499.09,3.4,No
P03302,FL0602,2025-05-21,Mumbai,Doha,Airbus A320,On Time,0,Economy,Mobile App,Visiting Friends/Relatives,Bronze,331.96,331.96,4.4,No
P03303,FL0603,2025-07-10,Mumbai,Singapore,Airbus A350,On Time,0,Economy,Mobile App,Leisure,Silver,230.33,230.33,4.1,No
P03304,FL0604,2025-08-08,Mumbai,Dubai,Airbus A320,On Time,0,Economy,Mobile App,Visiting Friends/Relatives,Silver,403.48,403.48,4.0,No
P03305,FL0605,2025-09-02,Dubai,Paris,Airbus A320,On Time,0,Economy,Travel Agent,Visiting Friends/Relatives,Silver,377.28,377.28,3.3,No
P03306,FL0606,2025-12-15,Doha,Sydney,Boeing 787,On Time,0,Economy,Travel Agent,Leisure,Silver,441.36,441.36,4.2,No
P03307,FL0607,2025-08-05,Bangkok,Singapore,Airbus A350,On Time,0,First,Website,Leisure,Bronze,6478.18,6802.09,3.8,No
P03308,FL0608,2025-02-15,Doha,Bangkok,Airbus A320,On Time,0,First,Corporate,Business,Silver,7330.49,7330.49,4.1,No
P03309,FL0609,2025-03-12,Bangkok,Paris,Boeing 787,On Time,0,Economy,Corporate,Business,Silver,522.88,522.88,3.4,No
P03310,FL0610,2025-12-13,Singapore,Toronto,Airbus A350,On Time,0,Economy,Mobile App,Business,Bronze,235.32,247.09,3.7,No
P03311,FL0611,2025-11-09,Sydney,London,Airbus A350,On Time,0,Economy,Corporate,Business,Platinum,188.65,188.65,4.7,No
P03312,FL0612,2025-03-19,Doha,Toronto,Boeing 787,On Time,0,Economy,Travel Agent,Leisure,Silver,485.93,485.93,5,No
P03313,FL0613,2025-02-14,Paris,Dubai,Airbus A320,On Time,0,Economy,Mobile App,Leisure,Silver,350.44,350.44,4.3,No
P03314,FL0614,2025-07-16,London,Tokyo,Boeing 777,Delayed,15,Economy,Travel Agent,Leisure,Bronze,190.83,190.83,3.2,No
P03315,FL0615,2025-02-13,Mumbai,Toronto,Airbus A350,On Time,0,Economy,Website,Leisure,Silver,318.27,318.27,4.9,No
P03316,FL0616,2025-05-26,Sydney,Tokyo,Airbus A320,Delayed,24,Economy,Mobile App,Leisure,Gold,264.12,277.33,3.6,No
P03317,FL0617,2025-09-23,Mumbai,Dubai,Airbus A380,On Time,0,Economy,Website,Leisure,Silver,274.71,274.71,3.8,No
P03318,FL0618,2025-11-27,Frankfurt,Paris,Airbus A320,Delayed,20,Economy,Travel Agent,Business,Bronze,321.36,321.36,3.0,No
P03319,FL0619,2025-05-04,Frankfurt,Singapore,Boeing 787,On Time,0,Business,Corporate,Business,Bronze,1984.66,1984.66,4.0,No
P03320,FL0620,2025-01-07,London,Sydney,Boeing 777,Delayed,9,Premium Economy,Mobile App,Business,Gold,986.3,986.3,3.6,No
P03321,FL0621,2025-10-19,Singapore,Bangkok,Boeing 787,On Time,0,Economy,Website,Leisure,Silver,236.58,236.58,4.8,No
P03322,FL0622,2025-02-07,Singapore,New York,Airbus A320,On Time,0,Economy,Website,Business,Bronze,451.68,451.68,3.9,No
P03323,FL0623,2025-04-21,Dubai,Mumbai,Airbus A320,Delayed,29,Economy,Website,Business,Bronze,387.41,387.41,3.6,No
P03324,FL0624,2025-12-31,Mumbai,Toronto,Airbus A380,On Time,0,Economy,Travel Agent,Business,Silver,452.58,452.58,4.0,No
P03325,FL0625,2025-02-12,Frankfurt,Bangkok,Airbus A380,On Time,0,Economy,Travel Agent,Business,Gold,446.89,446.89,4.1,No
P03326,FL0626,2025-02-12,Singapore,Mumbai,Boeing 777,On Time,0,Economy,Travel Agent,Leisure,Platinum,438.13,460.04,3.8,No
P03327,FL0627,2025-10-02,Doha,Dubai,Boeing 777,On Time,0,Economy,Mobile App,Visiting Friends/Relatives,Bronze,336.96,336.96,4.6,Yes
P03328,FL0628,2025-12-24,London,Mumbai,Boeing 787,On Time,0,Economy,Website,Visiting Friends/Relatives,Gold,264.23,264.23,3.5,No
P03329,FL0629,2025-05-06,Doha,London,Airbus A320,Delayed,14,Economy,Mobile App,Leisure,Bronze,332.53,349.16,2.8,No
P03330,FL0630,2025-11-10,London,New York,Airbus A380,On Time,0,Economy,Mobile App,Leisure,Silver,218.25,229.16,4.8,No
P03331,FL0631,2025-01-07,Singapore,Doha,Airbus A350,On Time,0,Premium Economy,Website,Business,Gold,1402.87,1402.87,4.5,No
P03332,FL0632,2025-06-27,Singapore,New York,Airbus A380,On Time,0,Premium Economy,Website,Business,Silver,961.7,1009.79,4.2,No
P03333,FL0633,2025-07-10,Mumbai,Doha,Airbus A350,On Time,0,Economy,Website,Visiting Friends/Relatives,Bronze,211.05,221.6,4.8,No
P03334,FL0634,2025-01-16,Mumbai,Singapore,Boeing 777,Delayed,17,Economy,Website,Leisure,Bronze,445.63,445.63,3.7,No
P03335,FL0635,2025-02-09,Sydney,Toronto,Boeing 787,On Time,0,Economy,Website,Leisure,Bronze,266.74,266.74,3.6,No
P03336,FL0636,2025-09-13,Bangkok,London,Airbus A380,On Time,0,Economy,Travel Agent,Visiting Friends/Relatives,Gold,194.86,194.86,4.7,No
P03337,FL0637,2025-02-22,Singapore,Mumbai,Airbus A380,On Time,0,Premium Economy,Travel Agent,Business,Platinum,1169.22,1169.22,4.2,No
P03338,FL0638,2025-09-18,London,Paris,Airbus A320,On Time,0,Economy,Mobile App,Business,Silver,330.35,330.35,3.8,No
P03339,FL0639,2025-01-24,Dubai,Paris,Boeing 787,On Time,0,Economy,Website,Business,Gold,186.45,186.45,4.4,No
P03340,FL0640,2025-01-19,Singapore,Dubai,Airbus A380,Delayed,22,Economy,Travel Agent,Visiting Friends/Relatives,Bronze,384.36,403.58,4.8,No
P03341,FL0641,2025-06-14,Frankfurt,Dubai,Airbus A350,On Time,0,Economy,Mobile App,Leisure,Bronze,336.28,336.28,4.6,No
P03342,FL0642,2025-02-09,Bangkok,Paris,Airbus A380,On Time,0,Economy,Website,Leisure,Silver,421.66,442.74,5,No
P03343,FL0643,2025-01-27,New York,Toronto,Airbus A350,On Time,0,Business,Travel Agent,Visiting Friends/Relatives,Platinum,1516.52,1516.52,3.2,No
P03344,FL0644,2025-07-25,New York,London,Airbus A320,Delayed,31,Economy,Mobile App,Visiting Friends/Relatives,Gold,215.67,226.45,3.8,No
P03345,FL0645,2025-02-14,Mumbai,Frankfurt,Airbus A380,On Time,0,Premium Economy,Mobile App,Business,Platinum,553.66,553.66,3.4,Yes
P03346,FL0646,2025-05-30,Bangkok,Dubai,Airbus A380,Delayed,2,Economy,Corporate,Business,Platinum,301.3,301.3,3.4,No
P03347,FL0647,2025-08-26,Sydney,Dubai,Boeing 777,On Time,0,Economy,Website,Leisure,Gold,358.14,358.14,4.4,No
P03348,FL0648,2025-10-07,Paris,Dubai,Airbus A350,On Time,0,Economy,Mobile App,Leisure,Silver,320.38,320.38,4.1,No
P03349,FL0649,2025-04-30,Frankfurt,London,Airbus A380,On Time,0,Premium Economy,Website,Business,Bronze,573.87,573.87,5,No
P03350,FL0650,2025-01-01,Dubai,Frankfurt,Boeing 787,Delayed,17,Economy,Website,Visiting Friends/Relatives,Bronze,478.65,502.58,3.2,No
P03351,FL0651,2025-08-03,New York,Dubai,Boeing 787,Delayed,12,Economy,Website,Business,Silver,297.0,311.85,3.7,No
P03352,FL0652,2025-02-17,Singapore,Mumbai,Airbus A320,Delayed,29,Business,Website,Visiting Friends/Relatives,Bronze,1251.68,1314.26,4.0,No
P03353,FL0653,2025-02-13,Bangkok,New York,Airbus A380,On Time,0,Economy,Website,Visiting Friends/Relatives,Bronze,523.13,523.13,4.0,No
P03354,FL0654,2025-07-21,Singapore,Toronto,Airbus A320,On Time,0,Economy,Website,Leisure,Gold,335.6,335.6,3.2,No
P03355,FL0655,2025-12-06,Dubai,Bangkok,Airbus A350,On Time,0,Economy,Travel Agent,Business,Bronze,406.51,406.51,5,No
P03356,FL0656,2025-07-21,Mumbai,Frankfurt,Boeing 777,On Time,0,Economy,Travel Agent,Visiting Friends/Relatives,Silver,379.05,379.05,4.1,No
P03357,FL0657,2025-02-08,Mumbai,Dubai,Airbus A350,On Time,0,First,Website,Business,Silver,4198.17,4198.17,3.7,No
P03358,FL0658,2025-03-21,Sydney,Singapore,Airbus A320,On Time,0,Economy,Mobile App,Leisure,Bronze,266.6,279.93,4.6,No
P03359,FL0659,2025-07-28,Paris,Frankfurt,Airbus A320,On Time,0,Economy,Website,Leisure,Silver,413.99,413.99,5,No
P03360,FL0660,2025-06-07,Doha,New York,Boeing 787,On Time,0,Economy,Travel Agent,Leisure,Bronze,368.62,368.62,3.6,No
P03361,FL0661,2025-03-22,London,Doha,Boeing 777,Delayed,9,Business,Website,Business,Gold,3118.14,3118.14,3.6,No
P03362,FL0662,2025-04-21,Sydney,London,Boeing 777,On Time,0,Economy,Mobile App,Visiting Friends/Relatives,Silver,297.87,297.87,4.6,No
P03363,FL0663,2025-07-22,Doha,Frankfurt,Airbus A380,On Time,0,First,Travel Agent,Leisure,Bronze,3771.94,3771.94,5,No
P03364,FL0664,2025-03-31,Mumbai,Paris,Airbus A320,Delayed,27,Business,Travel Agent,Business,Bronze,2542.01,2542.01,4.5,No
P03365,FL0665,2025-02-18,New York,Dubai,Boeing 787,On Time,0,Economy,Mobile App,Business,Silver,685.71,685.71,3.4,Yes
P03366,FL0666,2025-01-07,Singapore,Doha,Airbus A320,Delayed,5,Economy,Mobile App,Leisure,Bronze,231.01,231.01,4.0,No
P03367,FL0667,2025-04-12,Doha,Dubai,Boeing 787,On Time,0,Business,Mobile App,Business,Bronze,1737.83,1737.83,5.0,No
P03368,FL0668,2025-10-28,London,Tokyo,Boeing 777,Delayed,54,Economy,Corporate,Visiting Friends/Relatives,Bronze,221.1,221.1,3.1,No
P03369,FL0669,2025-08-16,Doha,Toronto,Airbus A350,On Time,0,Economy,Mobile App,Business,Bronze,211.9,211.9,5.0,No
P03370,FL0670,2025-01-22,Bangkok,Singapore,Boeing 787,On Time,0,Economy,Website,Business,Gold,262.28,262.28,3.2,No
P03371,FL0671,2025-07-22,Sydney,Frankfurt,Boeing 787,On Time,0,Economy,Travel Agent,Business,Bronze,210.59,210.59,4.2,No
P03372,FL0672,2025-07-01,Frankfurt,Doha,Airbus A350,Delayed,36,Economy,Website,Visiting Friends/Relatives,Bronze,203.14,203.14,3.6,Yes
P03373,FL0673,2025-08-17,Mumbai,Paris,Airbus A350,On Time,0,Business,Mobile App,Business,Gold,2006.57,2006.57,3.5,No
P03374,FL0674,2025-05-06,Sydney,Tokyo,Boeing 777,On Time,0,Business,Travel Agent,Visiting Friends/Relatives,Bronze,2159.66,2159.66,3.8,No
P03375,FL0675,2025-02-01,New York,Bangkok,Airbus A320,On Time,0,Economy,Mobile App,Visiting Friends/Relatives,Bronze,239.65,239.65,4.2,No
P03376,FL0676,2025-04-13,Singapore,Bangkok,Airbus A380,On Time,0,Economy,Mobile App,Business,Bronze,329.87,329.87,4.1,Yes
P03377,FL0677,2025-07-15,New York,London,Boeing 777,On Time,0,Economy,Mobile App,Leisure,Gold,378.41,397.33,4.8,No
P03378,FL0678,2025-10-17,Paris,Frankfurt,Airbus A380,On Time,0,Economy,Website,Leisure,Bronze,254.69,267.42,4.3,No
P03379,FL0679,2025-01-14,Mumbai,Doha,Boeing 777,On Time,0,Economy,Travel Agent,Leisure,Bronze,355.78,373.57,4.4,Yes
P03380,FL0680,2025-01-30,Dubai,Mumbai,Boeing 787,On Time,0,Economy,Travel Agent,Leisure,Bronze,263.73,263.73,4.8,No
P03381,FL0681,2025-03-23,Sydney,Dubai,Airbus A320,On Time,0,Business,Mobile App,Business,Silver,1949.54,1949.54,3.9,No
P03382,FL0682,2025-10-01,Doha,Mumbai,Airbus A320,On Time,0,Business,Mobile App,Business,Silver,1575.15,1575.15,3.9,No
P03383,FL0683,2025-07-18,Doha,Tokyo,Boeing 777,Delayed,25,Business,Mobile App,Business,Bronze,1233.26,1233.26,3.6,No
P03384,FL0684,2025-06-12,Doha,Tokyo,Boeing 777,Delayed,17,Economy,Mobile App,Leisure,Bronze,218.16,218.16,3.1,No
P03385,FL0685,2025-10-18,Dubai,Frankfurt,Airbus A380,On Time,0,Economy,Website,Leisure,Silver,251.75,264.34,4.3,No
P03386,FL0686,2025-10-05,Doha,New York,Boeing 777,On Time,0,Economy,Website,Visiting Friends/Relatives,Silver,233.7,245.38,3.9,No
P03387,FL0687,2025-01-29,Dubai,Singapore,Airbus A350,On Time,0,Economy,Website,Leisure,Gold,269.87,269.87,4.5,No
P03388,FL0688,2025-09-02,Dubai,Sydney,Airbus A320,On Time,0,Premium Economy,Website,Business,Gold,467.59,490.97,4.6,No
P03389,FL0689,2025-03-08,Sydney,Dubai,Boeing 777,On Time,0,Economy,Website,Leisure,Bronze,403.53,403.53,3.9,No
P03390,FL0690,2025-01-12,Bangkok,London,Airbus A350,On Time,0,Economy,Website,Visiting Friends/Relatives,Silver,312.29,312.29,3.7,No
P03391,FL0691,2025-09-27,Singapore,Doha,Boeing 777,Delayed,1,Economy,Website,Leisure,Bronze,480.77,504.81,3.4,No
P03392,FL0692,2025-02-21,Frankfurt,Tokyo,Boeing 777,On Time,0,Economy,Mobile App,Visiting Friends/Relatives,Silver,381.29,381.29,3.1,No
P03393,FL0693,2025-08-12,Singapore,Dubai,Boeing 787,On Time,0,Economy,Corporate,Leisure,Gold,378.2,378.2,4.5,No
P03394,FL0694,2025-12-22,Singapore,Sydney,Airbus A380,Delayed,38,Economy,Mobile App,Visiting Friends/Relatives,Gold,279.36,293.33,4.4,No
P03395,FL0695,2025-10-29,Doha,Toronto,Airbus A350,On Time,0,Economy,Mobile App,Visiting Friends/Relatives,Platinum,312.49,328.11,3.3,No
P03396,FL0696,2025-04-01,Mumbai,Doha,Airbus A320,Delayed,29,Economy,Mobile App,Leisure,Bronze,246.8,246.8,3.7,No
P03397,FL0697,2025-04-04,Sydney,London,Airbus A380,On Time,0,Economy,Mobile App,Leisure,Silver,241.88,241.88,4.0,No
P03398,FL0698,2025-11-24,Sydney,Dubai,Airbus A380,On Time,0,Economy,Mobile App,Visiting Friends/Relatives,Gold,335.49,352.26,4.3,No
P03399,FL0699,2025-06-19,Paris,Doha,Airbus A320,On Time,0,Economy,Website,Visiting Friends/Relatives,Bronze,353.8,353.8,3.5,No
P03400,FL0700,2025-11-22,Bangkok,Doha,Airbus A320,Delayed,14,Business,Website,Leisure,Bronze,2251.23,2251.23,4.6,No
P03401,FL0701,2025-01-06,Bangkok,New York,Boeing 777,On Time,0,Economy,Travel Agent,Leisure,Gold,292.0,306.6,4.6,No
P03402,FL0702,2025-05-12,London,Frankfurt,Airbus A320,On Time,0,Economy,Website,Visiting Friends/Relatives,Bronze,619.73,619.73,4.2,No
P03403,FL0703,2025-08-13,Dubai,Bangkok,Boeing 787,Delayed,28,Economy,Website,Leisure,Bronze,240.19,240.19,3.6,No
P03404,FL0704,2025-10-07,Frankfurt,Mumbai,Boeing 787,On Time,0,Economy,Travel Agent,Leisure,Gold,348.42,348.42,4.6,No
P03405,FL0705,2025-11-30,Paris,Tokyo,Airbus A350,On Time,0,Economy,Mobile App,Visiting Friends/Relatives,Silver,263.92,277.12,4.9,No
P03406,FL0706,2025-05-31,London,Singapore,Airbus A320,On Time,0,Economy,Corporate,Leisure,Silver,476.69,500.52,3.9,No
P03407,FL0707,2025-06-25,London,Doha,Airbus A350,Delayed,8,Premium Economy,Corporate,Leisure,Platinum,697.59,697.59,2.7,No
P03408,FL0708,2025-10-08,Singapore,Doha,Airbus A320,On Time,0,Business,Mobile App,Business,Silver,2064.75,2064.75,4.5,No
P03409,FL0709,2025-12-27,Sydney,Bangkok,Airbus A320,On Time,0,Economy,Website,Visiting Friends/Relatives,Platinum,369.58,369.58,3.4,No
P03410,FL0710,2025-08-11,Singapore,Tokyo,Airbus A350,On Time,0,Premium Economy,Mobile App,Leisure,Silver,503.79,503.79,4.7,No
P03411,FL0711,2025-04-08,Bangkok,Dubai,Boeing 787,On Time,0,Business,Website,Leisure,Bronze,1334.14,1400.85,3.9,No
P03412,FL0712,2025-12-05,New York,Paris,Boeing 777,On Time,0,Economy,Website,Leisure,Bronze,192.43,192.43,3.6,No
P03413,FL0713,2025-07-21,London,Singapore,Airbus A380,On Time,0,Economy,Travel Agent,Business,Bronze,445.54,467.82,3.9,No
P03414,FL0714,2025-01-28,Paris,Doha,Boeing 777,On Time,0,Economy,Website,Business,Bronze,290.4,290.4,3.0,No
P03415,FL0715,2025-12-05,London,Mumbai,Airbus A380,On Time,0,Economy,Website,Visiting Friends/Relatives,Gold,255.5,268.28,5,No
P03416,FL0716,2025-04-16,London,Singapore,Airbus A350,On Time,0,Economy,Travel Agent,Visiting Friends/Relatives,Bronze,310.08,310.08,3.8,No
P03417,FL0717,2025-03-01,London,New York,Boeing 777,Delayed,1,Economy,Website,Business,Bronze,216.54,227.37,4.5,No
P03418,FL0718,2025-11-25,Mumbai,Singapore,Airbus A380,On Time,0,Economy,Website,Business,Bronze,417.3,438.17,2.9,No
P03419,FL0719,2025-07-09,Bangkok,Frankfurt,Airbus A350,On Time,0,Economy,Corporate,Business,Bronze,439.67,439.67,4.8,No
P03420,FL0720,2025-08-27,Mumbai,New York,Boeing 777,On Time,0,Economy,Website,Visiting Friends/Relatives,Bronze,202.89,202.89,3.5,No
P03421,FL0721,2025-02-01,Mumbai,Tokyo,Airbus A350,On Time,0,Economy,Mobile App,Visiting Friends/Relatives,Gold,237.82,249.71,5,No
P03422,FL0722,2025-12-09,London,Doha,Boeing 777,Delayed,22,Economy,Mobile App,Leisure,Platinum,288.46,288.46,4.1,No
P03423,FL0723,2025-04-27,Frankfurt,Tokyo,Airbus A380,On Time,0,Economy,Travel Agent,Business,Bronze,290.67,290.67,4.7,No
P03424,FL0724,2025-08-03,Frankfurt,Sydney,Airbus A380,On Time,0,Economy,Mobile App,Leisure,Bronze,417.45,438.32,3.5,No
P03425,FL0725,2025-05-01,Paris,Tokyo,Boeing 787,On Time,0,Economy,Website,Leisure,Bronze,309.18,309.18,3.2,No
P03426,FL0726,2025-09-15,Frankfurt,London,Airbus A380,Delayed,23,Business,Mobile App,Leisure,Gold,1054.86,1054.86,3.9,No
P03427,FL0727,2025-03-03,Sydney,Doha,Boeing 787,On Time,0,Business,Corporate,Visiting Friends/Relatives,Gold,2246.68,2246.68,4.0,No
P03428,FL0728,2025-04-09,Singapore,Paris,Airbus A350,On Time,0,Economy,Corporate,Business,Bronze,262.3,262.3,3.6,No
P03429,FL0729,2025-08-11,London,Toronto,Airbus A350,Cancelled,0,Economy,Travel Agent,Visiting Friends/Relatives,Bronze,291.54,291.54,3.3,No
P03430,FL0730,2025-05-13,Singapore,Tokyo,Boeing 777,Delayed,1,Business,Mobile App,Visiting Friends/Relatives,Bronze,1206.87,1206.87,4.1,No
P03431,FL0731,2025-07-18,London,Doha,Airbus A380,On Time,0,Business,Travel Agent,Visiting Friends/Relatives,Silver,1449.75,1449.75,5,No
P03432,FL0732,2025-09-24,Bangkok,Paris,Boeing 787,Delayed,36,Economy,Website,Visiting Friends/Relatives,Bronze,238.85,238.85,2.4,No
P03433,FL0733,2025-08-03,Sydney,New York,Airbus A320,On Time,0,Economy,Corporate,Visiting Friends/Relatives,Bronze,336.19,336.19,4.3,No
P03434,FL0734,2025-10-29,Singapore,Tokyo,Airbus A380,On Time,0,Economy,Travel Agent,Visiting Friends/Relatives,Platinum,278.71,278.71,4.2,No
P03435,FL0735,2025-10-16,London,Doha,Airbus A320,Delayed,19,Business,Mobile App,Visiting Friends/Relatives,Bronze,1270.8,1270.8,3.5,No
P03436,FL0736,2025-07-30,New York,Mumbai,Boeing 777,On Time,0,Economy,Mobile App,Business,Platinum,455.96,455.96,5,No
P03437,FL0737,2025-11-08,Paris,Tokyo,Boeing 787,On Time,0,Economy,Travel Agent,Leisure,Platinum,345.98,345.98,4.0,No
P03438,FL0738,2025-03-15,Mumbai,Bangkok,Airbus A380,On Time,0,Economy,Mobile App,Leisure,Silver,377.32,377.32,4.0,No
P03439,FL0739,2025-07-22,Frankfurt,London,Boeing 777,On Time,0,Business,Website,Visiting Friends/Relatives,Silver,2354.77,2354.77,4.4,No
P03440,FL0740,2025-05-18,Dubai,New York,Boeing 777,On Time,0,Economy,Travel Agent,Business,Silver,611.22,611.22,3.5,No
P03441,FL0741,2025-05-24,Mumbai,Paris,Boeing 787,Delayed,5,Economy,Corporate,Leisure,Bronze,456.46,456.46,4.1,No
P03442,FL0742,2025-06-03,Doha,Dubai,Boeing 787,On Time,0,Business,Mobile App,Visiting Friends/Relatives,Bronze,2062.65,2062.65,3.9,No
P03443,FL0743,2025-08-02,Bangkok,Paris,Airbus A380,On Time,0,Economy,Website,Business,Gold,334.76,334.76,3.8,No
P03444,FL0744,2025-04-19,Doha,New York,Boeing 787,On Time,0,Premium Economy,Mobile App,Business,Bronze,714.47,714.47,4.5,No
P03445,FL0745,2025-01-29,New York,Mumbai,Airbus A380,Delayed,1,Business,Website,Leisure,Bronze,2494.02,2494.02,3.8,No
P03446,FL0746,2025-12-30,London,Mumbai,Airbus A380,On Time,0,Economy,Website,Leisure,Silver,396.09,396.09,3.7,No
P03447,FL0747,2025-01-15,New York,Tokyo,Airbus A350,On Time,0,Economy,Website,Visiting Friends/Relatives,Silver,198.39,198.39,5,No
P03448,FL0748,2025-05-08,Doha,London,Airbus A320,On Time,0,Economy,Corporate,Business,Silver,292.25,292.25,4.6,No
P03449,FL0749,2025-05-21,Bangkok,Dubai,Boeing 777,Delayed,1,Economy,Website,Leisure,Gold,244.08,244.08,4.4,No
P03450,FL0750,2025-01-16,London,Toronto,Airbus A350,On Time,0,Economy,Travel Agent,Visiting Friends/Relatives,Silver,186.03,186.03,5,No
P03451,FL0751,2025-04-01,Sydney,Bangkok,Boeing 787,On Time,0,Economy,Website,Visiting Friends/Relatives,Silver,451.72,451.72,4.1,No
P03452,FL0752,2025-03-25,Bangkok,Mumbai,Boeing 777,On Time,0,Economy,Website,Business,Silver,455.1,455.1,4.2,No
P03453,FL0753,2025-01-15,London,Mumbai,Boeing 787,On Time,0,Business,Website,Business,Bronze,1566.27,1566.27,4.6,No
P03454,FL0754,2025-04-24,Sydney,Dubai,Airbus A350,On Time,0,Economy,Mobile App,Leisure,Silver,421.76,442.85,5,No
P03455,FL0755,2025-07-29,Mumbai,Toronto,Airbus A380,On Time,0,Business,Corporate,Visiting Friends/Relatives,Gold,1729.85,1729.85,4.0,No
P03456,FL0756,2025-03-09,Dubai,New York,Airbus A350,On Time,0,Business,Website,Leisure,Silver,1445.74,1445.74,4.3,No
P03457,FL0757,2025-05-10,Dubai,Paris,Airbus A380,Delayed,17,Economy,Travel Agent,Business,Silver,310.98,310.98,4.3,No
P03458,FL0758,2025-05-21,Mumbai,Toronto,Boeing 787,Delayed,25,Economy,Travel Agent,Leisure,Bronze,255.91,255.91,3.9,No
P03459,FL0759,2025-06-04,Doha,New York,Airbus A380,Delayed,7,Economy,Website,Leisure,Silver,241.52,241.52,3.5,No
P03460,FL0760,2025-02-22,Frankfurt,Tokyo,Airbus A320,On Time,0,Economy,Mobile App,Leisure,Bronze,347.64,347.64,5,Yes
P03461,FL0761,2025-11-28,Bangkok,Sydney,Airbus A380,On Time,0,Economy,Mobile App,Visiting Friends/Relatives,Gold,263.65,276.83,5.0,No
P03462,FL0762,2025-02-25,Mumbai,Toronto,Boeing 787,On Time,0,Business,Travel Agent,Visiting Friends/Relatives,Silver,3303.68,3303.68,3.1,No
P03463,FL0763,2025-06-16,Mumbai,Toronto,Boeing 777,On Time,0,Economy,Mobile App,Leisure,Bronze,392.15,411.76,4.5,No
P03464,FL0764,2025-03-18,Mumbai,Dubai,Airbus A380,On Time,0,Business,Website,Leisure,Bronze,2002.45,2002.45,4.3,No
P03465,FL0765,2025-07-26,Dubai,Tokyo,Boeing 777,On Time,0,Economy,Mobile App,Leisure,Silver,400.24,400.24,5,No
P03466,FL0766,2025-09-12,Dubai,Toronto,Boeing 777,On Time,0,Business,Travel Agent,Business,Platinum,1873.36,1967.03,4.4,No
P03467,FL0767,2025-07-18,Frankfurt,Bangkok,Airbus A320,On Time,0,Economy,Website,Business,Gold,390.98,390.98,4.8,No
P03468,FL0768,2025-06-25,Sydney,Dubai,Airbus A350,On Time,0,Business,Mobile App,Visiting Friends/Relatives,Silver,1447.32,1447.32,3.8,No
P03469,FL0769,2025-07-03,Paris,Toronto,Airbus A380,On Time,0,Economy,Corporate,Visiting Friends/Relatives,Bronze,516.54,516.54,3.8,No
P03470,FL0770,2025-10-13,Singapore,Toronto,Airbus A350,On Time,0,Economy,Travel Agent,Visiting Friends/Relatives,Bronze,359.17,359.17,4.6,No
P03471,FL0771,2025-05-13,Paris,Doha,Airbus A380,On Time,0,Business,Website,Visiting Friends/Relatives,Gold,1388.24,1457.65,3.3,No
P03472,FL0772,2025-06-21,Singapore,Toronto,Airbus A320,On Time,0,Economy,Mobile App,Business,Gold,315.74,315.74,4.2,No
P03473,FL0773,2025-08-04,Doha,Mumbai,Boeing 777,On Time,0,Economy,Website,Business,Gold,426.71,426.71,5.0,No
P03474,FL0774,2025-08-26,Sydney,Paris,Airbus A320,On Time,0,Premium Economy,Travel Agent,Visiting Friends/Relatives,Silver,689.46,689.46,4.1,No
P03475,FL0775,2025-11-14,Sydney,Tokyo,Airbus A320,On Time,0,Premium Economy,Website,Visiting Friends/Relatives,Silver,600.71,600.71,5,Yes
P03476,FL0776,2025-03-03,Doha,Sydney,Boeing 787,On Time,0,Premium Economy,Travel Agent,Business,Platinum,636.65,636.65,4.4,No
P03477,FL0777,2025-03-19,Frankfurt,London,Airbus A350,Cancelled,0,Economy,Mobile App,Leisure,Gold,303.76,318.95,3.1,No
P03478,FL0778,2025-10-19,Bangkok,Frankfurt,Boeing 787,On Time,0,Business,Website,Visiting Friends/Relatives,Bronze,2315.35,2315.35,3.6,No
P03479,FL0779,2025-09-07,Singapore,Doha,Boeing 777,On Time,0,Economy,Website,Leisure,Silver,309.61,309.61,4.1,No
P03480,FL0780,2025-11-21,Singapore,Frankfurt,Airbus A320,On Time,0,Economy,Corporate,Visiting Friends/Relatives,Silver,372.35,372.35,3.8,No
P03481,FL0781,2025-03-28,Mumbai,Dubai,Airbus A380,On Time,0,Economy,Website,Business,Silver,373.29,373.29,4.3,No
P03482,FL0782,2025-03-08,Paris,Singapore,Airbus A380,On Time,0,Economy,Mobile App,Visiting Friends/Relatives,Bronze,320.37,320.37,4.4,No
P03483,FL0783,2025-08-08,Frankfurt,Bangkok,Boeing 787,On Time,0,Economy,Travel Agent,Leisure,Silver,338.59,355.52,4.7,No
P03484,FL0784,2025-04-13,Dubai,Sydney,Boeing 777,Delayed,33,Economy,Website,Leisure,Silver,319.75,319.75,3.4,No
P03485,FL0785,2025-01-10,New York,Dubai,Airbus A320,On Time,0,Business,Corporate,Visiting Friends/Relatives,Silver,1978.89,1978.89,3.9,No
P03486,FL0786,2025-12-22,Doha,Paris,Boeing 777,On Time,0,Economy,Website,Visiting Friends/Relatives,Gold,305.46,305.46,4.2,No
P03487,FL0787,2025-09-15,London,Bangkok,Airbus A380,On Time,0,Business,Travel Agent,Business,Gold,1972.14,1972.14,5.0,No
P03488,FL0788,2025-06-02,London,Singapore,Boeing 777,On Time,0,Economy,Website,Visiting Friends/Relatives,Gold,302.39,317.51,5,No
P03489,FL0789,2025-09-26,New York,Tokyo,Boeing 777,On Time,0,Premium Economy,Travel Agent,Business,Gold,536.71,536.71,3.2,No
P03490,FL0790,2025-09-08,Singapore,Frankfurt,Boeing 777,On Time,0,Economy,Travel Agent,Visiting Friends/Relatives,Bronze,387.86,387.86,3.8,No
P03491,FL0791,2025-01-10,Singapore,Bangkok,Airbus A350,On Time,0,Economy,Website,Visiting Friends/Relatives,Silver,348.42,365.84,3.9,No
P03492,FL0792,2025-01-12,Singapore,Paris,Airbus A380,On Time,0,Economy,Mobile App,Visiting Friends/Relatives,Silver,382.07,401.17,4.5,No
P03493,FL0793,2025-12-31,London,Frankfurt,Airbus A320,On Time,0,Premium Economy,Website,Leisure,Platinum,512.53,512.53,4.4,No
P03494,FL0794,2025-11-16,Mumbai,Sydney,Airbus A320,On Time,0,Economy,Mobile App,Business,Silver,204.76,204.76,4.3,No
P03495,FL0795,2025-02-25,Dubai,Toronto,Airbus A320,On Time,0,Economy,Mobile App,Leisure,Bronze,221.01,221.01,4.5,No
P03496,FL0796,2025-08-16,London,Bangkok,Boeing 787,On Time,0,Business,Mobile App,Business,Gold,1183.16,1183.16,4.9,No
P03497,FL0797,2025-12-26,Mumbai,New York,Airbus A350,On Time,0,Premium Economy,Mobile App,Leisure,Bronze,558.43,558.43,4.5,No
P03498,FL0798,2025-08-04,Dubai,Mumbai,Airbus A320,On Time,0,Economy,Mobile App,Business,Bronze,347.21,364.57,4.6,No
P03499,FL0799,2025-11-07,Mumbai,Tokyo,Airbus A350,On Time,0,Economy,Website,Leisure,Silver,295.3,310.06,5,No
P03500,FL0800,2025-11-13,London,Sydney,Airbus A320,On Time,0,Economy,Website,Visiting Friends/Relatives,Silver,459.77,482.76,3.8,No
P03501,FL0801,2025-04-12,London,New York,Airbus A380,On Time,0,Economy,Travel Agent,Business,Silver,270.68,270.68,5,No
P03502,FL0802,2025-04-14,Mumbai,Sydney,Boeing 777,On Time,0,Business,Mobile App,Leisure,Silver,1868.99,1868.99,4.1,No
P03503,FL0803,2025-01-21,Mumbai,Doha,Airbus A380,On Time,0,Premium Economy,Website,Visiting Friends/Relatives,Silver,631.73,631.73,4.2,No
P03504,FL0804,2025-06-19,Doha,New York,Airbus A350,On Time,0,Economy,Mobile App,Leisure,Platinum,347.74,365.13,3.6,No
P03505,FL0805,2025-10-21,London,Doha,Boeing 787,On Time,0,Economy,Travel Agent,Leisure,Silver,341.87,358.96,4.3,No
P03506,FL0806,2025-02-08,London,Sydney,Airbus A320,Delayed,5,Business,Corporate,Leisure,Gold,1536.03,1536.03,3.9,No
P03507,FL0807,2025-06-01,Doha,New York,Boeing 777,On Time,0,Economy,Mobile App,Business,Platinum,399.62,419.6,3.7,No
P03508,FL0808,2025-01-21,London,Dubai,Boeing 777,On Time,0,Economy,Website,Business,Bronze,255.86,268.65,4.3,No
P03509,FL0809,2025-03-01,Bangkok,Frankfurt,Airbus A320,Delayed,19,Economy,Mobile App,Business,Gold,348.64,348.64,5,No
P03510,FL0810,2025-11-28,Singapore,Toronto,Airbus A350,On Time,0,Economy,Mobile App,Leisure,Silver,293.47,293.47,3.8,No
P03511,FL0811,2025-05-18,Paris,Tokyo,Airbus A320,On Time,0,Business,Mobile App,Leisure,Silver,2965.13,2965.13,4.8,No
P03512,FL0812,2025-02-28,Bangkok,Doha,Boeing 787,On Time,0,Economy,Mobile App,Visiting Friends/Relatives,Silver,270.46,270.46,3.3,No
P03513,FL0813,2025-07-17,Paris,Mumbai,Boeing 787,Delayed,16,Economy,Mobile App,Visiting Friends/Relatives,Gold,296.9,296.9,3.5,No
P03514,FL0814,2025-03-09,Singapore,Doha,Airbus A320,Cancelled,0,Economy,Website,Leisure,Gold,455.12,477.88,3.3,No
P03515,FL0815,2025-08-02,Singapore,Doha,Airbus A380,On Time,0,Economy,Mobile App,Business,Bronze,316.67,316.67,4.5,No
P03516,FL0816,2025-08-13,Sydney,Toronto,Airbus A350,On Time,0,Economy,Website,Leisure,Gold,236.53,236.53,5,No
P03517,FL0817,2025-01-15,Bangkok,Tokyo,Airbus A350,On Time,0,Business,Website,Visiting Friends/Relatives,Gold,3567.4,3567.4,3.8,No
P03518,FL0818,2025-07-30,Paris,Singapore,Boeing 787,On Time,0,Premium Economy,Website,Business,Silver,458.88,481.82,4.3,No
P03519,FL0819,2025-06-10,Mumbai,Toronto,Airbus A320,On Time,0,Economy,Website,Business,Bronze,285.2,299.46,4.7,No
P03520,FL0820,2025-10-17,New York,Tokyo,Airbus A350,Cancelled,0,Premium Economy,Mobile App,Leisure,Gold,822.56,822.56,2.1,No
P03521,FL0821,2025-09-25,Bangkok,Sydney,Airbus A380,On Time,0,Premium Economy,Mobile App,Business,Silver,1086.1,1086.1,5.0,No
P03522,FL0822,2025-06-27,Doha,New York,Boeing 787,On Time,0,Economy,Travel Agent,Business,Gold,317.03,317.03,3.8,No
P03523,FL0823,2025-01-28,New York,Tokyo,Airbus A320,On Time,0,Premium Economy,Mobile App,Leisure,Bronze,515.42,515.42,3.8,No
P03524,FL0824,2025-08-29,Singapore,Sydney,Boeing 787,Delayed,30,Business,Corporate,Leisure,Silver,2386.97,2506.32,2.7,No
P03525,FL0825,2025-05-23,Doha,Frankfurt,Airbus A320,On Time,0,Business,Mobile App,Leisure,Bronze,2655.46,2655.46,2.7,No
P03526,FL0826,2025-07-13,New York,Toronto,Boeing 787,Delayed,24,Economy,Travel Agent,Business,Silver,132.97,132.97,3.6,No
P03527,FL0827,2025-08-16,London,New York,Airbus A380,On Time,0,Economy,Website,Leisure,Bronze,282.2,282.2,4.2,No
P03528,FL0828,2025-06-11,Paris,New York,Airbus A320,Cancelled,0,Economy,Mobile App,Visiting Friends/Relatives,Bronze,234.2,245.91,3.2,No
P03529,FL0829,2025-07-26,Dubai,Singapore,Boeing 787,On Time,0,Business,Travel Agent,Visiting Friends/Relatives,Silver,2124.7,2124.7,4.7,No
P03530,FL0830,2025-02-16,New York,London,Airbus A380,Delayed,1,Business,Mobile App,Business,Bronze,1764.85,1764.85,4.1,No
P03531,FL0831,2025-12-02,New York,Dubai,Boeing 787,Delayed,1,Economy,Website,Visiting Friends/Relatives,Bronze,381.4,400.47,3.7,No
P03532,FL0832,2025-04-25,Bangkok,London,Boeing 787,On Time,0,Economy,Mobile App,Leisure,Gold,527.18,527.18,3.7,No
P03533,FL0833,2025-08-31,Sydney,Tokyo,Boeing 777,On Time,0,Economy,Mobile App,Business,Gold,298.09,312.99,5,No
P03534,FL0834,2025-12-04,London,Doha,Airbus A350,On Time,0,Premium Economy,Website,Business,Gold,500.1,500.1,5,No
P03535,FL0835,2025-05-30,Bangkok,Toronto,Airbus A380,On Time,0,Economy,Mobile App,Visiting Friends/Relatives,Gold,306.24,306.24,5,No
P03536,FL0836,2025-03-26,London,Singapore,Boeing 787,On Time,0,Economy,Website,Leisure,Silver,562.51,562.51,4.0,No
P03537,FL0837,2025-05-11,Frankfurt,Singapore,Airbus A380,On Time,0,Premium Economy,Travel Agent,Leisure,Silver,667.03,667.03,4.4,No
P03538,FL0838,2025-04-21,London,Bangkok,Boeing 787,Delayed,21,Business,Mobile App,Leisure,Silver,1641.29,1641.29,3.3,No
P03539,FL0839,2025-11-21,Frankfurt,London,Airbus A380,On Time,0,Economy,Corporate,Visiting Friends/Relatives,Bronze,199.65,199.65,5,No
P03540,FL0840,2025-12-04,Paris,New York,Airbus A380,Delayed,28,Economy,Mobile App,Business,Silver,248.02,248.02,3.7,No
P03541,FL0841,2025-01-03,Singapore,New York,Airbus A380,On Time,0,Premium Economy,Mobile App,Business,Silver,505.48,505.48,3.3,Yes
P03542,FL0842,2025-10-27,New York,Frankfurt,Boeing 787,Delayed,23,Economy,Website,Leisure,Silver,287.22,287.22,4.3,No
P03543,FL0843,2025-03-07,Sydney,Doha,Airbus A320,On Time,0,Economy,Travel Agent,Business,Bronze,232.24,232.24,4.7,No
P03544,FL0844,2025-06-14,Sydney,Tokyo,Airbus A380,Delayed,1,Economy,Website,Visiting Friends/Relatives,Silver,335.78,352.57,4.8,No
P03545,FL0845,2025-12-21,Frankfurt,Tokyo,Airbus A350,On Time,0,Economy,Travel Agent,Leisure,Silver,463.2,463.2,4.4,No
P03546,FL0846,2025-08-20,Bangkok,Paris,Airbus A350,On Time,0,Economy,Website,Leisure,Silver,321.0,321.0,4.4,No
P03547,FL0847,2025-06-03,Sydney,New York,Airbus A380,Delayed,11,Economy,Travel Agent,Visiting Friends/Relatives,Silver,239.92,239.92,3.1,No
P03548,FL0848,2025-04-18,Doha,Paris,Airbus A380,On Time,0,Economy,Mobile App,Visiting Friends/Relatives,Gold,383.02,383.02,4.2,No
P03549,FL0849,2025-03-09,Bangkok,Toronto,Airbus A350,On Time,0,Economy,Website,Leisure,Gold,235.02,235.02,5,No
P03550,FL0850,2025-06-30,Bangkok,Singapore,Airbus A380,On Time,0,Premium Economy,Website,Leisure,Bronze,702.28,737.39,3.9,No
P03551,FL0851,2025-12-30,Sydney,Toronto,Boeing 787,On Time,0,Economy,Travel Agent,Leisure,Bronze,298.69,313.62,4.3,No
P03552,FL0852,2025-08-05,New York,Paris,Airbus A320,On Time,0,Economy,Website,Business,Bronze,235.49,247.26,5,No
P03553,FL0853,2025-03-16,Dubai,Bangkok,Airbus A320,On Time,0,Economy,Mobile App,Business,Silver,373.24,373.24,3.9,No
P03554,FL0854,2025-03-24,Doha,Mumbai,Boeing 777,On Time,0,Premium Economy,Website,Leisure,Bronze,637.06,668.91,4.3,No
P03555,FL0855,2025-12-20,Singapore,London,Boeing 777,On Time,0,Economy,Website,Visiting Friends/Relatives,Gold,311.29,311.29,4.6,No
P03556,FL0856,2025-07-03,New York,London,Boeing 787,On Time,0,Business,Mobile App,Visiting Friends/Relatives,Silver,1908.73,1908.73,3.8,No
P03557,FL0857,2025-11-28,New York,Dubai,Airbus A380,On Time,0,Economy,Website,Leisure,Gold,558.73,558.73,4.8,No
P03558,FL0858,2025-12-21,New York,Paris,Airbus A320,Delayed,1,First,Website,Leisure,Bronze,5200.7,5200.7,2.5,No
P03559,FL0859,2025-12-17,Frankfurt,Bangkok,Boeing 777,Delayed,36,Economy,Travel Agent,Leisure,Silver,381.24,381.24,4.0,No
P03560,FL0860,2025-08-15,Doha,Tokyo,Airbus A350,Delayed,24,Premium Economy,Website,Visiting Friends/Relatives,Gold,482.44,482.44,4.3,No
P03561,FL0861,2025-10-07,Bangkok,Tokyo,Airbus A380,On Time,0,Economy,Mobile App,Business,Gold,308.98,308.98,3.2,No
P03562,FL0862,2025-08-18,Doha,Mumbai,Airbus A350,Cancelled,0,Premium Economy,Website,Leisure,Bronze,801.86,801.86,3.1,No
P03563,FL0863,2025-03-30,London,Dubai,Airbus A380,On Time,0,Economy,Mobile App,Business,Bronze,197.39,197.39,3.5,No
P03564,FL0864,2025-05-23,Dubai,Bangkok,Airbus A380,On Time,0,Economy,Travel Agent,Leisure,Bronze,274.06,274.06,3.7,No
P03565,FL0865,2025-05-11,Singapore,Tokyo,Airbus A320,On Time,0,Economy,Mobile App,Business,Bronze,279.95,279.95,4.7,No
P03566,FL0866,2025-03-20,Singapore,London,Boeing 777,On Time,0,Premium Economy,Mobile App,Visiting Friends/Relatives,Silver,1098.12,1098.12,4.6,No
P03567,FL0867,2025-06-04,Sydney,Toronto,Boeing 787,Delayed,13,First,Website,Leisure,Gold,4875.19,4875.19,3.3,No
P03568,FL0868,2025-04-23,Bangkok,Sydney,Airbus A350,On Time,0,Economy,Website,Business,Gold,402.48,402.48,3.0,No
P03569,FL0869,2025-08-01,New York,Doha,Airbus A380,On Time,0,Economy,Travel Agent,Leisure,Silver,231.09,242.64,4.3,No
P03570,FL0870,2025-04-24,London,Frankfurt,Airbus A350,On Time,0,Economy,Mobile App,Visiting Friends/Relatives,Silver,321.53,321.53,4.3,No
P03571,FL0871,2025-05-31,Bangkok,Mumbai,Airbus A350,Delayed,16,Economy,Mobile App,Business,Gold,441.37,441.37,3.0,No
P03572,FL0872,2025-09-01,Sydney,New York,Airbus A380,Delayed,19,First,Travel Agent,Leisure,Silver,3958.56,3958.56,4.1,No
P03573,FL0873,2025-05-04,Bangkok,New York,Airbus A380,Delayed,17,Economy,Travel Agent,Visiting Friends/Relatives,Bronze,265.66,278.94,3.4,No
P03574,FL0874,2025-12-16,Doha,London,Boeing 777,On Time,0,Economy,Website,Visiting Friends/Relatives,Silver,312.32,312.32,3.9,No
P03575,FL0875,2025-05-12,London,Bangkok,Airbus A380,On Time,0,Economy,Mobile App,Business,Silver,488.67,488.67,5,No
P03576,FL0876,2025-07-11,Dubai,Sydney,Airbus A380,Delayed,14,Business,Travel Agent,Visiting Friends/Relatives,Bronze,1353.22,1353.22,4.4,No
P03577,FL0877,2025-09-21,Doha,Frankfurt,Airbus A320,Delayed,19,Economy,Corporate,Visiting Friends/Relatives,Silver,232.81,232.81,2.8,No
P03578,FL0878,2025-10-01,Singapore,Sydney,Airbus A320,On Time,0,Economy,Website,Business,Silver,333.68,350.36,4.3,No
P03579,FL0879,2025-11-19,Doha,Toronto,Airbus A350,Delayed,13,Economy,Website,Visiting Friends/Relatives,Silver,266.62,279.95,3.6,No
P03580,FL0880,2025-11-28,New York,Frankfurt,Airbus A320,On Time,0,Premium Economy,Website,Leisure,Bronze,998.03,998.03,5,No
P03581,FL0881,2025-08-24,Singapore,London,Boeing 777,On Time,0,Economy,Travel Agent,Visiting Friends/Relatives,Bronze,318.42,334.34,3.9,No
P03582,FL0882,2025-04-02,London,Singapore,Boeing 777,On Time,0,Economy,Website,Leisure,Silver,371.87,371.87,4.6,No
P03583,FL0883,2025-05-13,Sydney,Dubai,Boeing 787,On Time,0,Economy,Mobile App,Business,Bronze,232.08,232.08,3.8,No
P03584,FL0884,2025-06-11,Frankfurt,Bangkok,Airbus A320,On Time,0,Premium Economy,Website,Business,Bronze,507.36,507.36,3.9,Yes
P03585,FL0885,2025-01-04,London,Sydney,Airbus A380,On Time,0,Business,Website,Leisure,Gold,2173.4,2282.07,4.1,No
P03586,FL0886,2025-12-25,Sydney,London,Airbus A320,On Time,0,Economy,Travel Agent,Visiting Friends/Relatives,Silver,276.85,276.85,4.7,No
P03587,FL0887,2025-05-29,New York,Singapore,Boeing 777,On Time,0,Economy,Website,Business,Platinum,260.29,260.29,3.9,No
P03588,FL0888,2025-07-15,Mumbai,New York,Boeing 787,Delayed,20,Economy,Mobile App,Leisure,Bronze,232.21,232.21,4.1,No
P03589,FL0889,2025-03-22,Dubai,New York,Airbus A380,On Time,0,Economy,Website,Leisure,Silver,567.44,567.44,4.1,No
P03590,FL0890,2025-06-01,Frankfurt,Sydney,Airbus A350,On Time,0,Economy,Travel Agent,Visiting Friends/Relatives,Silver,298.82,298.82,4.1,No
P03591,FL0891,2025-10-11,Bangkok,London,Airbus A380,On Time,0,Business,Travel Agent,Visiting Friends/Relatives,Silver,1483.09,1557.24,4.3,No
P03592,FL0892,2025-10-21,Dubai,London,Airbus A380,On Time,0,Business,Website,Visiting Friends/Relatives,Platinum,1493.39,1493.39,4.0,No
P03593,FL0893,2025-06-06,New York,Singapore,Airbus A350,On Time,0,Economy,Mobile App,Visiting Friends/Relatives,Platinum,458.5,481.43,3.9,No
P03594,FL0894,2025-07-31,Bangkok,Dubai,Airbus A380,On Time,0,Economy,Mobile App,Visiting Friends/Relatives,Platinum,373.16,373.16,4.5,No
P03595,FL0895,2025-11-12,Singapore,Paris,Boeing 777,On Time,0,Economy,Website,Business,Bronze,390.29,390.29,3.3,No
P03596,FL0896,2025-10-18,Singapore,Toronto,Airbus A320,Delayed,53,Economy,Corporate,Business,Platinum,343.51,343.51,3.6,No
P03597,FL0897,2025-10-09,Paris,Toronto,Airbus A320,On Time,0,Economy,Travel Agent,Business,Gold,358.29,376.2,4.3,No
P03598,FL0898,2025-02-20,London,Mumbai,Airbus A350,On Time,0,Premium Economy,Website,Business,Bronze,552.28,552.28,4.9,No
P03599,FL0899,2025-07-02,Paris,Frankfurt,Airbus A350,On Time,0,Economy,Mobile App,Business,Bronze,266.22,266.22,4.5,No
P03600,FL0900,2025-05-26,Doha,Singapore,Airbus A380,On Time,0,Economy,Travel Agent,Leisure,Gold,341.36,341.36,5,No
P03601,FL0001,2025-05-21,London,Singapore,Airbus A350,On Time,0,Economy,Website,Leisure,Silver,226.58,226.58,4.3,No
P03602,FL0002,2025-10-07,London,Toronto,Airbus A320,On Time,0,Economy,Travel Agent,Visiting Friends/Relatives,Platinum,269.58,269.58,4.5,No
P03603,FL0003,2025-02-17,Dubai,London,Airbus A350,On Time,0,Premium Economy,Mobile App,Leisure,Bronze,471.84,495.43,4.5,No
P03604,FL0004,2025-10-15,Sydney,London,Airbus A350,On Time,0,Economy,Mobile App,Business,Silver,305.35,305.35,3.9,No
P03605,FL0005,2025-04-23,New York,Frankfurt,Boeing 787,On Time,0,Economy,Travel Agent,Visiting Friends/Relatives,Gold,318.07,333.97,3.6,No
P03606,FL0006,2025-12-24,Dubai,Doha,Boeing 787,On Time,0,Premium Economy,Mobile App,Business,Gold,576.48,576.48,3.5,No
P03607,FL0007,2025-06-22,Singapore,Paris,Airbus A320,On Time,0,Business,Website,Visiting Friends/Relatives,Bronze,1444.52,1444.52,4.8,No
P03608,FL0008,2025-06-26,London,Frankfurt,Airbus A380,On Time,0,Economy,Website,Visiting Friends/Relatives,Silver,304.02,304.02,3.1,No
P03609,FL0009,2025-10-02,Dubai,New York,Airbus A320,Cancelled,0,Premium Economy,Mobile App,Leisure,Bronze,787.35,787.35,3.2,No
P03610,FL0010,2025-10-10,Frankfurt,Singapore,Boeing 777,Delayed,1,Economy,Mobile App,Leisure,Gold,385.77,385.77,4.3,No
P03611,FL0011,2025-12-27,Sydney,Dubai,Airbus A320,On Time,0,Economy,Website,Visiting Friends/Relatives,Bronze,298.84,298.84,3.8,No
P03612,FL0012,2025-02-10,Doha,Mumbai,Airbus A350,Delayed,1,Economy,Mobile App,Leisure,Platinum,383.27,402.43,4.3,No
P03613,FL0013,2025-08-21,Frankfurt,Paris,Boeing 777,On Time,0,Business,Travel Agent,Business,Bronze,1989.71,1989.71,5,No
P03614,FL0014,2025-12-10,Bangkok,Dubai,Boeing 777,On Time,0,Economy,Website,Leisure,Silver,477.84,477.84,4.4,No
P03615,FL0015,2025-11-22,London,Tokyo,Airbus A350,On Time,0,Economy,Website,Business,Platinum,282.67,296.8,4.1,No
P03616,FL0016,2025-08-25,Doha,Dubai,Boeing 787,On Time,0,Economy,Website,Visiting Friends/Relatives,Bronze,617.27,617.27,4.4,Yes
P03617,FL0017,2025-12-17,New York,Dubai,Boeing 777,Delayed,19,Economy,Website,Business,Silver,262.88,262.88,3.8,No
P03618,FL0018,2025-07-25,Dubai,Frankfurt,Boeing 777,On Time,0,Economy,Travel Agent,Leisure,Bronze,318.73,318.73,4.7,No
P03619,FL0019,2025-04-19,Sydney,Mumbai,Boeing 787,On Time,0,Business,Mobile App,Business,Bronze,1119.59,1119.59,5,No
P03620,FL0020,2025-05-16,Paris,Doha,Airbus A350,On Time,0,Economy,Mobile App,Leisure,Bronze,268.62,268.62,3.6,No
P03621,FL0021,2025-05-15,New York,Sydney,Airbus A380,On Time,0,Economy,Website,Leisure,Silver,315.6,315.6,3.6,No
P03622,FL0022,2025-07-05,Sydney,Frankfurt,Airbus A350,Cancelled,0,Business,Website,Business,Gold,1008.55,1008.55,2.3,No
P03623,FL0023,2025-09-10,Singapore,Sydney,Airbus A320,On Time,0,Economy,Mobile App,Visiting Friends/Relatives,Bronze,396.26,416.07,3.8,No
P03624,FL0024,2025-11-18,London,Dubai,Airbus A350,Delayed,9,Economy,Mobile App,Visiting Friends/Relatives,Gold,373.54,373.54,3.8,No
P03625,FL0025,2025-02-02,Frankfurt,Tokyo,Boeing 787,On Time,0,Economy,Travel Agent,Business,Bronze,278.86,292.8,4.1,No
P03626,FL0026,2025-05-09,Paris,Sydney,Airbus A380,Delayed,37,Economy,Mobile App,Business,Platinum,216.56,216.56,4.1,No
P03627,FL0027,2025-11-25,New York,Paris,Boeing 777,On Time,0,Economy,Travel Agent,Business,Silver,242.64,242.64,4.4,No
P03628,FL0028,2025-08-21,Frankfurt,Doha,Airbus A320,Delayed,19,Economy,Travel Agent,Visiting Friends/Relatives,Platinum,448.07,448.07,4.0,No
P03629,FL0029,2025-04-02,Mumbai,Sydney,Airbus A380,Delayed,24,Economy,Corporate,Visiting Friends/Relatives,Silver,314.82,314.82,2.8,No
P03630,FL0030,2025-04-12,New York,Tokyo,Airbus A350,On Time,0,Economy,Website,Visiting Friends/Relatives,Bronze,320.44,320.44,4.7,No
P03631,FL0031,2025-09-29,Singapore,Sydney,Airbus A320,On Time,0,Economy,Travel Agent,Business,Bronze,249.76,262.25,4.9,No
P03632,FL0032,2025-02-27,Paris,London,Boeing 777,Delayed,10,Economy,Mobile App,Business,Bronze,239.57,239.57,4.1,No
P03633,FL0033,2025-01-30,Mumbai,Dubai,Airbus A350,Delayed,22,Economy,Website,Leisure,Gold,212.31,212.31,3.5,No
P03634,FL0034,2025-09-30,Paris,Singapore,Airbus A350,On Time,0,Economy,Website,Leisure,Bronze,287.3,287.3,4.5,No
P03635,FL0035,2025-03-26,Paris,Sydney,Boeing 777,On Time,0,Economy,Mobile App,Business,Platinum,273.99,273.99,4.8,No
P03636,FL0036,2025-04-19,Sydney,Frankfurt,Airbus A380,On Time,0,Economy,Mobile App,Business,Gold,391.24,410.8,3.3,No
P03637,FL0037,2025-07-24,Doha,Mumbai,Boeing 777,On Time,0,Economy,Travel Agent,Visiting Friends/Relatives,Bronze,228.99,240.44,4.3,No
P03638,FL0038,2025-03-03,New York,Bangkok,Airbus A350,On Time,0,Premium Economy,Website,Visiting Friends/Relatives,Bronze,787.97,787.97,4.7,No
P03639,FL0039,2025-10-29,Bangkok,London,Airbus A380,On Time,0,Economy,Website,Visiting Friends/Relatives,Platinum,228.57,228.57,4.5,No
P03640,FL0040,2025-02-06,Doha,London,Airbus A320,On Time,0,Economy,Travel Agent,Business,Bronze,721.99,721.99,4.0,No
P03641,FL0041,2025-02-06,Dubai,Frankfurt,Airbus A380,On Time,0,Economy,Website,Leisure,Platinum,316.76,316.76,3.2,No
P03642,FL0042,2025-10-04,Paris,Dubai,Airbus A350,On Time,0,Business,Mobile App,Leisure,Silver,1884.28,1884.28,4.3,No
P03643,FL0043,2025-08-31,Sydney,Tokyo,Airbus A350,Delayed,16,Economy,Mobile App,Business,Platinum,316.27,316.27,3.7,No
P03644,FL0044,2025-02-18,Frankfurt,Dubai,Airbus A320,On Time,0,Economy,Mobile App,Business,Bronze,195.53,195.53,3.5,No
P03645,FL0045,2025-07-30,Bangkok,Frankfurt,Boeing 787,Delayed,34,Economy,Mobile App,Visiting Friends/Relatives,Gold,303.33,303.33,3.0,No
P03646,FL0046,2025-07-26,London,Singapore,Boeing 777,Delayed,23,Economy,Website,Leisure,Gold,236.05,236.05,3.4,No
P03647,FL0047,2025-04-09,London,Paris,Airbus A350,On Time,0,Economy,Website,Business,Platinum,291.69,306.27,4.2,No
P03648,FL0048,2025-04-04,Singapore,Bangkok,Boeing 777,On Time,0,Premium Economy,Website,Visiting Friends/Relatives,Bronze,723.37,723.37,4.0,No
P03649,FL0049,2025-10-09,London,New York,Airbus A320,On Time,0,Economy,Travel Agent,Business,Bronze,351.91,351.91,4.2,No
P03650,FL0050,2025-02-17,New York,London,Airbus A350,On Time,0,Economy,Mobile App,Business,Gold,353.11,353.11,4.9,No
P03651,FL0051,2025-04-20,Paris,New York,Boeing 787,Delayed,18,Economy,Mobile App,Business,Bronze,276.75,276.75,3.5,Yes
P03652,FL0052,2025-08-21,Frankfurt,Paris,Boeing 777,On Time,0,Economy,Travel Agent,Visiting Friends/Relatives,Bronze,379.94,398.94,4.5,No
P03653,FL0053,2025-09-07,New York,Toronto,Airbus A350,On Time,0,Economy,Mobile App,Business,Bronze,446.52,446.52,5,No
P03654,FL0054,2025-10-24,Doha,London,Airbus A380,On Time,0,Business,Mobile App,Business,Silver,1589.31,1668.78,4.0,No
P03655,FL0055,2025-01-26,Bangkok,London,Airbus A380,On Time,0,Economy,Website,Business,Gold,257.36,257.36,4.3,No
P03656,FL0056,2025-01-30,New York,Doha,Airbus A380,On Time,0,Economy,Mobile App,Leisure,Bronze,252.45,252.45,3.4,No
P03657,FL0057,2025-11-01,Singapore,Doha,Airbus A320,On Time,0,Economy,Corporate,Leisure,Bronze,232.65,232.65,4.5,No
P03658,FL0058,2025-03-03,Doha,Bangkok,Airbus A380,On Time,0,Economy,Website,Visiting Friends/Relatives,Silver,345.45,345.45,3.3,Yes
P03659,FL0059,2025-11-14,Sydney,London,Airbus A320,On Time,0,Economy,Corporate,Visiting Friends/Relatives,Silver,427.49,448.86,5,Yes
P03660,FL0060,2025-09-25,Sydney,Tokyo,Boeing 777,Delayed,18,Economy,Mobile App,Leisure,Silver,438.28,438.28,4.2,No
P03661,FL0061,2025-06-10,Doha,Toronto,Airbus A350,On Time,0,Premium Economy,Corporate,Leisure,Platinum,574.94,574.94,3.9,No
P03662,FL0062,2025-11-27,Singapore,Toronto,Boeing 777,On Time,0,Economy,Mobile App,Visiting Friends/Relatives,Bronze,308.71,308.71,4.7,No
P03663,FL0063,2025-08-23,London,Singapore,Airbus A380,Cancelled,0,First,Website,Leisure,Silver,3432.09,3432.09,2.9,No
P03664,FL0064,2025-10-03,London,Doha,Airbus A350,On Time,0,Economy,Website,Business,Bronze,436.82,436.82,3.7,No
P03665,FL0065,2025-02-05,Singapore,Frankfurt,Airbus A350,On Time,0,Business,Website,Leisure,Silver,1480.46,1480.46,3.8,No
P03666,FL0066,2025-10-06,Singapore,New York,Boeing 777,On Time,0,Economy,Website,Business,Platinum,278.06,278.06,4.3,No
P03667,FL0067,2025-12-08,New York,London,Airbus A380,On Time,0,Economy,Website,Business,Silver,267.27,280.63,4.2,No
P03668,FL0068,2025-05-16,London,Dubai,Airbus A320,Delayed,17,Business,Travel Agent,Business,Silver,1609.2,1609.2,3.4,No
P03669,FL0069,2025-04-18,Mumbai,Tokyo,Boeing 777,On Time,0,Economy,Mobile App,Visiting Friends/Relatives,Silver,310.89,310.89,5,No
P03670,FL0070,2025-09-08,Mumbai,Sydney,Boeing 777,Delayed,11,Economy,Mobile App,Visiting Friends/Relatives,Silver,350.18,367.69,3.1,No
P03671,FL0071,2025-11-21,Dubai,Singapore,Boeing 787,Delayed,28,Economy,Website,Leisure,Gold,295.57,295.57,4.3,No
P03672,FL0072,2025-05-15,Singapore,Toronto,Airbus A350,On Time,0,Economy,Mobile App,Business,Gold,486.3,510.62,5.0,No
P03673,FL0073,2025-10-15,New York,Frankfurt,Airbus A320,On Time,0,First,Mobile App,Leisure,Bronze,4917.16,4917.16,3.5,No
P03674,FL0074,2025-01-19,Singapore,Sydney,Boeing 777,On Time,0,Economy,Mobile App,Visiting Friends/Relatives,Silver,339.75,339.75,3.8,No
P03675,FL0075,2025-03-07,Singapore,Bangkok,Airbus A320,On Time,0,Economy,Travel Agent,Business,Bronze,352.26,352.26,4.6,No
P03676,FL0076,2025-04-18,Dubai,Frankfurt,Airbus A350,On Time,0,Business,Corporate,Leisure,Bronze,2897.27,2897.27,5,No
P03677,FL0077,2025-07-28,Bangkok,Sydney,Airbus A380,On Time,0,Economy,Travel Agent,Business,Platinum,410.46,410.46,4.0,No
P03678,FL0078,2025-04-01,Doha,Dubai,Boeing 787,On Time,0,Business,Website,Visiting Friends/Relatives,Bronze,1896.21,1896.21,3.8,No
P03679,FL0079,2025-12-09,Bangkok,Frankfurt,Airbus A350,On Time,0,First,Mobile App,Visiting Friends/Relatives,Silver,4968.07,4968.07,4.0,Yes
P03680,FL0080,2025-01-20,London,Bangkok,Boeing 787,On Time,0,Premium Economy,Mobile App,Business,Silver,857.58,900.46,3.9,Yes
P03681,FL0081,2025-06-06,Paris,Frankfurt,Airbus A350,On Time,0,Economy,Website,Leisure,Gold,416.55,416.55,4.5,No
P03682,FL0082,2025-06-18,Doha,Bangkok,Boeing 777,Delayed,20,Economy,Mobile App,Business,Silver,305.57,320.85,2.9,No
P03683,FL0083,2025-11-25,Mumbai,Frankfurt,Airbus A380,On Time,0,Economy,Website,Business,Gold,253.08,265.73,4.6,No
P03684,FL0084,2025-01-15,New York,Mumbai,Airbus A320,Delayed,16,Economy,Mobile App,Leisure,Silver,230.3,241.82,4.3,No
P03685,FL0085,2025-02-25,Mumbai,London,Airbus A380,On Time,0,Economy,Travel Agent,Business,Gold,195.0,204.75,3.4,No
P03686,FL0086,2025-11-07,Bangkok,Frankfurt,Airbus A380,On Time,0,Economy,Corporate,Leisure,Gold,417.74,417.74,3.7,No
P03687,FL0087,2025-05-11,Sydney,Dubai,Airbus A320,On Time,0,Premium Economy,Corporate,Leisure,Gold,573.61,602.29,3.3,Yes
P03688,FL0088,2025-10-03,Dubai,Sydney,Airbus A350,On Time,0,Premium Economy,Mobile App,Visiting Friends/Relatives,Silver,788.48,788.48,4.2,No
P03689,FL0089,2025-06-19,London,Toronto,Airbus A380,On Time,0,Economy,Mobile App,Business,Platinum,380.37,399.39,4.7,No
P03690,FL0090,2025-09-17,London,Mumbai,Boeing 777,On Time,0,Economy,Corporate,Leisure,Silver,376.23,376.23,4.2,No
P03691,FL0091,2025-12-23,Bangkok,Frankfurt,Boeing 777,On Time,0,Economy,Mobile App,Visiting Friends/Relatives,Silver,491.25,491.25,3.4,No
P03692,FL0092,2025-12-07,Doha,Bangkok,Boeing 787,On Time,0,Economy,Mobile App,Visiting Friends/Relatives,Silver,411.38,411.38,3.7,No
P03693,FL0093,2025-10-19,Singapore,Tokyo,Boeing 777,On Time,0,Business,Corporate,Leisure,Bronze,2032.58,2134.21,3.2,No
P03694,FL0094,2025-05-27,Dubai,Mumbai,Airbus A350,On Time,0,Economy,Mobile App,Business,Bronze,379.38,398.35,3.2,No
P03695,FL0095,2025-12-02,Sydney,Tokyo,Boeing 777,On Time,0,Premium Economy,Mobile App,Leisure,Bronze,834.17,834.17,4.7,No
P03696,FL0096,2025-04-20,Paris,Toronto,Airbus A380,On Time,0,Economy,Mobile App,Business,Bronze,279.99,293.99,4.1,No
P03697,FL0097,2025-02-13,Singapore,Toronto,Boeing 777,On Time,0,Premium Economy,Travel Agent,Business,Silver,727.85,764.24,3.9,No
P03698,FL0098,2025-02-17,Sydney,Mumbai,Airbus A350,On Time,0,Business,Mobile App,Visiting Friends/Relatives,Bronze,1642.69,1642.69,4.9,No
P03699,FL0099,2025-03-17,Doha,Paris,Airbus A320,On Time,0,Economy,Website,Visiting Friends/Relatives,Gold,244.9,244.9,4.7,No
P03700,FL0100,2025-02-07,Paris,Tokyo,Boeing 787,On Time,0,Business,Mobile App,Leisure,Gold,1601.17,1681.23,3.5,No
P03701,FL0101,2025-12-23,Sydney,Dubai,Boeing 787,On Time,0,Economy,Website,Visiting Friends/Relatives,Platinum,427.11,427.11,3.9,No
P03702,FL0102,2025-12-02,Doha,Dubai,Airbus A320,Delayed,33,Economy,Mobile App,Business,Bronze,426.67,426.67,3.9,No
P03703,FL0103,2025-04-23,London,Bangkok,Airbus A350,Delayed,13,Premium Economy,Travel Agent,Business,Silver,713.35,713.35,3.7,No
P03704,FL0104,2025-03-04,New York,Dubai,Boeing 787,On Time,0,Economy,Travel Agent,Leisure,Bronze,290.28,304.79,4.0,No
P03705,FL0105,2025-09-29,Paris,Toronto,Airbus A380,On Time,0,Economy,Mobile App,Visiting Friends/Relatives,Platinum,297.27,297.27,3.9,No
P03706,FL0106,2025-09-16,Paris,Tokyo,Boeing 787,Delayed,5,Economy,Website,Visiting Friends/Relatives,Gold,315.45,315.45,4.0,No
P03707,FL0107,2025-03-23,New York,Bangkok,Boeing 787,On Time,0,Business,Mobile App,Business,Silver,1981.14,2080.2,4.4,No
P03708,FL0108,2025-05-22,Doha,Toronto,Airbus A380,On Time,0,Premium Economy,Mobile App,Visiting Friends/Relatives,Bronze,614.18,644.89,3.5,No
P03709,FL0109,2025-08-14,Doha,Mumbai,Airbus A320,On Time,0,Economy,Mobile App,Visiting Friends/Relatives,Platinum,254.67,267.4,4.5,No
P03710,FL0110,2025-06-21,Doha,Mumbai,Boeing 777,Delayed,24,Economy,Corporate,Visiting Friends/Relatives,Bronze,248.12,248.12,3.8,No
P03711,FL0111,2025-12-28,Frankfurt,Doha,Airbus A350,On Time,0,Economy,Website,Business,Platinum,313.97,329.67,4.1,Yes
P03712,FL0112,2025-10-05,Frankfurt,Mumbai,Boeing 787,On Time,0,Economy,Website,Visiting Friends/Relatives,Bronze,452.99,475.64,3.8,No
P03713,FL0113,2025-07-19,Doha,Bangkok,Airbus A380,Delayed,21,Economy,Mobile App,Business,Silver,455.11,455.11,4.6,No
P03714,FL0114,2025-07-14,Dubai,Tokyo,Boeing 787,On Time,0,Economy,Mobile App,Leisure,Platinum,377.99,377.99,3.7,No
P03715,FL0115,2025-07-19,Bangkok,Paris,Boeing 787,On Time,0,Economy,Travel Agent,Business,Bronze,168.53,168.53,4.5,No
P03716,FL0116,2025-04-23,New York,Tokyo,Boeing 787,On Time,0,Economy,Mobile App,Visiting Friends/Relatives,Gold,308.87,308.87,4.5,No
P03717,FL0117,2025-01-15,Frankfurt,New York,Boeing 787,On Time,0,Economy,Website,Leisure,Platinum,306.5,306.5,3.7,No
P03718,FL0118,2025-08-28,Frankfurt,Doha,Airbus A350,Cancelled,0,Business,Travel Agent,Visiting Friends/Relatives,Bronze,1755.89,1755.89,3.7,No
P03719,FL0119,2025-07-21,New York,London,Airbus A380,On Time,0,Economy,Mobile App,Visiting Friends/Relatives,Bronze,304.08,319.28,4.8,No
P03720,FL0120,2025-11-26,Dubai,Singapore,Boeing 787,On Time,0,Economy,Website,Visiting Friends/Relatives,Bronze,427.91,427.91,4.7,No
P03721,FL0121,2025-01-26,Paris,Doha,Boeing 777,On Time,0,Economy,Corporate,Business,Platinum,199.46,199.46,4.2,No
P03722,FL0122,2025-06-17,Doha,New York,Boeing 777,On Time,0,Economy,Mobile App,Visiting Friends/Relatives,Bronze,284.73,284.73,4.1,No
P03723,FL0123,2025-08-04,Frankfurt,Paris,Boeing 777,Delayed,1,Economy,Corporate,Leisure,Gold,260.65,260.65,3.0,No
P03724,FL0124,2025-04-25,Dubai,Frankfurt,Airbus A320,Delayed,21,Economy,Website,Leisure,Bronze,400.53,400.53,3.3,No
P03725,FL0125,2025-05-07,Dubai,London,Airbus A350,Delayed,11,Business,Mobile App,Visiting Friends/Relatives,Gold,2201.63,2201.63,4.0,No
P03726,FL0126,2025-02-28,Paris,Toronto,Airbus A380,Delayed,11,Business,Website,Leisure,Bronze,2173.55,2173.55,4.3,No
P03727,FL0127,2025-07-08,Paris,Mumbai,Airbus A350,On Time,0,Economy,Website,Visiting Friends/Relatives,Silver,380.88,380.88,3.6,No
P03728,FL0128,2025-06-09,London,Dubai,Airbus A320,On Time,0,Economy,Mobile App,Visiting Friends/Relatives,Silver,392.77,412.41,4.6,No
P03729,FL0129,2025-12-13,Mumbai,Tokyo,Boeing 787,On Time,0,First,Travel Agent,Leisure,Platinum,2735.41,2735.41,4.3,No
P03730,FL0130,2025-10-31,Doha,Singapore,Airbus A350,On Time,0,Premium Economy,Website,Visiting Friends/Relatives,Silver,1130.15,1186.66,4.3,Yes
P03731,FL0131,2025-11-04,Mumbai,Toronto,Airbus A320,Delayed,14,Economy,Mobile App,Business,Platinum,231.99,243.59,3.5,No
P03732,FL0132,2025-12-05,New York,Frankfurt,Boeing 777,On Time,0,Economy,Corporate,Leisure,Platinum,442.35,442.35,3.9,No
P03733,FL0133,2025-08-04,Bangkok,London,Boeing 787,On Time,0,Economy,Mobile App,Business,Platinum,345.64,345.64,5,No
P03734,FL0134,2025-08-24,Bangkok,Toronto,Airbus A350,On Time,0,Economy,Website,Leisure,Gold,534.74,561.48,3.6,No
P03735,FL0135,2025-05-19,New York,Toronto,Airbus A380,Delayed,16,Business,Mobile App,Business,Silver,1648.6,1731.03,4.2,No
P03736,FL0136,2025-08-27,New York,Bangkok,Boeing 787,Delayed,9,Economy,Corporate,Leisure,Bronze,325.75,342.04,4.2,No
P03737,FL0137,2025-05-23,Doha,Singapore,Boeing 787,On Time,0,Economy,Mobile App,Business,Silver,328.02,344.42,3.9,No
P03738,FL0138,2025-11-09,Paris,Tokyo,Boeing 787,On Time,0,Economy,Website,Business,Silver,339.61,339.61,3.9,Yes
P03739,FL0139,2025-04-04,Paris,Frankfurt,Boeing 787,On Time,0,Economy,Travel Agent,Business,Silver,375.39,375.39,4.1,No
P03740,FL0140,2025-05-24,Mumbai,Frankfurt,Airbus A380,On Time,0,Economy,Travel Agent,Visiting Friends/Relatives,Bronze,168.32,168.32,4.9,No
P03741,FL0141,2025-01-06,Mumbai,Sydney,Airbus A380,Delayed,12,Economy,Mobile App,Leisure,Silver,273.65,287.33,3.1,No
P03742,FL0142,2025-07-28,London,Paris,Boeing 787,On Time,0,Premium Economy,Website,Visiting Friends/Relatives,Bronze,694.34,694.34,3.9,No
P03743,FL0143,2025-11-27,Doha,New York,Boeing 787,On Time,0,Economy,Website,Visiting Friends/Relatives,Silver,329.63,329.63,4.7,No
P03744,FL0144,2025-05-31,Dubai,Singapore,Airbus A350,On Time,0,Economy,Corporate,Leisure,Bronze,412.29,432.9,4.1,No
P03745,FL0145,2025-12-06,Doha,Mumbai,Airbus A380,On Time,0,First,Travel Agent,Leisure,Silver,4579.29,4808.25,3.7,No
P03746,FL0146,2025-06-26,New York,Sydney,Boeing 787,Cancelled,0,Economy,Mobile App,Business,Gold,472.7,472.7,2.2,No
P03747,FL0147,2025-06-30,New York,Mumbai,Boeing 787,On Time,0,Economy,Website,Visiting Friends/Relatives,Gold,284.77,284.77,4.1,No
P03748,FL0148,2025-03-03,Mumbai,Dubai,Airbus A350,On Time,0,Economy,Travel Agent,Visiting Friends/Relatives,Silver,197.19,197.19,3.9,No
P03749,FL0149,2025-04-09,New York,Doha,Airbus A350,On Time,0,Economy,Travel Agent,Leisure,Silver,440.2,440.2,4.5,No
P03750,FL0150,2025-09-26,Mumbai,Tokyo,Airbus A380,On Time,0,Premium Economy,Travel Agent,Business,Platinum,766.1,766.1,3.6,No
P03751,FL0151,2025-06-01,London,Paris,Airbus A350,On Time,0,Business,Travel Agent,Leisure,Gold,1186.37,1186.37,4.1,No
P03752,FL0152,2025-12-29,Mumbai,London,Airbus A380,On Time,0,Economy,Website,Visiting Friends/Relatives,Silver,337.51,354.39,4.7,No
P03753,FL0153,2025-10-11,Dubai,London,Boeing 777,On Time,0,Business,Travel Agent,Leisure,Silver,1482.18,1482.18,3.9,No
P03754,FL0154,2025-09-09,Singapore,Toronto,Airbus A320,Delayed,5,Economy,Corporate,Business,Bronze,314.75,314.75,4.0,Yes
P03755,FL0155,2025-04-05,Paris,Frankfurt,Airbus A320,On Time,0,Premium Economy,Website,Leisure,Platinum,418.0,418.0,4.8,No
P03756,FL0156,2025-02-03,Paris,Singapore,Boeing 787,On Time,0,Economy,Mobile App,Business,Bronze,426.87,426.87,4.1,No
P03757,FL0157,2025-12-18,Sydney,Toronto,Airbus A320,On Time,0,Economy,Corporate,Business,Silver,290.64,290.64,4.3,No
P03758,FL0158,2025-02-13,Sydney,Paris,Airbus A350,On Time,0,Economy,Mobile App,Leisure,Bronze,299.48,299.48,4.0,No
P03759,FL0159,2025-11-02,Frankfurt,Tokyo,Airbus A380,On Time,0,Business,Website,Visiting Friends/Relatives,Gold,1654.87,1654.87,4.6,No
P03760,FL0160,2025-08-19,New York,Frankfurt,Boeing 787,On Time,0,Economy,Website,Leisure,Gold,242.96,242.96,5,No
P03761,FL0161,2025-06-06,Sydney,Frankfurt,Airbus A380,On Time,0,Premium Economy,Corporate,Visiting Friends/Relatives,Silver,814.28,814.28,4.4,No
P03762,FL0162,2025-04-17,Sydney,Singapore,Airbus A350,On Time,0,Business,Website,Visiting Friends/Relatives,Silver,1359.96,1359.96,4.4,No
P03763,FL0163,2025-05-03,London,Dubai,Airbus A350,On Time,0,Economy,Travel Agent,Business,Gold,338.44,338.44,3.7,No
P03764,FL0164,2025-07-29,Singapore,London,Boeing 787,On Time,0,Economy,Website,Business,Bronze,221.68,232.76,4.5,No
P03765,FL0165,2025-01-17,Paris,Mumbai,Airbus A350,On Time,0,Business,Mobile App,Business,Silver,1919.66,1919.66,3.7,No
P03766,FL0166,2025-02-06,Mumbai,New York,Airbus A350,Delayed,11,Economy,Website,Business,Gold,282.07,282.07,3.8,No
P03767,FL0167,2025-04-12,Sydney,Toronto,Boeing 787,On Time,0,Business,Mobile App,Business,Silver,2471.01,2594.56,4.8,No
P03768,FL0168,2025-03-18,Doha,Toronto,Boeing 777,Delayed,24,Economy,Travel Agent,Leisure,Silver,297.12,297.12,2.9,No
P03769,FL0169,2025-10-19,Mumbai,Tokyo,Boeing 777,On Time,0,Economy,Mobile App,Business,Bronze,183.8,183.8,4.1,No
P03770,FL0170,2025-12-25,Paris,Mumbai,Boeing 787,Delayed,21,Business,Mobile App,Visiting Friends/Relatives,Silver,1156.07,1156.07,3.7,No
P03771,FL0171,2025-09-10,New York,Sydney,Boeing 787,On Time,0,Economy,Mobile App,Leisure,Platinum,229.74,241.23,3.8,No
P03772,FL0172,2025-06-15,Dubai,Bangkok,Airbus A380,On Time,0,Business,Corporate,Leisure,Silver,2028.86,2028.86,3.6,No
P03773,FL0173,2025-12-12,London,Paris,Airbus A380,On Time,0,Economy,Mobile App,Business,Bronze,315.3,315.3,4.4,Yes
P03774,FL0174,2025-05-18,Dubai,Toronto,Airbus A380,On Time,0,Economy,Website,Business,Platinum,262.7,275.83,3.8,No
P03775,FL0175,2025-09-23,Singapore,New York,Boeing 787,Delayed,24,Economy,Mobile App,Leisure,Gold,541.28,568.34,4.2,No
P03776,FL0176,2025-08-29,Paris,Singapore,Boeing 777,On Time,0,Economy,Travel Agent,Leisure,Bronze,322.42,338.54,3.6,No
P03777,FL0177,2025-02-23,Bangkok,Toronto,Airbus A350,On Time,0,Business,Mobile App,Business,Gold,1839.93,1839.93,4.1,No
P03778,FL0178,2025-12-06,Paris,Mumbai,Boeing 787,Delayed,32,Business,Travel Agent,Visiting Friends/Relatives,Bronze,1480.78,1480.78,3.2,No
P03779,FL0179,2025-08-21,New York,London,Airbus A320,On Time,0,Economy,Website,Leisure,Platinum,254.06,266.76,4.7,No
P03780,FL0180,2025-07-26,Bangkok,Singapore,Airbus A380,Delayed,42,Economy,Website,Visiting Friends/Relatives,Bronze,326.58,326.58,2.8,No
P03781,FL0181,2025-01-28,Paris,Bangkok,Airbus A350,On Time,0,Premium Economy,Website,Visiting Friends/Relatives,Platinum,697.65,697.65,3.4,No
P03782,FL0182,2025-11-17,Sydney,Bangkok,Boeing 787,On Time,0,First,Website,Business,Silver,3650.89,3833.43,4.9,No
P03783,FL0183,2025-10-09,Doha,Mumbai,Airbus A350,Delayed,18,Premium Economy,Website,Leisure,Gold,794.9,834.64,3.3,No
P03784,FL0184,2025-03-04,Paris,New York,Airbus A320,Cancelled,0,Economy,Website,Visiting Friends/Relatives,Silver,455.24,455.24,2.8,No
P03785,FL0185,2025-12-30,Sydney,Dubai,Airbus A350,On Time,0,Economy,Mobile App,Business,Silver,502.31,502.31,4.4,No
P03786,FL0186,2025-07-28,Dubai,Sydney,Airbus A320,On Time,0,Economy,Website,Visiting Friends/Relatives,Silver,319.24,319.24,3.6,No
P03787,FL0187,2025-03-02,London,New York,Airbus A350,On Time,0,Economy,Travel Agent,Business,Platinum,369.48,369.48,5,No
P03788,FL0188,2025-12-28,Mumbai,Sydney,Boeing 777,On Time,0,Economy,Mobile App,Business,Bronze,228.88,228.88,4.7,No
P03789,FL0189,2025-05-05,Paris,New York,Boeing 787,On Time,0,Economy,Website,Business,Silver,357.63,375.51,4.2,No
P03790,FL0190,2025-11-03,Frankfurt,Dubai,Airbus A380,On Time,0,Economy,Mobile App,Leisure,Bronze,482.89,507.03,4.2,No
P03791,FL0191,2025-05-22,Singapore,Doha,Boeing 787,On Time,0,Economy,Travel Agent,Leisure,Silver,198.53,208.46,4.3,No
P03792,FL0192,2025-01-02,New York,Paris,Boeing 777,On Time,0,Economy,Mobile App,Leisure,Gold,569.28,569.28,4.5,No
P03793,FL0193,2025-12-04,Sydney,Tokyo,Boeing 787,Delayed,4,Economy,Mobile App,Leisure,Platinum,214.85,214.85,4.1,No
P03794,FL0194,2025-10-06,Bangkok,Sydney,Boeing 787,On Time,0,Economy,Mobile App,Business,Silver,229.16,229.16,4.8,No
P03795,FL0195,2025-12-24,Bangkok,Dubai,Airbus A350,On Time,0,Economy,Mobile App,Leisure,Bronze,391.94,411.54,4.7,No
P03796,FL0196,2025-01-23,Doha,Bangkok,Boeing 777,On Time,0,Economy,Mobile App,Leisure,Bronze,368.65,387.08,5,No
P03797,FL0197,2025-12-06,Frankfurt,Bangkok,Airbus A350,On Time,0,Economy,Website,Visiting Friends/Relatives,Gold,211.77,211.77,3.3,No
P03798,FL0198,2025-09-15,Dubai,Doha,Airbus A380,On Time,0,Economy,Travel Agent,Leisure,Gold,266.46,266.46,4.5,No
P03799,FL0199,2025-02-21,London,New York,Airbus A380,Delayed,22,Economy,Website,Business,Silver,190.99,190.99,3.7,No
P03800,FL0200,2025-07-29,Dubai,Doha,Airbus A350,On Time,0,Economy,Website,Business,Platinum,260.0,260.0,3.8,No
P03801,FL0201,2025-11-16,Mumbai,Frankfurt,Boeing 787,On Time,0,First,Corporate,Business,Gold,4173.97,4173.97,5,No
P03802,FL0202,2025-10-01,Bangkok,Toronto,Boeing 787,Delayed,1,Business,Website,Business,Bronze,1059.38,1112.35,3.3,No
P03803,FL0203,2025-01-19,Paris,Sydney,Airbus A380,On Time,0,Economy,Mobile App,Visiting Friends/Relatives,Bronze,332.18,348.79,3.3,No
P03804,FL0204,2025-02-16,Mumbai,Dubai,Boeing 787,Cancelled,0,Premium Economy,Corporate,Business,Bronze,489.26,489.26,2.9,No
P03805,FL0205,2025-03-27,London,New York,Boeing 777,Delayed,1,Premium Economy,Website,Leisure,Gold,574.25,574.25,3.7,No
P03806,FL0206,2025-01-29,Dubai,Frankfurt,Boeing 777,On Time,0,Economy,Corporate,Business,Bronze,287.49,301.86,4.9,Yes
P03807,FL0207,2025-05-06,Frankfurt,Doha,Airbus A380,On Time,0,Economy,Mobile App,Visiting Friends/Relatives,Gold,702.84,702.84,3.7,No
P03808,FL0208,2025-03-31,Singapore,Dubai,Airbus A320,On Time,0,Economy,Website,Visiting Friends/Relatives,Bronze,372.69,372.69,3.4,No
P03809,FL0209,2025-12-16,Frankfurt,Tokyo,Airbus A350,On Time,0,Economy,Travel Agent,Business,Gold,654.88,654.88,3.9,No
P03810,FL0210,2025-04-29,Sydney,Doha,Boeing 787,On Time,0,Premium Economy,Mobile App,Leisure,Silver,590.39,590.39,3.0,No
P03811,FL0211,2025-12-08,Paris,Mumbai,Airbus A320,Delayed,8,Economy,Website,Leisure,Silver,280.33,280.33,2.3,No
P03812,FL0212,2025-02-07,New York,Doha,Boeing 787,Delayed,20,Economy,Corporate,Leisure,Platinum,478.14,478.14,3.8,No
P03813,FL0213,2025-11-24,Sydney,Paris,Boeing 787,On Time,0,Economy,Travel Agent,Visiting Friends/Relatives,Bronze,503.25,528.41,4.1,No
P03814,FL0214,2025-04-12,Paris,Mumbai,Boeing 787,Delayed,27,Business,Website,Leisure,Silver,1602.75,1602.75,4.4,No
P03815,FL0215,2025-06-01,Bangkok,Tokyo,Boeing 777,On Time,0,Economy,Website,Business,Silver,336.54,353.37,4.4,No
P03816,FL0216,2025-01-05,Frankfurt,Paris,Airbus A380,Delayed,25,Economy,Website,Business,Platinum,343.83,361.02,3.8,No
P03817,FL0217,2025-09-12,Dubai,Tokyo,Boeing 777,On Time,0,Economy,Travel Agent,Visiting Friends/Relatives,Silver,364.33,364.33,4.2,No
P03818,FL0218,2025-06-30,Doha,Tokyo,Airbus A350,On Time,0,Economy,Corporate,Business,Bronze,285.11,285.11,3.2,No
P03819,FL0219,2025-12-14,Sydney,Paris,Airbus A350,On Time,0,Economy,Website,Visiting Friends/Relatives,Silver,314.89,314.89,2.8,No
P03820,FL0220,2025-08-14,Dubai,Mumbai,Airbus A320,On Time,0,Economy,Corporate,Visiting Friends/Relatives,Gold,253.24,253.24,4.0,No
P03821,FL0221,2025-06-01,Singapore,Doha,Boeing 777,On Time,0,Economy,Website,Business,Bronze,370.77,370.77,4.8,No
P03822,FL0222,2025-03-09,Singapore,Paris,Airbus A380,Delayed,8,Economy,Travel Agent,Leisure,Bronze,277.88,277.88,4.3,No
P03823,FL0223,2025-05-12,Mumbai,Doha,Boeing 787,Delayed,28,Economy,Mobile App,Business,Bronze,248.36,260.78,3.5,Yes
P03824,FL0224,2025-02-28,Mumbai,Frankfurt,Boeing 787,Delayed,37,Economy,Website,Business,Silver,268.72,268.72,2.8,No
P03825,FL0225,2025-07-07,Frankfurt,Sydney,Airbus A320,Delayed,42,Premium Economy,Website,Business,Bronze,853.47,896.14,2.7,No
P03826,FL0226,2025-10-02,Dubai,Mumbai,Airbus A320,On Time,0,Economy,Website,Visiting Friends/Relatives,Silver,203.22,203.22,3.1,No
P03827,FL0227,2025-07-15,Mumbai,Tokyo,Boeing 777,On Time,0,Economy,Travel Agent,Business,Silver,372.82,372.82,4.7,No
P03828,FL0228,2025-01-13,Doha,New York,Airbus A380,Delayed,1,Economy,Travel Agent,Visiting Friends/Relatives,Silver,177.94,177.94,4.9,No
P03829,FL0229,2025-02-02,Doha,Toronto,Boeing 787,Delayed,7,Economy,Website,Leisure,Bronze,568.87,568.87,3.5,No
P03830,FL0230,2025-07-29,Mumbai,Toronto,Airbus A320,On Time,0,Economy,Website,Business,Bronze,281.13,295.19,4.8,No
P03831,FL0231,2025-09-10,Dubai,Mumbai,Airbus A320,On Time,0,Premium Economy,Website,Visiting Friends/Relatives,Bronze,438.71,438.71,4.1,No
P03832,FL0232,2025-07-18,New York,Doha,Boeing 787,On Time,0,Economy,Website,Business,Silver,352.52,352.52,4.6,Yes
P03833,FL0233,2025-10-28,New York,Frankfurt,Airbus A350,Delayed,5,Economy,Travel Agent,Visiting Friends/Relatives,Bronze,206.59,216.92,3.2,No
P03834,FL0234,2025-05-24,Sydney,Frankfurt,Airbus A320,On Time,0,Business,Corporate,Business,Bronze,2036.76,2138.6,4.3,No
P03835,FL0235,2025-08-16,Doha,New York,Airbus A350,Delayed,1,First,Travel Agent,Business,Bronze,4029.14,4029.14,3.7,No
P03836,FL0236,2025-07-08,London,Toronto,Airbus A380,Delayed,15,Economy,Travel Agent,Visiting Friends/Relatives,Gold,338.7,355.63,2.9,No
P03837,FL0237,2025-03-04,Mumbai,Dubai,Boeing 787,On Time,0,Economy,Mobile App,Visiting Friends/Relatives,Bronze,418.12,418.12,3.4,No
P03838,FL0238,2025-11-24,Doha,Toronto,Airbus A380,Cancelled,0,Economy,Website,Leisure,Silver,257.2,257.2,2.5,No
P03839,FL0239,2025-05-05,Dubai,Frankfurt,Airbus A350,Delayed,14,Business,Travel Agent,Leisure,Silver,1386.71,1386.71,3.6,No
P03840,FL0240,2025-10-11,Doha,Singapore,Airbus A350,On Time,0,Economy,Mobile App,Visiting Friends/Relatives,Platinum,350.5,350.5,5.0,No
P03841,FL0241,2025-03-17,Doha,Frankfurt,Airbus A380,On Time,0,Economy,Corporate,Leisure,Gold,328.28,328.28,4.1,No
P03842,FL0242,2025-10-04,Singapore,Dubai,Boeing 777,Delayed,36,Economy,Mobile App,Leisure,Silver,398.84,418.78,3.6,No
P03843,FL0243,2025-07-03,Singapore,London,Airbus A350,On Time,0,Economy,Mobile App,Business,Bronze,210.15,220.66,4.2,No
P03844,FL0244,2025-05-16,Dubai,Doha,Airbus A320,On Time,0,Economy,Travel Agent,Leisure,Silver,411.67,432.25,4.5,No
P03845,FL0245,2025-02-28,Frankfurt,Sydney,Airbus A320,On Time,0,Business,Website,Business,Platinum,1342.56,1342.56,4.2,No
P03846,FL0246,2025-10-31,Bangkok,Sydney,Airbus A320,On Time,0,Economy,Mobile App,Leisure,Silver,283.25,283.25,3.7,No
P03847,FL0247,2025-01-23,Doha,Tokyo,Airbus A380,On Time,0,Economy,Travel Agent,Business,Platinum,196.98,206.83,4.4,No
P03848,FL0248,2025-09-03,Dubai,London,Boeing 787,On Time,0,Economy,Travel Agent,Leisure,Bronze,498.46,498.46,4.3,No
P03849,FL0249,2025-12-31,London,New York,Boeing 787,On Time,0,Economy,Corporate,Leisure,Gold,317.68,333.56,5,No
P03850,FL0250,2025-11-08,London,Frankfurt,Airbus A350,On Time,0,Business,Mobile App,Business,Gold,2298.85,2298.85,3.8,Yes
P03851,FL0251,2025-11-21,Mumbai,Tokyo,Airbus A380,On Time,0,Economy,Website,Business,Bronze,332.09,348.69,5,No
P03852,FL0252,2025-11-02,Bangkok,Frankfurt,Airbus A380,On Time,0,Economy,Mobile App,Business,Silver,297.97,297.97,4.0,No
P03853,FL0253,2025-08-09,New York,Tokyo,Airbus A320,Delayed,33,Economy,Mobile App,Visiting Friends/Relatives,Silver,336.43,336.43,3.8,No
P03854,FL0254,2025-11-30,London,Toronto,Airbus A380,On Time,0,Economy,Mobile App,Leisure,Platinum,306.92,306.92,4.1,No
P03855,FL0255,2025-08-20,Doha,Bangkok,Airbus A350,On Time,0,Economy,Website,Visiting Friends/Relatives,Bronze,307.09,307.09,4.3,No
P03856,FL0256,2025-08-01,Paris,Bangkok,Airbus A320,On Time,0,Business,Website,Visiting Friends/Relatives,Silver,1852.26,1944.87,3.6,No
P03857,FL0257,2025-05-11,Bangkok,Toronto,Boeing 777,Delayed,12,Economy,Corporate,Leisure,Platinum,411.02,431.57,3.9,No
P03858,FL0258,2025-02-17,London,Doha,Boeing 787,On Time,0,Economy,Website,Leisure,Silver,357.0,357.0,4.2,No
P03859,FL0259,2025-10-12,Bangkok,Doha,Airbus A320,On Time,0,Economy,Mobile App,Leisure,Bronze,216.67,216.67,5,No
P03860,FL0260,2025-06-18,New York,Sydney,Airbus A320,On Time,0,Economy,Travel Agent,Visiting Friends/Relatives,Platinum,225.13,225.13,4.3,No
P03861,FL0261,2025-05-28,Frankfurt,London,Airbus A380,On Time,0,Business,Mobile App,Business,Gold,2035.09,2136.84,3.7,No
P03862,FL0262,2025-09-17,London,Tokyo,Airbus A350,On Time,0,Economy,Corporate,Leisure,Silver,387.05,387.05,3.7,No
P03863,FL0263,2025-02-25,Paris,Dubai,Boeing 777,Delayed,5,Economy,Website,Business,Gold,465.65,488.93,4.2,No
P03864,FL0264,2025-05-23,Bangkok,Singapore,Airbus A380,On Time,0,Economy,Website,Visiting Friends/Relatives,Bronze,224.66,224.66,4.1,No
P03865,FL0265,2025-11-15,Frankfurt,Sydney,Airbus A380,On Time,0,Business,Corporate,Business,Silver,3297.67,3462.55,4.1,No
P03866,FL0266,2025-11-08,New York,London,Boeing 777,On Time,0,Premium Economy,Mobile App,Visiting Friends/Relatives,Bronze,819.68,860.66,4.4,No
P03867,FL0267,2025-06-23,Mumbai,Paris,Boeing 777,On Time,0,Premium Economy,Website,Leisure,Platinum,467.6,467.6,3.6,No
P03868,FL0268,2025-12-03,Singapore,Tokyo,Boeing 787,On Time,0,First,Website,Visiting Friends/Relatives,Gold,3699.12,3699.12,5.0,No
P03869,FL0269,2025-09-29,Dubai,Singapore,Airbus A350,On Time,0,Economy,Corporate,Leisure,Silver,450.74,450.74,4.8,Yes
P03870,FL0270,2025-03-22,Paris,Frankfurt,Boeing 777,On Time,0,Economy,Website,Business,Platinum,309.32,309.32,4.1,No
P03871,FL0271,2025-11-02,Bangkok,Tokyo,Airbus A320,Delayed,29,Economy,Mobile App,Leisure,Bronze,409.47,429.94,3.3,No
P03872,FL0272,2025-02-11,Dubai,Toronto,Boeing 777,On Time,0,Economy,Mobile App,Business,Bronze,251.2,251.2,3.8,No
P03873,FL0273,2025-11-07,Frankfurt,New York,Boeing 787,On Time,0,Business,Travel Agent,Business,Bronze,1415.37,1415.37,3.8,No
P03874,FL0274,2025-02-28,Doha,Sydney,Boeing 777,On Time,0,Economy,Travel Agent,Visiting Friends/Relatives,Gold,236.45,236.45,4.8,Yes
P03875,FL0275,2025-12-14,Mumbai,Toronto,Airbus A380,On Time,0,Economy,Mobile App,Business,Silver,239.35,251.32,4.2,No
P03876,FL0276,2025-04-23,Mumbai,London,Boeing 787,Cancelled,0,Business,Website,Visiting Friends/Relatives,Bronze,1242.4,1242.4,2.4,No
P03877,FL0277,2025-04-15,Dubai,London,Boeing 777,Delayed,34,Economy,Corporate,Visiting Friends/Relatives,Gold,280.94,280.94,3.6,No
P03878,FL0278,2025-05-29,Singapore,Mumbai,Boeing 777,On Time,0,Economy,Mobile App,Business,Bronze,410.15,410.15,5,Yes
P03879,FL0279,2025-03-31,Paris,Bangkok,Airbus A350,On Time,0,Business,Travel Agent,Business,Bronze,1929.74,2026.23,4.1,No
P03880,FL0280,2025-10-14,Doha,Sydney,Boeing 777,On Time,0,Premium Economy,Travel Agent,Leisure,Bronze,564.45,564.45,4.2,No
P03881,FL0281,2025-01-10,Dubai,Bangkok,Boeing 787,Delayed,28,Economy,Website,Leisure,Silver,180.85,180.85,3.4,No
P03882,FL0282,2025-12-30,Sydney,Frankfurt,Boeing 787,On Time,0,Economy,Travel Agent,Leisure,Bronze,303.89,303.89,4.4,No
P03883,FL0283,2025-06-16,Frankfurt,London,Airbus A350,Delayed,6,First,Mobile App,Leisure,Silver,4375.92,4375.92,2.8,No
P03884,FL0284,2025-12-20,Sydney,Bangkok,Boeing 777,On Time,0,Economy,Travel Agent,Leisure,Silver,214.47,214.47,3.9,No
P03885,FL0285,2025-08-12,London,Paris,Airbus A380,On Time,0,Economy,Corporate,Business,Silver,278.69,278.69,3.9,No
P03886,FL0286,2025-06-08,London,Bangkok,Boeing 777,On Time,0,Premium Economy,Corporate,Visiting Friends/Relatives,Gold,992.69,992.69,4.7,No
P03887,FL0287,2025-09-19,Singapore,Doha,Airbus A320,On Time,0,Premium Economy,Corporate,Leisure,Gold,559.1,559.1,4.5,No
P03888,FL0288,2025-06-29,Doha,Frankfurt,Airbus A350,On Time,0,Premium Economy,Corporate,Leisure,Bronze,730.01,766.51,4.4,No
P03889,FL0289,2025-04-12,Singapore,Mumbai,Airbus A350,On Time,0,Economy,Mobile App,Business,Bronze,349.05,349.05,4.9,No
P03890,FL0290,2025-11-18,London,Dubai,Boeing 787,On Time,0,Business,Travel Agent,Leisure,Gold,1218.52,1279.45,4.4,No
P03891,FL0291,2025-08-18,Sydney,Tokyo,Airbus A380,On Time,0,Economy,Mobile App,Business,Bronze,379.61,379.61,3.8,No
P03892,FL0292,2025-11-18,Sydney,Mumbai,Boeing 777,On Time,0,Economy,Mobile App,Visiting Friends/Relatives,Bronze,582.64,582.64,3.8,No
P03893,FL0293,2025-08-15,London,New York,Boeing 777,Delayed,8,Economy,Website,Leisure,Silver,378.05,378.05,2.8,Yes
P03894,FL0294,2025-08-25,London,Mumbai,Boeing 787,On Time,0,Economy,Mobile App,Visiting Friends/Relatives,Bronze,394.55,394.55,4.1,No
P03895,FL0295,2025-02-09,Bangkok,Paris,Airbus A320,On Time,0,Economy,Travel Agent,Business,Gold,383.44,383.44,4.1,No
P03896,FL0296,2025-08-25,New York,Frankfurt,Airbus A380,On Time,0,Economy,Website,Business,Silver,353.87,353.87,3.8,Yes
P03897,FL0297,2025-10-20,Dubai,New York,Airbus A350,On Time,0,Economy,Mobile App,Visiting Friends/Relatives,Bronze,339.39,339.39,3.6,No
P03898,FL0298,2025-03-19,Paris,Sydney,Airbus A320,On Time,0,Economy,Mobile App,Business,Bronze,517.56,543.44,4.3,No
P03899,FL0299,2025-09-16,Bangkok,Singapore,Airbus A350,On Time,0,Business,Mobile App,Leisure,Bronze,2311.22,2426.78,3.6,No
P03900,FL0300,2025-09-26,Paris,New York,Airbus A380,On Time,0,Economy,Website,Leisure,Gold,338.67,338.67,4.3,No
P03901,FL0301,2025-05-25,Bangkok,Mumbai,Boeing 787,On Time,0,Economy,Website,Leisure,Platinum,273.55,287.23,3.8,No
P03902,FL0302,2025-11-03,Bangkok,Toronto,Airbus A320,Delayed,11,Premium Economy,Mobile App,Business,Gold,784.42,784.42,3.4,No
P03903,FL0303,2025-06-18,Bangkok,Singapore,Airbus A320,On Time,0,Economy,Website,Leisure,Silver,341.73,358.82,3.7,No
P03904,FL0304,2025-05-10,Frankfurt,Paris,Airbus A380,Delayed,10,Economy,Travel Agent,Visiting Friends/Relatives,Gold,335.94,335.94,2.9,No
P03905,FL0305,2025-06-08,Singapore,Frankfurt,Boeing 787,On Time,0,Economy,Website,Business,Bronze,277.3,291.17,4.4,No
P03906,FL0306,2025-10-14,London,Mumbai,Boeing 787,On Time,0,Economy,Website,Visiting Friends/Relatives,Bronze,226.57,226.57,3.4,No
P03907,FL0307,2025-12-10,Bangkok,Doha,Airbus A380,On Time,0,Business,Travel Agent,Visiting Friends/Relatives,Silver,1850.58,1850.58,4.5,Yes
P03908,FL0308,2025-07-05,Frankfurt,Sydney,Airbus A320,On Time,0,Economy,Mobile App,Business,Gold,388.54,388.54,4.7,No
P03909,FL0309,2025-06-24,Singapore,Paris,Boeing 787,On Time,0,Economy,Mobile App,Business,Bronze,294.54,294.54,4.7,No
P03910,FL0310,2025-02-09,Singapore,Dubai,Boeing 777,Delayed,31,Economy,Mobile App,Business,Bronze,286.88,286.88,4.0,No
P03911,FL0311,2025-10-04,London,Sydney,Airbus A380,On Time,0,Economy,Website,Leisure,Gold,519.65,519.65,4.8,No
P03912,FL0312,2025-03-09,Bangkok,Tokyo,Airbus A380,On Time,0,Business,Travel Agent,Business,Silver,1648.85,1648.85,4.3,No
P03913,FL0313,2025-12-21,Singapore,Dubai,Airbus A380,Delayed,24,Economy,Mobile App,Business,Silver,286.7,286.7,3.5,No
P03914,FL0314,2025-12-13,Frankfurt,Mumbai,Airbus A350,Delayed,29,Economy,Website,Business,Bronze,273.54,273.54,4.1,No
P03915,FL0315,2025-08-18,Sydney,Paris,Airbus A350,On Time,0,Economy,Travel Agent,Business,Silver,398.79,398.79,4.6,No
P03916,FL0316,2025-04-10,Mumbai,New York,Boeing 777,On Time,0,Economy,Website,Leisure,Silver,377.9,377.9,4.3,No
P03917,FL0317,2025-08-25,Sydney,Bangkok,Boeing 777,On Time,0,Premium Economy,Mobile App,Visiting Friends/Relatives,Bronze,672.03,672.03,4.5,No
P03918,FL0318,2025-08-03,New York,Sydney,Airbus A350,Delayed,20,Economy,Mobile App,Leisure,Platinum,332.79,349.43,3.9,No
P03919,FL0319,2025-11-25,Mumbai,London,Boeing 787,Delayed,11,Economy,Travel Agent,Business,Gold,447.15,447.15,5,No
P03920,FL0320,2025-12-31,New York,Singapore,Airbus A380,Delayed,13,Economy,Website,Visiting Friends/Relatives,Silver,379.48,379.48,4.0,No
P03921,FL0321,2025-09-20,Mumbai,New York,Airbus A350,Delayed,37,Economy,Mobile App,Leisure,Gold,375.87,375.87,3.9,No
P03922,FL0322,2025-08-19,London,Paris,Boeing 777,Delayed,7,Economy,Corporate,Visiting Friends/Relatives,Silver,155.64,155.64,3.5,Yes
P03923,FL0323,2025-07-17,Bangkok,Dubai,Airbus A320,On Time,0,Economy,Mobile App,Visiting Friends/Relatives,Bronze,218.23,218.23,4.1,No
P03924,FL0324,2025-02-20,Dubai,Frankfurt,Boeing 777,Delayed,24,Economy,Website,Leisure,Bronze,334.69,351.42,3.1,No
P03925,FL0325,2025-05-27,Singapore,London,Boeing 787,On Time,0,Economy,Mobile App,Visiting Friends/Relatives,Platinum,200.05,200.05,4.3,No
P03926,FL0326,2025-08-18,Singapore,New York,Airbus A380,On Time,0,Economy,Website,Business,Bronze,359.22,377.18,4.3,No
P03927,FL0327,2025-05-12,London,Singapore,Airbus A350,Delayed,1,Economy,Website,Visiting Friends/Relatives,Silver,301.29,301.29,3.3,No
P03928,FL0328,2025-02-26,New York,Frankfurt,Boeing 777,On Time,0,Economy,Mobile App,Business,Gold,280.57,280.57,4.1,No
P03929,FL0329,2025-05-03,London,Singapore,Boeing 787,On Time,0,Economy,Website,Leisure,Silver,282.22,282.22,3.4,No
P03930,FL0330,2025-02-02,Sydney,Bangkok,Airbus A320,Delayed,12,Premium Economy,Website,Leisure,Platinum,799.42,839.39,3.8,No
P03931,FL0331,2025-10-02,Paris,Tokyo,Airbus A320,On Time,0,Economy,Website,Visiting Friends/Relatives,Bronze,261.71,261.71,4.7,No
P03932,FL0332,2025-03-15,Sydney,Dubai,Boeing 777,On Time,0,Economy,Website,Business,Bronze,251.99,251.99,4.2,No
P03933,FL0333,2025-05-04,Sydney,Mumbai,Airbus A380,On Time,0,Economy,Mobile App,Business,Bronze,263.76,276.95,4.8,No
P03934,FL0334,2025-07-04,London,Sydney,Airbus A320,Delayed,1,Premium Economy,Mobile App,Business,Silver,447.31,447.31,3.6,No
P03935,FL0335,2025-01-11,New York,Sydney,Boeing 787,Delayed,12,Economy,Mobile App,Business,Gold,478.69,478.69,3.9,No
P03936,FL0336,2025-07-18,Dubai,Toronto,Boeing 777,On Time,0,Economy,Travel Agent,Visiting Friends/Relatives,Bronze,280.06,280.06,3.5,No
P03937,FL0337,2025-02-04,Dubai,Frankfurt,Boeing 777,On Time,0,First,Website,Business,Silver,2845.43,2845.43,4.5,No
P03938,FL0338,2025-06-20,London,Tokyo,Airbus A350,On Time,0,Business,Mobile App,Leisure,Silver,1642.15,1724.26,5,No
P03939,FL0339,2025-11-26,New York,Mumbai,Airbus A350,Delayed,4,Economy,Website,Visiting Friends/Relatives,Bronze,492.28,492.28,1.5,No
P03940,FL0340,2025-04-04,Paris,Toronto,Airbus A350,On Time,0,First,Travel Agent,Visiting Friends/Relatives,Platinum,2668.13,2668.13,3.5,No
P03941,FL0341,2025-05-31,Paris,London,Airbus A350,On Time,0,Economy,Website,Business,Gold,246.58,246.58,5,No
P03942,FL0342,2025-06-11,Doha,London,Boeing 777,On Time,0,Business,Mobile App,Visiting Friends/Relatives,Gold,1583.65,1583.65,4.3,No
P03943,FL0343,2025-05-10,New York,Bangkok,Airbus A320,On Time,0,Business,Travel Agent,Business,Bronze,2423.69,2423.69,5,No
P03944,FL0344,2025-07-02,Doha,Mumbai,Airbus A320,Delayed,1,First,Mobile App,Visiting Friends/Relatives,Platinum,5416.89,5416.89,4.3,No
P03945,FL0345,2025-03-05,Bangkok,Paris,Boeing 777,On Time,0,Economy,Mobile App,Leisure,Bronze,340.81,340.81,4.1,No
P03946,FL0346,2025-07-17,Frankfurt,New York,Boeing 777,Cancelled,0,Economy,Website,Leisure,Gold,184.29,184.29,2.1,No
P03947,FL0347,2025-07-08,Paris,New York,Airbus A380,On Time,0,Economy,Website,Leisure,Bronze,304.26,319.47,3.9,No
P03948,FL0348,2025-02-10,London,Bangkok,Boeing 787,On Time,0,Economy,Mobile App,Leisure,Silver,186.14,186.14,4.6,No
P03949,FL0349,2025-05-31,Singapore,Sydney,Boeing 777,On Time,0,Economy,Mobile App,Leisure,Gold,176.0,176.0,4.0,No
P03950,FL0350,2025-06-01,Bangkok,Toronto,Boeing 777,On Time,0,Economy,Website,Leisure,Bronze,544.26,571.47,4.5,No
P03951,FL0351,2025-12-20,Frankfurt,Doha,Boeing 787,On Time,0,Premium Economy,Website,Business,Silver,676.27,676.27,4.8,No
P03952,FL0352,2025-11-11,Dubai,Frankfurt,Boeing 787,On Time,0,Economy,Mobile App,Leisure,Bronze,377.36,377.36,4.6,No
P03953,FL0353,2025-12-10,Dubai,Singapore,Boeing 787,On Time,0,Economy,Mobile App,Visiting Friends/Relatives,Silver,277.59,277.59,4.4,No
P03954,FL0354,2025-03-15,Singapore,London,Airbus A380,On Time,0,Business,Mobile App,Business,Bronze,2084.21,2188.42,4.3,No
P03955,FL0355,2025-03-06,Paris,London,Airbus A320,On Time,0,Economy,Mobile App,Business,Bronze,369.71,369.71,3.9,No
P03956,FL0356,2025-07-16,Bangkok,Mumbai,Airbus A380,On Time,0,Economy,Travel Agent,Business,Bronze,316.8,332.64,4.2,No
P03957,FL0357,2025-08-19,Singapore,Toronto,Boeing 777,On Time,0,Economy,Travel Agent,Business,Platinum,245.98,258.28,3.9,No
P03958,FL0358,2025-03-12,London,Tokyo,Airbus A380,On Time,0,Economy,Website,Visiting Friends/Relatives,Bronze,407.64,407.64,3.0,No
P03959,FL0359,2025-05-23,Bangkok,Toronto,Airbus A350,Delayed,25,Economy,Website,Visiting Friends/Relatives,Silver,344.78,344.78,4.0,No
P03960,FL0360,2025-10-15,New York,Frankfurt,Airbus A320,On Time,0,Economy,Mobile App,Leisure,Gold,412.87,412.87,4.7,No
P03961,FL0361,2025-04-20,Mumbai,New York,Airbus A380,On Time,0,Economy,Travel Agent,Leisure,Platinum,287.45,287.45,4.4,No
P03962,FL0362,2025-03-04,Paris,Dubai,Airbus A350,Delayed,19,Economy,Mobile App,Visiting Friends/Relatives,Gold,461.67,461.67,3.5,No
P03963,FL0363,2025-08-16,Paris,Doha,Airbus A320,Delayed,52,Economy,Mobile App,Visiting Friends/Relatives,Platinum,201.92,201.92,4.2,No
P03964,FL0364,2025-10-09,Bangkok,Singapore,Airbus A380,On Time,0,Economy,Travel Agent,Business,Bronze,263.52,263.52,4.0,No
P03965,FL0365,2025-12-31,Mumbai,Doha,Airbus A350,Delayed,10,Economy,Mobile App,Visiting Friends/Relatives,Gold,256.7,256.7,3.0,No
P03966,FL0366,2025-03-04,New York,Dubai,Airbus A350,Delayed,19,Economy,Mobile App,Leisure,Gold,268.69,268.69,3.6,No
P03967,FL0367,2025-10-21,Bangkok,Sydney,Boeing 777,On Time,0,Business,Mobile App,Business,Platinum,2657.69,2657.69,3.9,No
P03968,FL0368,2025-11-10,New York,Doha,Airbus A320,On Time,0,Business,Website,Business,Bronze,1638.94,1638.94,3.8,No
P03969,FL0369,2025-09-27,Frankfurt,New York,Boeing 787,On Time,0,Economy,Mobile App,Visiting Friends/Relatives,Bronze,241.12,241.12,4.7,No
P03970,FL0370,2025-03-06,Sydney,Singapore,Boeing 777,On Time,0,Economy,Mobile App,Leisure,Gold,230.66,230.66,3.7,No
P03971,FL0371,2025-12-15,Paris,New York,Airbus A380,On Time,0,Economy,Website,Visiting Friends/Relatives,Silver,293.73,293.73,4.3,No
P03972,FL0372,2025-10-28,New York,Toronto,Airbus A350,On Time,0,Economy,Corporate,Business,Gold,355.79,355.79,5,No
P03973,FL0373,2025-09-15,Singapore,Bangkok,Airbus A320,Delayed,31,Business,Website,Leisure,Silver,2081.73,2081.73,3.0,No
P03974,FL0374,2025-06-05,New York,Doha,Airbus A350,On Time,0,Business,Website,Leisure,Bronze,1665.34,1665.34,4.3,No
P03975,FL0375,2025-09-23,Doha,Frankfurt,Boeing 777,Delayed,17,Economy,Travel Agent,Business,Bronze,218.34,218.34,5,No
P03976,FL0376,2025-03-06,New York,Paris,Boeing 777,On Time,0,Economy,Travel Agent,Business,Bronze,195.38,205.15,2.5,No
P03977,FL0377,2025-11-25,London,Sydney,Airbus A350,On Time,0,Premium Economy,Website,Visiting Friends/Relatives,Bronze,551.78,551.78,4.3,No
P03978,FL0378,2025-03-29,Sydney,Doha,Airbus A380,On Time,0,Economy,Mobile App,Visiting Friends/Relatives,Silver,303.83,319.02,4.6,No
P03979,FL0379,2025-10-16,Sydney,Mumbai,Airbus A320,Delayed,35,Premium Economy,Website,Leisure,Silver,803.81,844.0,4.6,No
P03980,FL0380,2025-01-24,Dubai,Singapore,Airbus A380,On Time,0,Business,Travel Agent,Visiting Friends/Relatives,Silver,2096.98,2096.98,3.7,No
P03981,FL0381,2025-08-02,Doha,Tokyo,Airbus A380,On Time,0,Economy,Mobile App,Leisure,Silver,315.8,331.59,3.6,No
P03982,FL0382,2025-10-07,Paris,Toronto,Boeing 777,On Time,0,Economy,Corporate,Business,Silver,420.89,420.89,3.2,No
P03983,FL0383,2025-05-06,Mumbai,New York,Boeing 787,On Time,0,Economy,Mobile App,Leisure,Platinum,278.71,292.65,4.4,No
P03984,FL0384,2025-03-22,London,Singapore,Boeing 787,On Time,0,Economy,Website,Visiting Friends/Relatives,Gold,289.32,289.32,3.4,No
P03985,FL0385,2025-06-24,Paris,Dubai,Airbus A380,On Time,0,Economy,Website,Business,Bronze,332.32,348.94,4.1,No
P03986,FL0386,2025-07-24,Bangkok,Mumbai,Airbus A350,On Time,0,Economy,Mobile App,Business,Gold,415.8,415.8,5,No
P03987,FL0387,2025-02-24,New York,Sydney,Boeing 777,On Time,0,Economy,Website,Visiting Friends/Relatives,Gold,327.8,344.19,5,No
P03988,FL0388,2025-08-19,London,Mumbai,Airbus A350,On Time,0,Business,Corporate,Visiting Friends/Relatives,Silver,1522.91,1522.91,5,No
P03989,FL0389,2025-07-16,Dubai,Mumbai,Airbus A380,On Time,0,Economy,Website,Leisure,Silver,431.68,431.68,4.3,No
P03990,FL0390,2025-10-23,Singapore,Frankfurt,Boeing 777,On Time,0,Economy,Travel Agent,Visiting Friends/Relatives,Silver,240.88,252.92,4.3,No
P03991,FL0391,2025-09-21,Singapore,New York,Boeing 787,On Time,0,Business,Mobile App,Visiting Friends/Relatives,Bronze,2013.36,2013.36,4.2,No
P03992,FL0392,2025-01-12,Mumbai,New York,Airbus A320,Delayed,1,Economy,Mobile App,Leisure,Bronze,298.13,313.04,3.3,No
P03993,FL0393,2025-06-30,Doha,Tokyo,Airbus A320,On Time,0,Economy,Website,Leisure,Gold,471.24,471.24,4.6,No
P03994,FL0394,2025-12-01,Paris,Tokyo,Boeing 787,On Time,0,Premium Economy,Travel Agent,Business,Bronze,665.66,665.66,4.8,No
P03995,FL0395,2025-08-09,Dubai,Singapore,Airbus A350,Delayed,16,Business,Mobile App,Business,Bronze,1968.71,1968.71,4.1,No
P03996,FL0396,2025-07-07,Bangkok,Frankfurt,Airbus A320,On Time,0,Business,Website,Visiting Friends/Relatives,Silver,1433.65,1433.65,3.8,No
P03997,FL0397,2025-04-10,Sydney,New York,Boeing 777,On Time,0,Business,Mobile App,Business,Bronze,1590.63,1590.63,4.7,No
P03998,FL0398,2025-09-16,London,Bangkok,Boeing 787,On Time,0,Business,Mobile App,Leisure,Silver,2028.46,2028.46,3.7,No
P03999,FL0399,2025-12-15,Mumbai,Tokyo,Airbus A380,On Time,0,Economy,Mobile App,Leisure,Silver,596.05,596.05,3.8,Yes
P04000,FL0400,2025-07-11,London,Bangkok,Boeing 777,On Time,0,Economy,Website,Business,Bronze,347.69,347.69,4.9,No
P04001,FL0401,2025-04-12,Bangkok,Doha,Airbus A380,On Time,0,Economy,Website,Business,Silver,333.18,349.84,4.0,No
P04002,FL0402,2025-01-24,New York,London,Airbus A320,On Time,0,Economy,Website,Business,Bronze,504.93,504.93,3.9,No
P04003,FL0403,2025-09-23,Bangkok,New York,Boeing 787,On Time,0,Premium Economy,Website,Visiting Friends/Relatives,Silver,792.24,831.85,5,Yes
P04004,FL0404,2025-06-17,New York,Doha,Airbus A380,On Time,0,Economy,Corporate,Business,Silver,257.42,270.29,4.5,No
P04005,FL0405,2025-06-03,Frankfurt,Tokyo,Airbus A380,On Time,0,Business,Website,Leisure,Silver,2709.89,2709.89,4.6,No
P04006,FL0406,2025-09-08,New York,Sydney,Airbus A380,On Time,0,Economy,Mobile App,Visiting Friends/Relatives,Silver,250.11,262.62,5,No
P04007,FL0407,2025-06-19,Dubai,Frankfurt,Airbus A320,Cancelled,0,Business,Website,Leisure,Silver,2032.67,2134.3,2.2,No
P04008,FL0408,2025-12-19,Sydney,Paris,Airbus A320,On Time,0,Economy,Website,Leisure,Silver,441.4,441.4,4.3,Yes
P04009,FL0409,2025-10-24,Mumbai,Toronto,Airbus A380,On Time,0,Economy,Mobile App,Visiting Friends/Relatives,Silver,274.86,274.86,4.1,No
P04010,FL0410,2025-09-03,Dubai,Tokyo,Airbus A350,On Time,0,Premium Economy,Mobile App,Visiting Friends/Relatives,Silver,552.42,580.04,4.2,No
P04011,FL0411,2025-03-17,Sydney,Frankfurt,Airbus A350,On Time,0,Economy,Website,Leisure,Platinum,323.67,323.67,4.9,No
P04012,FL0412,2025-01-10,London,Paris,Boeing 787,On Time,0,Economy,Website,Leisure,Bronze,372.43,372.43,4.4,No
P04013,FL0413,2025-12-20,Singapore,Bangkok,Airbus A350,On Time,0,Economy,Website,Visiting Friends/Relatives,Bronze,292.91,307.56,3.8,No
P04014,FL0414,2025-02-01,Sydney,Bangkok,Airbus A350,On Time,0,Economy,Mobile App,Business,Gold,330.73,330.73,2.8,No
P04015,FL0415,2025-12-06,New York,Mumbai,Boeing 787,On Time,0,Economy,Website,Business,Platinum,208.29,208.29,4.7,No
P04016,FL0416,2025-08-24,Bangkok,Doha,Airbus A380,On Time,0,Premium Economy,Mobile App,Leisure,Silver,721.57,721.57,3.5,No
P04017,FL0417,2025-12-15,Bangkok,Toronto,Boeing 777,On Time,0,Economy,Corporate,Leisure,Platinum,389.62,389.62,4.0,No
P04018,FL0418,2025-05-23,Doha,Paris,Airbus A380,On Time,0,Economy,Website,Leisure,Platinum,365.28,383.54,4.3,No
P04019,FL0419,2025-12-27,Mumbai,Paris,Airbus A350,On Time,0,Economy,Travel Agent,Business,Bronze,486.37,510.69,4.0,No
P04020,FL0420,2025-09-03,Paris,Frankfurt,Boeing 777,On Time,0,Economy,Website,Business,Gold,375.07,375.07,4.5,No
P04021,FL0421,2025-03-04,Mumbai,Paris,Airbus A380,On Time,0,Economy,Mobile App,Leisure,Silver,251.1,263.66,4.1,No
P04022,FL0422,2025-06-26,Frankfurt,Bangkok,Airbus A350,On Time,0,Business,Website,Leisure,Silver,1491.67,1491.67,4.8,No
P04023,FL0423,2025-06-27,Mumbai,Singapore,Boeing 787,On Time,0,Economy,Website,Visiting Friends/Relatives,Gold,517.31,517.31,2.9,No
P04024,FL0424,2025-04-14,Paris,Dubai,Airbus A380,On Time,0,Economy,Website,Leisure,Gold,386.63,386.63,4.5,No
P04025,FL0425,2025-03-12,New York,Paris,Airbus A320,On Time,0,Economy,Mobile App,Business,Bronze,301.1,301.1,3.8,No
P04026,FL0426,2025-05-05,Sydney,Dubai,Airbus A320,On Time,0,Economy,Mobile App,Leisure,Platinum,391.1,391.1,4.7,No
P04027,FL0427,2025-11-23,New York,Dubai,Airbus A350,On Time,0,Economy,Mobile App,Business,Silver,357.11,374.97,4.3,No
P04028,FL0428,2025-08-30,Frankfurt,Mumbai,Airbus A320,On Time,0,Economy,Website,Visiting Friends/Relatives,Silver,401.21,401.21,4.4,No
P04029,FL0429,2025-10-09,Singapore,London,Airbus A350,On Time,0,Economy,Website,Leisure,Silver,184.94,194.19,5,No
P04030,FL0430,2025-11-30,Paris,New York,Airbus A350,On Time,0,Economy,Travel Agent,Leisure,Silver,306.23,306.23,4.7,No
P04031,FL0431,2025-05-27,Mumbai,Frankfurt,Airbus A320,Delayed,31,Economy,Mobile App,Leisure,Silver,297.34,297.34,3.9,No
P04032,FL0432,2025-03-31,New York,London,Boeing 787,Delayed,26,Economy,Mobile App,Leisure,Bronze,308.63,308.63,3.8,No
P04033,FL0433,2025-07-23,Singapore,London,Boeing 787,On Time,0,Economy,Travel Agent,Visiting Friends/Relatives,Gold,350.46,350.46,5,No
P04034,FL0434,2025-01-05,Mumbai,London,Boeing 777,On Time,0,Economy,Website,Business,Bronze,259.64,259.64,3.7,No
P04035,FL0435,2025-05-26,London,Frankfurt,Boeing 787,Cancelled,0,Business,Website,Visiting Friends/Relatives,Silver,2070.72,2070.72,3.6,No
P04036,FL0436,2025-09-10,New York,Sydney,Airbus A350,Delayed,10,Business,Mobile App,Leisure,Gold,2955.97,2955.97,3.7,No
P04037,FL0437,2025-03-25,London,Frankfurt,Boeing 787,On Time,0,Economy,Travel Agent,Business,Gold,393.07,393.07,5,No
P04038,FL0438,2025-06-22,Singapore,London,Boeing 777,On Time,0,Economy,Mobile App,Visiting Friends/Relatives,Bronze,217.72,217.72,4.6,No
P04039,FL0439,2025-11-09,Doha,Dubai,Boeing 787,Delayed,19,Economy,Website,Leisure,Bronze,394.07,413.77,4.1,No
P04040,FL0440,2025-02-14,New York,Mumbai,Boeing 787,On Time,0,Economy,Website,Leisure,Silver,215.82,226.61,3.7,No
P04041,FL0441,2025-09-02,Singapore,Dubai,Boeing 777,Delayed,29,Economy,Travel Agent,Business,Bronze,227.36,227.36,5.0,No
P04042,FL0442,2025-06-18,Paris,Mumbai,Boeing 777,On Time,0,Economy,Mobile App,Leisure,Bronze,552.71,552.71,4.9,No
P04043,FL0443,2025-05-14,Sydney,London,Boeing 777,On Time,0,Business,Mobile App,Visiting Friends/Relatives,Platinum,1516.29,1516.29,4.1,No
P04044,FL0444,2025-03-02,Dubai,Toronto,Boeing 787,On Time,0,Economy,Travel Agent,Leisure,Gold,579.22,579.22,3.9,No
P04045,FL0445,2025-09-15,Frankfurt,Toronto,Boeing 777,On Time,0,Economy,Mobile App,Leisure,Gold,319.46,319.46,3.0,No
P04046,FL0446,2025-11-11,Mumbai,Frankfurt,Airbus A350,On Time,0,Premium Economy,Corporate,Business,Gold,572.73,572.73,4.3,No
P04047,FL0447,2025-03-20,Singapore,New York,Boeing 787,On Time,0,Economy,Corporate,Visiting Friends/Relatives,Gold,305.24,305.24,4.4,Yes
P04048,FL0448,2025-08-01,Sydney,Mumbai,Airbus A380,Delayed,18,Business,Mobile App,Business,Bronze,1639.04,1639.04,3.1,No
P04049,FL0449,2025-04-22,New York,Toronto,Airbus A350,On Time,0,Business,Mobile App,Visiting Friends/Relatives,Silver,2097.82,2097.82,3.8,Yes
P04050,FL0450,2025-09-27,Sydney,Singapore,Boeing 787,On Time,0,Economy,Website,Leisure,Silver,149.34,149.34,3.8,No
P04051,FL0451,2025-10-16,Bangkok,Singapore,Airbus A320,On Time,0,Economy,Travel Agent,Leisure,Bronze,211.69,222.27,3.5,Yes
P04052,FL0452,2025-04-14,New York,Sydney,Airbus A380,On Time,0,Economy,Website,Business,Gold,544.08,544.08,3.1,No
P04053,FL0453,2025-09-24,Singapore,Frankfurt,Boeing 787,On Time,0,First,Mobile App,Leisure,Platinum,2863.96,2863.96,4.4,No
P04054,FL0454,2025-09-08,Doha,Tokyo,Airbus A320,Delayed,14,Economy,Website,Leisure,Bronze,233.83,233.83,4.1,No
P04055,FL0455,2025-08-01,Singapore,Sydney,Boeing 787,On Time,0,Economy,Website,Business,Bronze,563.37,563.37,3.4,No
P04056,FL0456,2025-12-11,New York,Bangkok,Boeing 777,On Time,0,Economy,Travel Agent,Business,Silver,530.37,530.37,4.2,No
P04057,FL0457,2025-01-02,Frankfurt,Paris,Airbus A350,On Time,0,Economy,Corporate,Business,Bronze,475.38,499.15,3.5,No
P04058,FL0458,2025-06-26,Dubai,Bangkok,Airbus A320,On Time,0,Economy,Website,Visiting Friends/Relatives,Gold,280.34,294.36,3.1,No
P04059,FL0459,2025-08-30,Dubai,Singapore,Airbus A320,On Time,0,First,Website,Leisure,Bronze,4908.25,4908.25,5,No
P04060,FL0460,2025-11-25,Singapore,Dubai,Boeing 787,On Time,0,Economy,Travel Agent,Leisure,Silver,331.28,347.84,4.0,No
P04061,FL0461,2025-07-13,Frankfurt,New York,Boeing 787,On Time,0,Premium Economy,Website,Visiting Friends/Relatives,Bronze,696.89,696.89,5,No
P04062,FL0462,2025-12-01,New York,Doha,Boeing 777,On Time,0,Economy,Website,Leisure,Bronze,257.42,257.42,4.1,No
P04063,FL0463,2025-09-28,New York,Frankfurt,Airbus A350,On Time,0,Economy,Mobile App,Business,Bronze,317.6,317.6,4.3,Yes
P04064,FL0464,2025-01-12,Doha,London,Boeing 777,On Time,0,Economy,Website,Visiting Friends/Relatives,Silver,370.27,370.27,4.1,No
P04065,FL0465,2025-09-30,New York,Frankfurt,Boeing 787,Delayed,19,Economy,Mobile App,Leisure,Silver,436.7,436.7,2.9,No
P04066,FL0466,2025-06-27,Doha,New York,Airbus A350,On Time,0,Economy,Corporate,Leisure,Platinum,224.24,224.24,3.6,No
P04067,FL0467,2025-12-05,London,Singapore,Boeing 787,On Time,0,Business,Mobile App,Leisure,Gold,2088.59,2088.59,3.6,No
P04068,FL0468,2025-04-16,Dubai,Paris,Airbus A320,On Time,0,Business,Website,Business,Gold,1606.33,1606.33,3.8,No
P04069,FL0469,2025-11-03,Dubai,New York,Airbus A320,On Time,0,Economy,Website,Business,Gold,384.97,404.22,4.1,No
P04070,FL0470,2025-08-13,Dubai,Bangkok,Airbus A350,On Time,0,Business,Travel Agent,Leisure,Silver,1632.08,1632.08,4.5,No
P04071,FL0471,2025-09-15,Dubai,Doha,Boeing 777,On Time,0,Economy,Travel Agent,Business,Silver,326.84,326.84,5,No
P04072,FL0472,2025-10-23,Sydney,Mumbai,Airbus A380,On Time,0,Economy,Corporate,Leisure,Bronze,412.06,412.06,5,No
P04073,FL0473,2025-06-04,Bangkok,Dubai,Airbus A350,Cancelled,0,Business,Corporate,Visiting Friends/Relatives,Silver,2259.6,2259.6,3.3,Yes
P04074,FL0474,2025-07-31,New York,Dubai,Boeing 777,On Time,0,First,Website,Leisure,Silver,4255.23,4255.23,5.0,No
P04075,FL0475,2025-03-31,New York,Tokyo,Boeing 787,On Time,0,Economy,Travel Agent,Visiting Friends/Relatives,Bronze,292.92,292.92,4.8,No
P04076,FL0476,2025-11-26,Dubai,Frankfurt,Boeing 787,Delayed,12,Business,Mobile App,Leisure,Gold,1721.26,1807.32,3.7,No
P04077,FL0477,2025-07-12,Singapore,Mumbai,Airbus A350,On Time,0,Economy,Travel Agent,Leisure,Bronze,275.9,275.9,4.3,No
P04078,FL0478,2025-04-26,Paris,Dubai,Boeing 777,Delayed,29,Economy,Website,Leisure,Platinum,261.59,261.59,3.9,No
P04079,FL0479,2025-01-30,Singapore,New York,Airbus A380,On Time,0,Premium Economy,Mobile App,Business,Gold,760.15,798.16,4.8,No
P04080,FL0480,2025-09-29,Frankfurt,Sydney,Airbus A350,On Time,0,Economy,Mobile App,Visiting Friends/Relatives,Silver,353.27,353.27,4.0,No
P04081,FL0481,2025-06-19,Mumbai,Dubai,Airbus A320,Delayed,21,Economy,Travel Agent,Visiting Friends/Relatives,Gold,387.81,387.81,2.2,No
P04082,FL0482,2025-05-18,Doha,London,Boeing 787,On Time,0,Premium Economy,Website,Business,Bronze,414.29,435.0,4.1,No
P04083,FL0483,2025-02-07,Sydney,London,Airbus A350,Delayed,13,Premium Economy,Mobile App,Business,Bronze,375.44,394.21,2.9,No
P04084,FL0484,2025-10-14,Sydney,Toronto,Airbus A350,On Time,0,Economy,Mobile App,Business,Gold,438.28,438.28,4.4,No
P04085,FL0485,2025-01-08,Bangkok,Paris,Airbus A350,Delayed,23,Premium Economy,Travel Agent,Visiting Friends/Relatives,Silver,1098.99,1098.99,4.6,No
P04086,FL0486,2025-12-23,Paris,Dubai,Airbus A380,On Time,0,Economy,Mobile App,Visiting Friends/Relatives,Bronze,375.1,375.1,3.7,No
P04087,FL0487,2025-10-10,Frankfurt,Dubai,Boeing 777,On Time,0,Economy,Website,Visiting Friends/Relatives,Bronze,324.62,324.62,3.4,No
P04088,FL0488,2025-10-01,Frankfurt,New York,Boeing 777,On Time,0,Economy,Website,Leisure,Platinum,326.21,326.21,4.2,No
P04089,FL0489,2025-09-12,Bangkok,Sydney,Boeing 787,On Time,0,Economy,Mobile App,Visiting Friends/Relatives,Bronze,210.12,210.12,4.6,No
P04090,FL0490,2025-04-15,Paris,Frankfurt,Boeing 777,On Time,0,Economy,Corporate,Visiting Friends/Relatives,Bronze,346.08,346.08,4.2,No
P04091,FL0491,2025-04-24,Dubai,Tokyo,Airbus A350,On Time,0,Business,Website,Leisure,Silver,1008.22,1008.22,3.6,No
P04092,FL0492,2025-10-24,New York,Tokyo,Boeing 787,On Time,0,Economy,Website,Business,Bronze,233.37,233.37,5,No
P04093,FL0493,2025-04-28,Doha,Frankfurt,Boeing 787,On Time,0,Business,Website,Business,Bronze,2493.39,2618.06,5.0,No
P04094,FL0494,2025-10-09,Doha,New York,Boeing 777,On Time,0,Economy,Website,Business,Gold,405.12,425.38,3.5,No
P04095,FL0495,2025-09-09,Paris,Toronto,Boeing 787,On Time,0,Economy,Mobile App,Business,Silver,203.17,203.17,4.6,No
P04096,FL0496,2025-03-13,Bangkok,Doha,Airbus A380,On Time,0,Economy,Website,Leisure,Gold,218.11,218.11,4.2,Yes
P04097,FL0497,2025-01-31,New York,Toronto,Airbus A380,On Time,0,Business,Website,Leisure,Silver,1642.65,1642.65,4.9,No
P04098,FL0498,2025-01-25,London,Toronto,Airbus A320,On Time,0,Economy,Website,Business,Silver,215.61,215.61,4.5,No
P04099,FL0499,2025-12-29,Doha,Singapore,Airbus A350,On Time,0,Economy,Website,Leisure,Platinum,539.21,539.21,4.8,No
P04100,FL0500,2025-07-11,New York,Bangkok,Airbus A320,On Time,0,Business,Website,Leisure,Gold,1840.76,1840.76,3.7,No
P04101,FL0501,2025-12-04,Sydney,Bangkok,Boeing 787,On Time,0,Business,Travel Agent,Visiting Friends/Relatives,Bronze,1626.42,1626.42,3.3,No
P04102,FL0502,2025-07-30,New York,Sydney,Airbus A320,On Time,0,Economy,Mobile App,Business,Gold,177.58,186.46,4.7,No
P04103,FL0503,2025-05-27,Mumbai,Sydney,Airbus A320,On Time,0,Economy,Mobile App,Business,Gold,283.93,283.93,3.7,No
P04104,FL0504,2025-02-24,Frankfurt,Doha,Airbus A320,On Time,0,First,Website,Visiting Friends/Relatives,Bronze,5806.31,5806.31,4.6,No
P04105,FL0505,2025-11-14,Doha,Paris,Airbus A380,On Time,0,Economy,Mobile App,Business,Platinum,581.86,581.86,5,Yes
P04106,FL0506,2025-07-23,Bangkok,Paris,Airbus A320,On Time,0,Business,Travel Agent,Leisure,Gold,2666.13,2666.13,4.6,No
P04107,FL0507,2025-10-17,Frankfurt,New York,Airbus A350,Cancelled,0,Business,Website,Visiting Friends/Relatives,Bronze,1289.94,1289.94,3.4,No
P04108,FL0508,2025-12-17,Doha,Mumbai,Airbus A320,On Time,0,Economy,Mobile App,Business,Platinum,491.35,515.92,4.9,No
P04109,FL0509,2025-07-27,Dubai,Singapore,Boeing 787,On Time,0,Economy,Mobile App,Visiting Friends/Relatives,Gold,332.81,332.81,4.1,Yes
P04110,FL0510,2025-11-23,Paris,London,Airbus A320,On Time,0,Economy,Mobile App,Visiting Friends/Relatives,Silver,312.12,327.73,4.8,No
P04111,FL0511,2025-08-11,London,New York,Boeing 777,On Time,0,Economy,Website,Visiting Friends/Relatives,Bronze,372.45,391.07,3.6,No
P04112,FL0512,2025-01-22,London,Sydney,Airbus A350,On Time,0,Economy,Website,Leisure,Bronze,264.6,277.83,3.7,No
P04113,FL0513,2025-05-19,Sydney,Bangkok,Airbus A320,Delayed,16,Premium Economy,Travel Agent,Visiting Friends/Relatives,Silver,415.54,415.54,4.2,No
P04114,FL0514,2025-10-16,Mumbai,Sydney,Airbus A320,On Time,0,Economy,Website,Leisure,Gold,509.95,509.95,5.0,No
P04115,FL0515,2025-04-17,Bangkok,London,Airbus A380,On Time,0,Business,Travel Agent,Visiting Friends/Relatives,Bronze,1609.71,1690.2,3.2,No
P04116,FL0516,2025-06-03,Frankfurt,Singapore,Airbus A350,On Time,0,Economy,Website,Visiting Friends/Relatives,Silver,351.97,351.97,4.1,No
P04117,FL0517,2025-12-13,Sydney,Frankfurt,Airbus A380,On Time,0,Economy,Website,Visiting Friends/Relatives,Platinum,325.83,325.83,4.4,No
P04118,FL0518,2025-09-14,Singapore,Doha,Boeing 777,On Time,0,Economy,Mobile App,Visiting Friends/Relatives,Bronze,326.21,342.52,4.9,No
P04119,FL0519,2025-02-08,Frankfurt,Dubai,Boeing 777,On Time,0,Economy,Mobile App,Visiting Friends/Relatives,Gold,240.65,240.65,4.6,Yes
P04120,FL0520,2025-07-23,Sydney,Tokyo,Boeing 777,On Time,0,Business,Website,Visiting Friends/Relatives,Bronze,2912.64,2912.64,4.8,No
P04121,FL0521,2025-09-09,Mumbai,New York,Airbus A350,On Time,0,Economy,Corporate,Leisure,Bronze,420.92,420.92,4.5,No
P04122,FL0522,2025-04-06,Frankfurt,Bangkok,Airbus A380,On Time,0,Economy,Website,Leisure,Silver,315.12,315.12,3.9,No
P04123,FL0523,2025-06-01,London,Tokyo,Airbus A350,On Time,0,Business,Corporate,Visiting Friends/Relatives,Silver,1881.72,1881.72,4.8,No
P04124,FL0524,2025-03-20,London,Mumbai,Boeing 787,On Time,0,Economy,Website,Leisure,Bronze,456.96,456.96,3.6,No
P04125,FL0525,2025-06-12,Singapore,Bangkok,Boeing 777,On Time,0,Business,Corporate,Visiting Friends/Relatives,Gold,2022.26,2022.26,5,No
P04126,FL0526,2025-08-16,Dubai,Mumbai,Boeing 777,On Time,0,Economy,Mobile App,Visiting Friends/Relatives,Bronze,531.29,531.29,4.7,No
P04127,FL0527,2025-02-14,London,Dubai,Airbus A350,On Time,0,Economy,Travel Agent,Leisure,Gold,396.14,396.14,3.8,No
P04128,FL0528,2025-09-20,New York,Sydney,Boeing 787,On Time,0,Economy,Mobile App,Visiting Friends/Relatives,Bronze,262.12,262.12,5,No
P04129,FL0529,2025-10-11,London,Frankfurt,Airbus A320,On Time,0,Economy,Mobile App,Business,Gold,423.67,423.67,4.3,No
P04130,FL0530,2025-01-07,Bangkok,Frankfurt,Boeing 777,On Time,0,Premium Economy,Corporate,Business,Platinum,962.11,1010.22,4.1,No
P04131,FL0531,2025-05-05,London,Sydney,Airbus A380,On Time,0,Economy,Travel Agent,Business,Platinum,218.52,218.52,4.8,No
P04132,FL0532,2025-03-13,Frankfurt,Doha,Boeing 777,On Time,0,Economy,Mobile App,Business,Gold,374.53,374.53,4.0,No
P04133,FL0533,2025-02-02,Paris,Doha,Airbus A350,On Time,0,First,Travel Agent,Leisure,Bronze,2435.35,2435.35,3.9,No
P04134,FL0534,2025-09-05,Frankfurt,Paris,Airbus A320,On Time,0,Business,Travel Agent,Visiting Friends/Relatives,Gold,1752.93,1840.58,5,No
P04135,FL0535,2025-09-11,Doha,Toronto,Airbus A380,On Time,0,Premium Economy,Mobile App,Leisure,Bronze,612.41,612.41,4.2,No
P04136,FL0536,2025-03-11,Paris,Singapore,Boeing 777,On Time,0,Business,Mobile App,Leisure,Platinum,1410.09,1480.59,4.3,No
P04137,FL0537,2025-11-14,Frankfurt,Mumbai,Boeing 787,Delayed,12,Economy,Website,Business,Bronze,492.56,492.56,3.2,No
P04138,FL0538,2025-06-03,Sydney,Doha,Boeing 777,On Time,0,Economy,Website,Visiting Friends/Relatives,Bronze,151.9,151.9,4.1,No
P04139,FL0539,2025-06-10,Doha,New York,Airbus A350,Delayed,27,Economy,Mobile App,Leisure,Silver,523.52,523.52,4.4,No
P04140,FL0540,2025-12-22,Bangkok,Paris,Boeing 787,Delayed,20,Business,Mobile App,Visiting Friends/Relatives,Silver,1773.59,1773.59,3.0,No
P04141,FL0541,2025-07-06,Mumbai,Bangkok,Airbus A320,Delayed,7,Economy,Website,Leisure,Bronze,255.11,255.11,2.8,No
P04142,FL0542,2025-10-07,Doha,Tokyo,Airbus A350,On Time,0,Premium Economy,Travel Agent,Leisure,Silver,755.47,755.47,4.1,No
P04143,FL0543,2025-08-25,New York,London,Airbus A350,On Time,0,Economy,Mobile App,Business,Platinum,280.99,280.99,5.0,No
P04144,FL0544,2025-07-29,Mumbai,Singapore,Boeing 787,On Time,0,Economy,Travel Agent,Visiting Friends/Relatives,Gold,327.76,344.15,4.6,No
P04145,FL0545,2025-05-10,Mumbai,Dubai,Airbus A350,On Time,0,Premium Economy,Mobile App,Visiting Friends/Relatives,Silver,461.09,484.14,4.5,No
P04146,FL0546,2025-08-18,Frankfurt,Singapore,Airbus A380,On Time,0,Economy,Mobile App,Leisure,Silver,185.35,185.35,4.0,No
P04147,FL0547,2025-09-17,Frankfurt,Sydney,Boeing 787,On Time,0,Economy,Mobile App,Visiting Friends/Relatives,Bronze,383.67,383.67,3.6,No
P04148,FL0548,2025-11-01,Bangkok,Sydney,Airbus A320,On Time,0,Business,Website,Visiting Friends/Relatives,Bronze,2559.36,2559.36,4.2,No
P04149,FL0549,2025-12-07,Doha,Toronto,Boeing 777,On Time,0,Economy,Corporate,Visiting Friends/Relatives,Bronze,181.77,181.77,4.1,No
P04150,FL0550,2025-10-16,Sydney,London,Boeing 787,Delayed,7,Premium Economy,Mobile App,Business,Silver,1167.72,1226.11,3.2,No
P04151,FL0551,2025-02-20,London,Singapore,Boeing 777,On Time,0,Economy,Travel Agent,Business,Gold,201.19,211.25,4.5,No
P04152,FL0552,2025-10-25,New York,Sydney,Airbus A380,On Time,0,Economy,Mobile App,Leisure,Platinum,338.6,338.6,4.2,No
P04153,FL0553,2025-08-26,Bangkok,Frankfurt,Airbus A380,On Time,0,Economy,Travel Agent,Leisure,Bronze,281.18,281.18,3.3,No
P04154,FL0554,2025-01-13,Singapore,Frankfurt,Boeing 787,On Time,0,Economy,Mobile App,Leisure,Bronze,298.86,313.8,4.2,No
P04155,FL0555,2025-03-01,Frankfurt,Singapore,Airbus A350,On Time,0,Economy,Website,Leisure,Bronze,177.74,177.74,4.6,No
P04156,FL0556,2025-04-16,Bangkok,New York,Airbus A380,On Time,0,Economy,Travel Agent,Business,Silver,324.12,340.33,5,No
P04157,FL0557,2025-08-13,Paris,Singapore,Boeing 787,On Time,0,Economy,Mobile App,Visiting Friends/Relatives,Bronze,192.33,201.95,4.3,No
P04158,FL0558,2025-12-30,Mumbai,London,Airbus A320,On Time,0,Business,Website,Business,Gold,2104.02,2104.02,4.1,No
P04159,FL0559,2025-02-25,Bangkok,Toronto,Airbus A350,Delayed,36,Business,Travel Agent,Visiting Friends/Relatives,Bronze,1423.76,1423.76,3.9,No
P04160,FL0560,2025-03-31,Doha,Sydney,Airbus A380,On Time,0,Economy,Website,Business,Bronze,396.64,396.64,3.8,No
P04161,FL0561,2025-08-25,New York,Frankfurt,Airbus A350,Delayed,12,Premium Economy,Website,Visiting Friends/Relatives,Platinum,647.41,647.41,4.3,No
P04162,FL0562,2025-01-15,Frankfurt,Bangkok,Airbus A380,Delayed,12,Economy,Mobile App,Leisure,Bronze,267.54,267.54,3.6,No
P04163,FL0563,2025-08-08,Paris,Tokyo,Boeing 787,On Time,0,Premium Economy,Website,Leisure,Platinum,752.45,752.45,4.9,No
P04164,FL0564,2025-05-23,Doha,Paris,Airbus A320,On Time,0,Economy,Mobile App,Leisure,Gold,324.72,324.72,4.8,No
P04165,FL0565,2025-07-07,New York,Doha,Boeing 777,On Time,0,Economy,Travel Agent,Business,Silver,228.98,228.98,3.7,No
P04166,FL0566,2025-12-10,London,Mumbai,Boeing 787,On Time,0,Premium Economy,Mobile App,Leisure,Bronze,773.46,812.13,5,No
P04167,FL0567,2025-07-18,Bangkok,Tokyo,Airbus A380,On Time,0,Economy,Website,Leisure,Silver,310.06,310.06,4.3,No
P04168,FL0568,2025-06-30,London,Frankfurt,Boeing 787,On Time,0,Economy,Travel Agent,Visiting Friends/Relatives,Gold,221.53,232.61,4.7,No
P04169,FL0569,2025-10-30,Mumbai,Tokyo,Airbus A320,On Time,0,Economy,Mobile App,Business,Bronze,260.84,260.84,3.8,No
P04170,FL0570,2025-05-03,Bangkok,Singapore,Boeing 777,On Time,0,Business,Travel Agent,Visiting Friends/Relatives,Silver,1636.0,1636.0,3.9,No
P04171,FL0571,2025-09-19,Bangkok,Doha,Boeing 787,On Time,0,Economy,Website,Business,Silver,601.15,601.15,4.5,No
P04172,FL0572,2025-07-16,Singapore,Tokyo,Boeing 787,On Time,0,Economy,Corporate,Leisure,Bronze,237.81,237.81,4.1,No
P04173,FL0573,2025-03-30,New York,Toronto,Airbus A380,On Time,0,Economy,Website,Business,Bronze,366.48,366.48,5,No
P04174,FL0574,2025-04-06,Mumbai,Doha,Boeing 777,Delayed,1,Economy,Website,Business,Bronze,219.74,219.74,2.9,No
P04175,FL0575,2025-03-11,Dubai,New York,Airbus A350,Delayed,1,Business,Mobile App,Business,Bronze,2015.1,2015.1,3.4,No
P04176,FL0576,2025-12-01,New York,Sydney,Boeing 787,On Time,0,Economy,Travel Agent,Business,Silver,259.09,259.09,3.7,No
P04177,FL0577,2025-12-30,Paris,Bangkok,Boeing 787,On Time,0,Premium Economy,Website,Leisure,Silver,502.4,502.4,4.6,No
P04178,FL0578,2025-01-16,London,Tokyo,Airbus A350,On Time,0,Economy,Travel Agent,Leisure,Bronze,298.97,298.97,5.0,No
P04179,FL0579,2025-10-03,Mumbai,Dubai,Boeing 777,On Time,0,Economy,Mobile App,Visiting Friends/Relatives,Bronze,267.67,267.67,3.8,No
P04180,FL0580,2025-09-11,Paris,Tokyo,Airbus A380,On Time,0,Economy,Website,Business,Silver,397.91,397.91,4.1,No
P04181,FL0581,2025-05-18,Sydney,Singapore,Airbus A380,Delayed,3,Economy,Travel Agent,Visiting Friends/Relatives,Bronze,267.38,267.38,3.3,No
P04182,FL0582,2025-10-07,Dubai,New York,Airbus A350,Cancelled,0,Premium Economy,Mobile App,Leisure,Silver,503.01,503.01,1.8,No
P04183,FL0583,2025-05-07,London,Toronto,Boeing 777,Delayed,34,Business,Mobile App,Business,Platinum,1602.21,1602.21,5,No
P04184,FL0584,2025-05-15,Dubai,New York,Boeing 777,Delayed,38,Business,Website,Visiting Friends/Relatives,Gold,1524.83,1524.83,3.3,No
P04185,FL0585,2025-04-18,London,Paris,Airbus A380,On Time,0,Premium Economy,Website,Leisure,Bronze,865.61,865.61,4.1,No
P04186,FL0586,2025-08-08,Sydney,Toronto,Airbus A350,On Time,0,Economy,Mobile App,Visiting Friends/Relatives,Silver,210.4,210.4,4.4,No
P04187,FL0587,2025-01-31,Doha,Paris,Airbus A380,On Time,0,Business,Mobile App,Business,Bronze,2624.47,2624.47,4.9,No
P04188,FL0588,2025-10-03,Mumbai,Tokyo,Airbus A350,On Time,0,Economy,Website,Leisure,Bronze,313.7,313.7,2.6,No
P04189,FL0589,2025-10-21,Mumbai,Paris,Boeing 777,Delayed,30,Economy,Travel Agent,Visiting Friends/Relatives,Silver,212.08,212.08,3.6,No
P04190,FL0590,2025-02-18,New York,Toronto,Airbus A350,Delayed,23,Economy,Travel Agent,Business,Bronze,361.45,361.45,4.0,No
P04191,FL0591,2025-03-06,Mumbai,Toronto,Airbus A350,On Time,0,Economy,Travel Agent,Visiting Friends/Relatives,Silver,275.94,289.74,4.9,No
P04192,FL0592,2025-12-13,Bangkok,Dubai,Boeing 787,On Time,0,Premium Economy,Website,Visiting Friends/Relatives,Bronze,778.37,778.37,4.5,No
P04193,FL0593,2025-05-18,Sydney,Toronto,Boeing 787,On Time,0,Economy,Mobile App,Business,Platinum,367.93,367.93,4.1,No
P04194,FL0594,2025-02-17,London,Toronto,Boeing 787,On Time,0,Economy,Mobile App,Leisure,Silver,343.7,343.7,5,No
P04195,FL0595,2025-08-21,Mumbai,Frankfurt,Boeing 787,On Time,0,Economy,Website,Visiting Friends/Relatives,Gold,157.86,157.86,4.0,No
P04196,FL0596,2025-08-23,Dubai,Singapore,Boeing 777,Delayed,1,Economy,Mobile App,Business,Bronze,368.22,386.63,3.3,No
P04197,FL0597,2025-04-22,New York,Frankfurt,Boeing 787,Delayed,7,Business,Website,Business,Bronze,2251.67,2251.67,3.3,No
P04198,FL0598,2025-10-08,Mumbai,Frankfurt,Airbus A380,On Time,0,Economy,Website,Business,Bronze,546.89,546.89,4.3,No
P04199,FL0599,2025-12-16,Paris,Frankfurt,Airbus A320,On Time,0,Business,Mobile App,Visiting Friends/Relatives,Bronze,2154.84,2262.58,5,No
P04200,FL0600,2025-03-05,Paris,London,Airbus A350,On Time,0,Economy,Mobile App,Business,Gold,358.54,358.54,3.5,No
P04201,FL0601,2025-04-14,Dubai,Bangkok,Airbus A350,Delayed,18,Economy,Website,Business,Gold,334.32,334.32,3.6,No
P04202,FL0602,2025-05-21,Mumbai,Doha,Airbus A320,On Time,0,Premium Economy,Travel Agent,Business,Bronze,687.86,722.25,3.9,No
P04203,FL0603,2025-07-10,Mumbai,Singapore,Airbus A350,On Time,0,Economy,Mobile App,Business,Silver,345.05,345.05,4.0,No
P04204,FL0604,2025-08-08,Mumbai,Dubai,Airbus A320,On Time,0,Economy,Corporate,Business,Platinum,262.9,262.9,4.1,No
P04205,FL0605,2025-09-02,Dubai,Paris,Airbus A320,On Time,0,Economy,Website,Business,Gold,301.14,301.14,3.3,No
P04206,FL0606,2025-12-15,Doha,Sydney,Boeing 787,On Time,0,Economy,Corporate,Leisure,Gold,400.78,400.78,4.8,No
P04207,FL0607,2025-08-05,Bangkok,Singapore,Airbus A350,On Time,0,Economy,Mobile App,Leisure,Platinum,217.49,217.49,4.4,No
P04208,FL0608,2025-02-15,Doha,Bangkok,Airbus A320,On Time,0,Economy,Corporate,Business,Silver,307.61,307.61,4.0,No
P04209,FL0609,2025-03-12,Bangkok,Paris,Boeing 787,On Time,0,Economy,Website,Leisure,Gold,361.44,379.51,4.6,No
P04210,FL0610,2025-12-13,Singapore,Toronto,Airbus A350,On Time,0,Economy,Travel Agent,Visiting Friends/Relatives,Bronze,235.39,247.16,4.3,No
P04211,FL0611,2025-11-09,Sydney,London,Airbus A350,On Time,0,Economy,Travel Agent,Leisure,Silver,404.51,404.51,4.2,No
P04212,FL0612,2025-03-19,Doha,Toronto,Boeing 787,On Time,0,Premium Economy,Travel Agent,Visiting Friends/Relatives,Silver,497.54,497.54,4.2,No
P04213,FL0613,2025-02-14,Paris,Dubai,Airbus A320,On Time,0,Economy,Website,Leisure,Gold,341.64,341.64,4.4,No
P04214,FL0614,2025-07-16,London,Tokyo,Boeing 777,Delayed,15,Premium Economy,Corporate,Business,Silver,762.55,762.55,3.9,No
P04215,FL0615,2025-02-13,Mumbai,Toronto,Airbus A350,On Time,0,Economy,Mobile App,Visiting Friends/Relatives,Gold,356.45,356.45,3.2,No
P04216,FL0616,2025-05-26,Sydney,Tokyo,Airbus A320,Delayed,24,Premium Economy,Website,Visiting Friends/Relatives,Platinum,769.68,769.68,3.1,No
P04217,FL0617,2025-09-23,Mumbai,Dubai,Airbus A380,On Time,0,Business,Website,Business,Bronze,1568.94,1568.94,4.2,No
P04218,FL0618,2025-11-27,Frankfurt,Paris,Airbus A320,Delayed,20,Economy,Mobile App,Visiting Friends/Relatives,Gold,300.88,300.88,3.0,No
P04219,FL0619,2025-05-04,Frankfurt,Singapore,Boeing 787,On Time,0,Economy,Corporate,Business,Bronze,285.66,285.66,4.3,No
P04220,FL0620,2025-01-07,London,Sydney,Boeing 777,Delayed,9,Economy,Website,Visiting Friends/Relatives,Silver,253.82,253.82,3.6,No
P04221,FL0621,2025-10-19,Singapore,Bangkok,Boeing 787,On Time,0,Economy,Mobile App,Business,Bronze,212.22,212.22,3.6,No
P04222,FL0622,2025-02-07,Singapore,New York,Airbus A320,On Time,0,Economy,Website,Visiting Friends/Relatives,Bronze,402.52,402.52,4.9,No
P04223,FL0623,2025-04-21,Dubai,Mumbai,Airbus A320,Delayed,29,Economy,Mobile App,Business,Gold,343.13,360.29,3.6,No
P04224,FL0624,2025-12-31,Mumbai,Toronto,Airbus A380,On Time,0,Business,Corporate,Leisure,Platinum,2068.73,2172.17,5,No
P04225,FL0625,2025-02-12,Frankfurt,Bangkok,Airbus A380,On Time,0,Economy,Website,Leisure,Silver,352.09,369.69,4.5,No
P04226,FL0626,2025-02-12,Singapore,Mumbai,Boeing 777,On Time,0,Business,Website,Leisure,Silver,1263.22,1263.22,4.4,No
P04227,FL0627,2025-10-02,Doha,Dubai,Boeing 777,On Time,0,Economy,Mobile App,Visiting Friends/Relatives,Bronze,485.97,485.97,5.0,No
P04228,FL0628,2025-12-24,London,Mumbai,Boeing 787,On Time,0,Economy,Mobile App,Visiting Friends/Relatives,Bronze,243.21,255.37,4.0,No
P04229,FL0629,2025-05-06,Doha,London,Airbus A320,Delayed,14,Economy,Website,Business,Gold,290.09,290.09,3.4,No
P04230,FL0630,2025-11-10,London,New York,Airbus A380,On Time,0,Economy,Mobile App,Visiting Friends/Relatives,Bronze,260.77,260.77,4.0,No
P04231,FL0631,2025-01-07,Singapore,Doha,Airbus A350,On Time,0,First,Mobile App,Leisure,Silver,4713.61,4949.29,4.3,No
P04232,FL0632,2025-06-27,Singapore,New York,Airbus A380,On Time,0,Business,Mobile App,Leisure,Silver,1268.36,1268.36,5,No
P04233,FL0633,2025-07-10,Mumbai,Doha,Airbus A350,On Time,0,Premium Economy,Travel Agent,Business,Bronze,825.06,866.31,4.1,No
P04234,FL0634,2025-01-16,Mumbai,Singapore,Boeing 777,Delayed,17,Business,Website,Visiting Friends/Relatives,Platinum,1913.67,1913.67,3.9,No
P04235,FL0635,2025-02-09,Sydney,Toronto,Boeing 787,On Time,0,Economy,Travel Agent,Leisure,Silver,255.08,267.83,3.8,No
P04236,FL0636,2025-09-13,Bangkok,London,Airbus A380,On Time,0,Economy,Mobile App,Business,Silver,237.48,237.48,3.4,No
P04237,FL0637,2025-02-22,Singapore,Mumbai,Airbus A380,On Time,0,Economy,Website,Visiting Friends/Relatives,Bronze,350.99,350.99,2.9,Yes
P04238,FL0638,2025-09-18,London,Paris,Airbus A320,On Time,0,Economy,Travel Agent,Business,Bronze,443.09,443.09,3.2,No
P04239,FL0639,2025-01-24,Dubai,Paris,Boeing 787,On Time,0,Economy,Mobile App,Visiting Friends/Relatives,Silver,364.42,364.42,4.2,No
P04240,FL0640,2025-01-19,Singapore,Dubai,Airbus A380,Delayed,22,Economy,Website,Visiting Friends/Relatives,Bronze,303.73,303.73,3.1,No
P04241,FL0641,2025-06-14,Frankfurt,Dubai,Airbus A350,On Time,0,Economy,Corporate,Leisure,Gold,477.47,501.34,4.3,No
P04242,FL0642,2025-02-09,Bangkok,Paris,Airbus A380,On Time,0,Economy,Mobile App,Business,Gold,239.94,239.94,4.5,No
P04243,FL0643,2025-01-27,New York,Toronto,Airbus A350,On Time,0,Business,Mobile App,Visiting Friends/Relatives,Platinum,1622.82,1622.82,4.7,No
P04244,FL0644,2025-07-25,New York,London,Airbus A320,Delayed,31,Economy,Website,Leisure,Silver,516.2,516.2,4.1,No
P04245,FL0645,2025-02-14,Mumbai,Frankfurt,Airbus A380,On Time,0,Premium Economy,Website,Leisure,Silver,692.91,692.91,3.6,No
P04246,FL0646,2025-05-30,Bangkok,Dubai,Airbus A380,Delayed,2,Economy,Travel Agent,Leisure,Platinum,200.56,200.56,3.2,No
P04247,FL0647,2025-08-26,Sydney,Dubai,Boeing 777,On Time,0,Economy,Mobile App,Visiting Friends/Relatives,Bronze,449.74,472.23,3.4,No
P04248,FL0648,2025-10-07,Paris,Dubai,Airbus A350,On Time,0,Economy,Website,Business,Silver,239.6,239.6,4.1,No
P04249,FL0649,2025-04-30,Frankfurt,London,Airbus A380,On Time,0,Economy,Website,Business,Bronze,290.32,290.32,4.0,No
P04250,FL0650,2025-01-01,Dubai,Frankfurt,Boeing 787,Delayed,17,Economy,Website,Visiting Friends/Relatives,Silver,210.93,210.93,4.4,No
P04251,FL0651,2025-08-03,New York,Dubai,Boeing 787,Delayed,12,Economy,Mobile App,Visiting Friends/Relatives,Silver,464.91,464.91,4.3,No
P04252,FL0652,2025-02-17,Singapore,Mumbai,Airbus A320,Delayed,29,Economy,Travel Agent,Visiting Friends/Relatives,Silver,241.29,253.35,3.5,No
P04253,FL0653,2025-02-13,Bangkok,New York,Airbus A380,On Time,0,Economy,Mobile App,Visiting Friends/Relatives,Gold,425.52,425.52,4.5,No
P04254,FL0654,2025-07-21,Singapore,Toronto,Airbus A320,On Time,0,First,Website,Leisure,Bronze,3459.08,3632.03,4.2,No
P04255,FL0655,2025-12-06,Dubai,Bangkok,Airbus A350,On Time,0,Premium Economy,Mobile App,Business,Platinum,372.11,372.11,4.2,No
P04256,FL0656,2025-07-21,Mumbai,Frankfurt,Boeing 777,On Time,0,Economy,Travel Agent,Business,Bronze,242.94,255.09,5,No
P04257,FL0657,2025-02-08,Mumbai,Dubai,Airbus A350,On Time,0,Economy,Travel Agent,Visiting Friends/Relatives,Bronze,368.12,368.12,3.6,No
P04258,FL0658,2025-03-21,Sydney,Singapore,Airbus A320,On Time,0,Economy,Website,Visiting Friends/Relatives,Platinum,273.47,273.47,4.0,No
P04259,FL0659,2025-07-28,Paris,Frankfurt,Airbus A320,On Time,0,Economy,Travel Agent,Leisure,Bronze,170.03,170.03,4.1,No
P04260,FL0660,2025-06-07,Doha,New York,Boeing 787,On Time,0,Economy,Mobile App,Business,Bronze,280.19,280.19,4.4,No
P04261,FL0661,2025-03-22,London,Doha,Boeing 777,Delayed,9,Economy,Website,Leisure,Silver,356.25,374.06,4.7,Yes
P04262,FL0662,2025-04-21,Sydney,London,Boeing 777,On Time,0,Economy,Website,Leisure,Silver,446.28,468.59,4.1,No
P04263,FL0663,2025-07-22,Doha,Frankfurt,Airbus A380,On Time,0,Economy,Travel Agent,Leisure,Bronze,260.6,260.6,3.5,No
P04264,FL0664,2025-03-31,Mumbai,Paris,Airbus A320,Delayed,27,Economy,Website,Visiting Friends/Relatives,Bronze,226.58,237.91,3.5,No
P04265,FL0665,2025-02-18,New York,Dubai,Boeing 787,On Time,0,Economy,Mobile App,Business,Silver,292.98,292.98,4.4,No
P04266,FL0666,2025-01-07,Singapore,Doha,Airbus A320,Delayed,5,Business,Mobile App,Business,Silver,1776.3,1865.12,4.7,No
P04267,FL0667,2025-04-12,Doha,Dubai,Boeing 787,On Time,0,Economy,Mobile App,Visiting Friends/Relatives,Bronze,301.3,301.3,4.7,No
P04268,FL0668,2025-10-28,London,Tokyo,Boeing 777,Delayed,54,Economy,Mobile App,Visiting Friends/Relatives,Gold,364.3,364.3,3.3,No
P04269,FL0669,2025-08-16,Doha,Toronto,Airbus A350,On Time,0,Economy,Travel Agent,Business,Bronze,476.72,476.72,4.4,No
P04270,FL0670,2025-01-22,Bangkok,Singapore,Boeing 787,On Time,0,Economy,Website,Leisure,Silver,348.28,348.28,4.5,No
P04271,FL0671,2025-07-22,Sydney,Frankfurt,Boeing 787,On Time,0,Economy,Website,Leisure,Silver,314.69,330.42,3.5,No
P04272,FL0672,2025-07-01,Frankfurt,Doha,Airbus A350,Delayed,36,Economy,Mobile App,Business,Bronze,441.72,441.72,3.2,No
P04273,FL0673,2025-08-17,Mumbai,Paris,Airbus A350,On Time,0,Premium Economy,Mobile App,Leisure,Bronze,727.12,727.12,3.9,No
P04274,FL0674,2025-05-06,Sydney,Tokyo,Boeing 777,On Time,0,Economy,Travel Agent,Leisure,Silver,362.77,362.77,4.9,No
P04275,FL0675,2025-02-01,New York,Bangkok,Airbus A320,On Time,0,Economy,Corporate,Leisure,Silver,308.85,308.85,4.5,No
P04276,FL0676,2025-04-13,Singapore,Bangkok,Airbus A380,On Time,0,Business,Travel Agent,Visiting Friends/Relatives,Bronze,1535.24,1535.24,4.3,No
P04277,FL0677,2025-07-15,New York,London,Boeing 777,On Time,0,Economy,Mobile App,Business,Platinum,363.79,381.98,3.6,No
P04278,FL0678,2025-10-17,Paris,Frankfurt,Airbus A380,On Time,0,Business,Travel Agent,Visiting Friends/Relatives,Bronze,1450.68,1450.68,2.9,No
P04279,FL0679,2025-01-14,Mumbai,Doha,Boeing 777,On Time,0,Economy,Mobile App,Leisure,Silver,333.27,333.27,3.1,No
P04280,FL0680,2025-01-30,Dubai,Mumbai,Boeing 787,On Time,0,Business,Mobile App,Business,Silver,1351.65,1419.23,4.7,No
P04281,FL0681,2025-03-23,Sydney,Dubai,Airbus A320,On Time,0,Economy,Travel Agent,Leisure,Bronze,398.08,417.98,4.6,No
P04282,FL0682,2025-10-01,Doha,Mumbai,Airbus A320,On Time,0,Economy,Mobile App,Visiting Friends/Relatives,Platinum,319.22,319.22,3.8,No
P04283,FL0683,2025-07-18,Doha,Tokyo,Boeing 777,Delayed,25,Economy,Mobile App,Visiting Friends/Relatives,Bronze,598.49,628.41,2.2,No
P04284,FL0684,2025-06-12,Doha,Tokyo,Boeing 777,Delayed,17,Business,Website,Visiting Friends/Relatives,Bronze,1847.07,1939.42,2.4,No
P04285,FL0685,2025-10-18,Dubai,Frankfurt,Airbus A380,On Time,0,Economy,Mobile App,Leisure,Bronze,350.14,350.14,4.4,No
P04286,FL0686,2025-10-05,Doha,New York,Boeing 777,On Time,0,Premium Economy,Mobile App,Leisure,Bronze,654.44,687.16,5,No
P04287,FL0687,2025-01-29,Dubai,Singapore,Airbus A350,On Time,0,Economy,Corporate,Business,Gold,233.04,233.04,4.9,No
P04288,FL0688,2025-09-02,Dubai,Sydney,Airbus A320,On Time,0,Economy,Website,Leisure,Bronze,378.89,378.89,4.4,No
P04289,FL0689,2025-03-08,Sydney,Dubai,Boeing 777,On Time,0,Business,Mobile App,Leisure,Bronze,2131.64,2131.64,4.8,No
P04290,FL0690,2025-01-12,Bangkok,London,Airbus A350,On Time,0,Economy,Mobile App,Business,Silver,331.24,331.24,4.5,No
P04291,FL0691,2025-09-27,Singapore,Doha,Boeing 777,Delayed,1,Economy,Corporate,Leisure,Bronze,353.74,353.74,2.2,No
P04292,FL0692,2025-02-21,Frankfurt,Tokyo,Boeing 777,On Time,0,Economy,Corporate,Business,Bronze,250.94,250.94,4.5,No
P04293,FL0693,2025-08-12,Singapore,Dubai,Boeing 787,On Time,0,Economy,Website,Business,Gold,484.31,484.31,4.7,No
P04294,FL0694,2025-12-22,Singapore,Sydney,Airbus A380,Delayed,38,Premium Economy,Travel Agent,Visiting Friends/Relatives,Silver,808.74,808.74,3.5,No
P04295,FL0695,2025-10-29,Doha,Toronto,Airbus A350,On Time,0,Economy,Mobile App,Leisure,Bronze,207.64,218.02,5.0,No
P04296,FL0696,2025-04-01,Mumbai,Doha,Airbus A320,Delayed,29,Economy,Mobile App,Leisure,Gold,262.92,276.07,4.0,No
P04297,FL0697,2025-04-04,Sydney,London,Airbus A380,On Time,0,Business,Travel Agent,Visiting Friends/Relatives,Bronze,2694.27,2828.98,3.2,No
P04298,FL0698,2025-11-24,Sydney,Dubai,Airbus A380,On Time,0,Economy,Travel Agent,Leisure,Bronze,321.35,337.42,4.6,No
P04299,FL0699,2025-06-19,Paris,Doha,Airbus A320,On Time,0,Economy,Website,Visiting Friends/Relatives,Bronze,354.76,354.76,4.1,No
P04300,FL0700,2025-11-22,Bangkok,Doha,Airbus A320,Delayed,14,Business,Website,Visiting Friends/Relatives,Bronze,2060.68,2060.68,3.6,No
P04301,FL0701,2025-01-06,Bangkok,New York,Boeing 777,On Time,0,Economy,Travel Agent,Business,Silver,327.77,327.77,4.7,No
P04302,FL0702,2025-05-12,London,Frankfurt,Airbus A320,On Time,0,Premium Economy,Website,Business,Silver,578.91,578.91,3.4,No
P04303,FL0703,2025-08-13,Dubai,Bangkok,Boeing 787,Delayed,28,Business,Website,Leisure,Silver,1632.32,1632.32,3.1,No
P04304,FL0704,2025-10-07,Frankfurt,Mumbai,Boeing 787,On Time,0,Business,Mobile App,Leisure,Bronze,2036.77,2036.77,3.7,No
P04305,FL0705,2025-11-30,Paris,Tokyo,Airbus A350,On Time,0,Business,Website,Leisure,Bronze,1819.65,1819.65,5,No
P04306,FL0706,2025-05-31,London,Singapore,Airbus A320,On Time,0,Economy,Website,Leisure,Bronze,291.7,291.7,5,No
P04307,FL0707,2025-06-25,London,Doha,Airbus A350,Delayed,8,Economy,Mobile App,Leisure,Gold,390.25,390.25,4.3,No
P04308,FL0708,2025-10-08,Singapore,Doha,Airbus A320,On Time,0,Economy,Website,Leisure,Silver,379.56,379.56,4.3,No
P04309,FL0709,2025-12-27,Sydney,Bangkok,Airbus A320,On Time,0,Economy,Corporate,Business,Gold,444.86,444.86,4.7,No
P04310,FL0710,2025-08-11,Singapore,Tokyo,Airbus A350,On Time,0,First,Website,Visiting Friends/Relatives,Platinum,6289.19,6289.19,4.4,No
P04311,FL0711,2025-04-08,Bangkok,Dubai,Boeing 787,On Time,0,Economy,Mobile App,Business,Silver,298.38,298.38,4.4,No
P04312,FL0712,2025-12-05,New York,Paris,Boeing 777,On Time,0,Economy,Website,Business,Gold,333.54,333.54,3.9,No
P04313,FL0713,2025-07-21,London,Singapore,Airbus A380,On Time,0,Business,Corporate,Leisure,Gold,2931.09,2931.09,4.6,No
P04314,FL0714,2025-01-28,Paris,Doha,Boeing 777,On Time,0,Economy,Website,Visiting Friends/Relatives,Bronze,281.97,281.97,4.0,No
P04315,FL0715,2025-12-05,London,Mumbai,Airbus A380,On Time,0,First,Mobile App,Visiting Friends/Relatives,Bronze,4741.04,4741.04,3.6,No
P04316,FL0716,2025-04-16,London,Singapore,Airbus A350,On Time,0,Economy,Mobile App,Leisure,Silver,346.49,346.49,3.9,No
P04317,FL0717,2025-03-01,London,New York,Boeing 777,Delayed,1,Economy,Mobile App,Leisure,Gold,297.66,297.66,2.7,No
P04318,FL0718,2025-11-25,Mumbai,Singapore,Airbus A380,On Time,0,Economy,Website,Visiting Friends/Relatives,Silver,385.59,385.59,3.7,No
P04319,FL0719,2025-07-09,Bangkok,Frankfurt,Airbus A350,On Time,0,Economy,Travel Agent,Business,Silver,210.5,210.5,5,No
P04320,FL0720,2025-08-27,Mumbai,New York,Boeing 777,On Time,0,Economy,Mobile App,Leisure,Bronze,338.39,338.39,3.9,No
P04321,FL0721,2025-02-01,Mumbai,Tokyo,Airbus A350,On Time,0,Economy,Website,Business,Platinum,377.19,377.19,4.2,No
P04322,FL0722,2025-12-09,London,Doha,Boeing 777,Delayed,22,Economy,Website,Leisure,Silver,287.24,287.24,5,No
P04323,FL0723,2025-04-27,Frankfurt,Tokyo,Airbus A380,On Time,0,Business,Corporate,Visiting Friends/Relatives,Gold,2975.35,2975.35,4.3,Yes
P04324,FL0724,2025-08-03,Frankfurt,Sydney,Airbus A380,On Time,0,Business,Website,Business,Silver,1543.87,1543.87,4.1,No
P04325,FL0725,2025-05-01,Paris,Tokyo,Boeing 787,On Time,0,Economy,Mobile App,Business,Bronze,421.91,443.01,4.6,No
P04326,FL0726,2025-09-15,Frankfurt,London,Airbus A380,Delayed,23,Economy,Mobile App,Leisure,Bronze,254.58,267.31,3.7,No
P04327,FL0727,2025-03-03,Sydney,Doha,Boeing 787,On Time,0,Economy,Corporate,Business,Platinum,408.27,408.27,4.0,No
P04328,FL0728,2025-04-09,Singapore,Paris,Airbus A350,On Time,0,Economy,Website,Business,Gold,276.42,276.42,3.0,No
P04329,FL0729,2025-08-11,London,Toronto,Airbus A350,Cancelled,0,Economy,Travel Agent,Visiting Friends/Relatives,Silver,205.35,205.35,2.6,No
P04330,FL0730,2025-05-13,Singapore,Tokyo,Boeing 777,Delayed,1,Economy,Website,Leisure,Bronze,406.65,406.65,3.3,No
P04331,FL0731,2025-07-18,London,Doha,Airbus A380,On Time,0,Economy,Website,Visiting Friends/Relatives,Gold,323.28,323.28,4.6,No
P04332,FL0732,2025-09-24,Bangkok,Paris,Boeing 787,Delayed,36,Economy,Mobile App,Business,Silver,381.08,381.08,4.1,No
P04333,FL0733,2025-08-03,Sydney,New York,Airbus A320,On Time,0,Economy,Corporate,Business,Platinum,320.36,320.36,4.9,No
P04334,FL0734,2025-10-29,Singapore,Tokyo,Airbus A380,On Time,0,Economy,Website,Visiting Friends/Relatives,Silver,279.95,279.95,3.9,No
P04335,FL0735,2025-10-16,London,Doha,Airbus A320,Delayed,19,Economy,Mobile App,Business,Bronze,346.38,346.38,4.0,No
P04336,FL0736,2025-07-30,New York,Mumbai,Boeing 777,On Time,0,Economy,Mobile App,Business,Bronze,252.25,252.25,4.1,No
P04337,FL0737,2025-11-08,Paris,Tokyo,Boeing 787,On Time,0,Economy,Travel Agent,Business,Silver,254.36,254.36,4.2,No
P04338,FL0738,2025-03-15,Mumbai,Bangkok,Airbus A380,On Time,0,Economy,Website,Leisure,Bronze,274.04,274.04,4.7,No
P04339,FL0739,2025-07-22,Frankfurt,London,Boeing 777,On Time,0,Economy,Website,Business,Bronze,396.89,396.89,4.2,No
P04340,FL0740,2025-05-18,Dubai,New York,Boeing 777,On Time,0,Business,Corporate,Business,Gold,1457.89,1530.78,3.8,No
P04341,FL0741,2025-05-24,Mumbai,Paris,Boeing 787,Delayed,5,Economy,Corporate,Business,Platinum,397.0,416.85,3.1,No
P04342,FL0742,2025-06-03,Doha,Dubai,Boeing 787,On Time,0,Economy,Mobile App,Leisure,Silver,268.67,282.1,3.6,No
P04343,FL0743,2025-08-02,Bangkok,Paris,Airbus A380,On Time,0,Economy,Website,Leisure,Bronze,278.33,278.33,3.7,No
P04344,FL0744,2025-04-19,Doha,New York,Boeing 787,On Time,0,Economy,Mobile App,Business,Silver,244.94,257.19,4.5,No
P04345,FL0745,2025-01-29,New York,Mumbai,Airbus A380,Delayed,1,Premium Economy,Mobile App,Business,Silver,500.09,500.09,4.2,No
P04346,FL0746,2025-12-30,London,Mumbai,Airbus A380,On Time,0,Economy,Website,Visiting Friends/Relatives,Bronze,276.55,276.55,4.3,No
P04347,FL0747,2025-01-15,New York,Tokyo,Airbus A350,On Time,0,Economy,Corporate,Leisure,Bronze,433.18,454.84,5,No
P04348,FL0748,2025-05-08,Doha,London,Airbus A320,On Time,0,Economy,Mobile App,Leisure,Bronze,317.88,317.88,5,No
P04349,FL0749,2025-05-21,Bangkok,Dubai,Boeing 777,Delayed,1,Economy,Website,Leisure,Bronze,190.08,199.58,3.1,No
P04350,FL0750,2025-01-16,London,Toronto,Airbus A350,On Time,0,Business,Website,Leisure,Gold,2100.02,2100.02,4.0,No
P04351,FL0751,2025-04-01,Sydney,Bangkok,Boeing 787,On Time,0,Economy,Mobile App,Visiting Friends/Relatives,Bronze,316.47,316.47,3.4,No
P04352,FL0752,2025-03-25,Bangkok,Mumbai,Boeing 777,On Time,0,First,Mobile App,Visiting Friends/Relatives,Bronze,5699.0,5699.0,3.9,No
P04353,FL0753,2025-01-15,London,Mumbai,Boeing 787,On Time,0,Economy,Mobile App,Business,Silver,272.07,272.07,3.9,No
P04354,FL0754,2025-04-24,Sydney,Dubai,Airbus A350,On Time,0,Economy,Mobile App,Business,Bronze,220.03,231.03,4.8,No
P04355,FL0755,2025-07-29,Mumbai,Toronto,Airbus A380,On Time,0,Economy,Mobile App,Visiting Friends/Relatives,Silver,353.18,370.84,4.7,No
P04356,FL0756,2025-03-09,Dubai,New York,Airbus A350,On Time,0,Business,Mobile App,Business,Silver,1680.47,1680.47,4.1,No
P04357,FL0757,2025-05-10,Dubai,Paris,Airbus A380,Delayed,17,First,Travel Agent,Business,Gold,3034.85,3034.85,3.3,No
P04358,FL0758,2025-05-21,Mumbai,Toronto,Boeing 787,Delayed,25,Economy,Travel Agent,Business,Silver,454.11,454.11,3.3,No
P04359,FL0759,2025-06-04,Doha,New York,Airbus A380,Delayed,7,Economy,Mobile App,Visiting Friends/Relatives,Gold,313.51,313.51,3.0,No
P04360,FL0760,2025-02-22,Frankfurt,Tokyo,Airbus A320,On Time,0,Economy,Website,Visiting Friends/Relatives,Platinum,166.57,166.57,4.7,No
P04361,FL0761,2025-11-28,Bangkok,Sydney,Airbus A380,On Time,0,Economy,Mobile App,Leisure,Bronze,333.77,333.77,4.6,No
P04362,FL0762,2025-02-25,Mumbai,Toronto,Boeing 787,On Time,0,Premium Economy,Corporate,Leisure,Silver,475.48,475.48,4.0,No
P04363,FL0763,2025-06-16,Mumbai,Toronto,Boeing 777,On Time,0,Business,Website,Business,Gold,1478.05,1478.05,4.4,No
P04364,FL0764,2025-03-18,Mumbai,Dubai,Airbus A380,On Time,0,Economy,Website,Visiting Friends/Relatives,Bronze,212.25,222.86,4.6,No
P04365,FL0765,2025-07-26,Dubai,Tokyo,Boeing 777,On Time,0,Economy,Mobile App,Leisure,Bronze,399.29,419.25,4.3,No
P04366,FL0766,2025-09-12,Dubai,Toronto,Boeing 777,On Time,0,Economy,Travel Agent,Leisure,Gold,379.87,379.87,4.3,Yes
P04367,FL0767,2025-07-18,Frankfurt,Bangkok,Airbus A320,On Time,0,First,Website,Visiting Friends/Relatives,Platinum,3635.21,3635.21,4.1,No
P04368,FL0768,2025-06-25,Sydney,Dubai,Airbus A350,On Time,0,Economy,Travel Agent,Business,Bronze,284.38,284.38,5,No
P04369,FL0769,2025-07-03,Paris,Toronto,Airbus A380,On Time,0,Economy,Website,Leisure,Bronze,341.79,341.79,4.8,No
P04370,FL0770,2025-10-13,Singapore,Toronto,Airbus A350,On Time,0,Economy,Travel Agent,Business,Silver,257.44,270.31,4.0,No
P04371,FL0771,2025-05-13,Paris,Doha,Airbus A380,On Time,0,Economy,Website,Business,Gold,306.33,306.33,4.9,No
P04372,FL0772,2025-06-21,Singapore,Toronto,Airbus A320,On Time,0,Economy,Mobile App,Visiting Friends/Relatives,Bronze,167.48,167.48,4.8,No
P04373,FL0773,2025-08-04,Doha,Mumbai,Boeing 777,On Time,0,Premium Economy,Mobile App,Business,Platinum,766.6,804.93,4.0,No
P04374,FL0774,2025-08-26,Sydney,Paris,Airbus A320,On Time,0,Economy,Website,Visiting Friends/Relatives,Gold,380.61,399.64,5,No
P04375,FL0775,2025-11-14,Sydney,Tokyo,Airbus A320,On Time,0,Business,Website,Visiting Friends/Relatives,Platinum,1274.69,1274.69,3.9,No
P04376,FL0776,2025-03-03,Doha,Sydney,Boeing 787,On Time,0,Economy,Mobile App,Leisure,Gold,243.1,243.1,4.1,No
P04377,FL0777,2025-03-19,Frankfurt,London,Airbus A350,Cancelled,0,Economy,Travel Agent,Leisure,Silver,340.41,340.41,3.7,No
P04378,FL0778,2025-10-19,Bangkok,Frankfurt,Boeing 787,On Time,0,Economy,Website,Business,Silver,299.83,299.83,4.0,No
P04379,FL0779,2025-09-07,Singapore,Doha,Boeing 777,On Time,0,Economy,Travel Agent,Visiting Friends/Relatives,Silver,273.55,287.23,4.7,No
P04380,FL0780,2025-11-21,Singapore,Frankfurt,Airbus A320,On Time,0,Economy,Website,Leisure,Gold,351.14,351.14,4.2,No
P04381,FL0781,2025-03-28,Mumbai,Dubai,Airbus A380,On Time,0,Economy,Website,Business,Bronze,352.51,352.51,4.5,No
P04382,FL0782,2025-03-08,Paris,Singapore,Airbus A380,On Time,0,Business,Corporate,Leisure,Gold,1430.77,1430.77,4.7,No
P04383,FL0783,2025-08-08,Frankfurt,Bangkok,Boeing 787,On Time,0,Economy,Mobile App,Business,Gold,380.92,380.92,4.2,Yes
P04384,FL0784,2025-04-13,Dubai,Sydney,Boeing 777,Delayed,33,Economy,Travel Agent,Business,Silver,503.4,503.4,4.2,No
P04385,FL0785,2025-01-10,New York,Dubai,Airbus A320,On Time,0,Economy,Travel Agent,Business,Gold,290.83,290.83,3.6,No
P04386,FL0786,2025-12-22,Doha,Paris,Boeing 777,On Time,0,Economy,Website,Leisure,Bronze,284.78,284.78,5.0,No
P04387,FL0787,2025-09-15,London,Bangkok,Airbus A380,On Time,0,Economy,Mobile App,Leisure,Bronze,177.99,186.89,5,No
P04388,FL0788,2025-06-02,London,Singapore,Boeing 777,On Time,0,Economy,Website,Business,Silver,279.23,279.23,4.2,No
P04389,FL0789,2025-09-26,New York,Tokyo,Boeing 777,On Time,0,Economy,Website,Business,Gold,237.01,248.86,4.3,No
P04390,FL0790,2025-09-08,Singapore,Frankfurt,Boeing 777,On Time,0,Economy,Mobile App,Leisure,Platinum,286.21,300.52,4.2,No
P04391,FL0791,2025-01-10,Singapore,Bangkok,Airbus A350,On Time,0,Economy,Mobile App,Business,Silver,253.02,253.02,4.2,No
P04392,FL0792,2025-01-12,Singapore,Paris,Airbus A380,On Time,0,Economy,Mobile App,Leisure,Gold,163.22,163.22,4.4,No
P04393,FL0793,2025-12-31,London,Frankfurt,Airbus A320,On Time,0,Business,Travel Agent,Visiting Friends/Relatives,Gold,1535.94,1535.94,4.5,No
P04394,FL0794,2025-11-16,Mumbai,Sydney,Airbus A320,On Time,0,Business,Travel Agent,Visiting Friends/Relatives,Bronze,1631.55,1713.13,4.2,No
P04395,FL0795,2025-02-25,Dubai,Toronto,Airbus A320,On Time,0,Business,Mobile App,Business,Gold,2593.93,2593.93,4.0,No
P04396,FL0796,2025-08-16,London,Bangkok,Boeing 787,On Time,0,Premium Economy,Mobile App,Visiting Friends/Relatives,Platinum,1021.59,1021.59,3.7,No
P04397,FL0797,2025-12-26,Mumbai,New York,Airbus A350,On Time,0,Economy,Website,Visiting Friends/Relatives,Bronze,432.59,432.59,3.7,No
P04398,FL0798,2025-08-04,Dubai,Mumbai,Airbus A320,On Time,0,Economy,Website,Visiting Friends/Relatives,Silver,253.71,253.71,4.1,No
P04399,FL0799,2025-11-07,Mumbai,Tokyo,Airbus A350,On Time,0,Economy,Website,Business,Bronze,176.74,185.58,4.5,No
P04400,FL0800,2025-11-13,London,Sydney,Airbus A320,On Time,0,Economy,Website,Leisure,Platinum,192.49,192.49,4.3,No
P04401,FL0801,2025-04-12,London,New York,Airbus A380,On Time,0,Economy,Mobile App,Visiting Friends/Relatives,Silver,243.47,243.47,3.9,No
P04402,FL0802,2025-04-14,Mumbai,Sydney,Boeing 777,On Time,0,Economy,Website,Visiting Friends/Relatives,Silver,341.87,341.87,4.4,No
P04403,FL0803,2025-01-21,Mumbai,Doha,Airbus A380,On Time,0,Economy,Corporate,Leisure,Silver,286.71,301.05,5.0,No
P04404,FL0804,2025-06-19,Doha,New York,Airbus A350,On Time,0,Premium Economy,Travel Agent,Leisure,Bronze,773.69,773.69,2.8,No
P04405,FL0805,2025-10-21,London,Doha,Boeing 787,On Time,0,Premium Economy,Corporate,Business,Platinum,611.53,611.53,3.9,No
P04406,FL0806,2025-02-08,London,Sydney,Airbus A320,Delayed,5,Business,Mobile App,Visiting Friends/Relatives,Silver,1329.45,1329.45,2.7,No
P04407,FL0807,2025-06-01,Doha,New York,Boeing 777,On Time,0,Economy,Corporate,Leisure,Bronze,268.86,268.86,3.4,No
P04408,FL0808,2025-01-21,London,Dubai,Boeing 777,On Time,0,Economy,Travel Agent,Business,Gold,505.57,505.57,4.3,No
P04409,FL0809,2025-03-01,Bangkok,Frankfurt,Airbus A320,Delayed,19,Economy,Mobile App,Business,Silver,452.55,452.55,4.5,No
P04410,FL0810,2025-11-28,Singapore,Toronto,Airbus A350,On Time,0,Economy,Corporate,Business,Gold,353.43,353.43,4.6,No
P04411,FL0811,2025-05-18,Paris,Tokyo,Airbus A320,On Time,0,Business,Website,Business,Bronze,2535.64,2535.64,3.3,No
P04412,FL0812,2025-02-28,Bangkok,Doha,Boeing 787,On Time,0,Economy,Website,Leisure,Bronze,343.76,343.76,5,No
P04413,FL0813,2025-07-17,Paris,Mumbai,Boeing 787,Delayed,16,Economy,Website,Visiting Friends/Relatives,Platinum,217.14,217.14,3.7,No
P04414,FL0814,2025-03-09,Singapore,Doha,Airbus A320,Cancelled,0,Economy,Website,Visiting Friends/Relatives,Silver,434.32,434.32,2.8,No
P04415,FL0815,2025-08-02,Singapore,Doha,Airbus A380,On Time,0,Premium Economy,Mobile App,Business,Bronze,483.15,483.15,3.8,No
P04416,FL0816,2025-08-13,Sydney,Toronto,Airbus A350,On Time,0,Economy,Mobile App,Visiting Friends/Relatives,Silver,188.46,188.46,3.7,No
P04417,FL0817,2025-01-15,Bangkok,Tokyo,Airbus A350,On Time,0,Economy,Mobile App,Business,Bronze,328.29,328.29,4.7,No
P04418,FL0818,2025-07-30,Paris,Singapore,Boeing 787,On Time,0,Premium Economy,Mobile App,Visiting Friends/Relatives,Platinum,799.57,799.57,3.9,No
P04419,FL0819,2025-06-10,Mumbai,Toronto,Airbus A320,On Time,0,Economy,Corporate,Visiting Friends/Relatives,Bronze,260.06,260.06,4.4,No
P04420,FL0820,2025-10-17,New York,Tokyo,Airbus A350,Cancelled,0,Economy,Website,Leisure,Gold,312.7,328.33,3.0,No
P04421,FL0821,2025-09-25,Bangkok,Sydney,Airbus A380,On Time,0,Economy,Website,Business,Silver,312.72,312.72,4.4,No
P04422,FL0822,2025-06-27,Doha,New York,Boeing 787,On Time,0,Economy,Travel Agent,Leisure,Bronze,272.64,272.64,5,No
P04423,FL0823,2025-01-28,New York,Tokyo,Airbus A320,On Time,0,Economy,Website,Leisure,Silver,531.76,558.35,4.0,No
P04424,FL0824,2025-08-29,Singapore,Sydney,Boeing 787,Delayed,30,Economy,Travel Agent,Leisure,Bronze,226.33,226.33,4.5,No
P04425,FL0825,2025-05-23,Doha,Frankfurt,Airbus A320,On Time,0,First,Corporate,Leisure,Gold,3840.99,4033.04,4.6,Yes
P04426,FL0826,2025-07-13,New York,Toronto,Boeing 787,Delayed,24,Business,Mobile App,Leisure,Gold,1991.83,1991.83,3.2,No
P04427,FL0827,2025-08-16,London,New York,Airbus A380,On Time,0,Economy,Travel Agent,Visiting Friends/Relatives,Bronze,397.08,397.08,4.4,No
P04428,FL0828,2025-06-11,Paris,New York,Airbus A320,Cancelled,0,Economy,Website,Business,Silver,283.76,297.95,3.1,No
P04429,FL0829,2025-07-26,Dubai,Singapore,Boeing 787,On Time,0,Economy,Website,Visiting Friends/Relatives,Silver,231.18,231.18,3.5,No
P04430,FL0830,2025-02-16,New York,London,Airbus A380,Delayed,1,Economy,Website,Visiting Friends/Relatives,Silver,269.82,269.82,4.1,No
P04431,FL0831,2025-12-02,New York,Dubai,Boeing 787,Delayed,1,Economy,Travel Agent,Business,Silver,501.13,501.13,4.3,No
P04432,FL0832,2025-04-25,Bangkok,London,Boeing 787,On Time,0,Business,Travel Agent,Leisure,Bronze,1646.18,1728.49,4.0,No
P04433,FL0833,2025-08-31,Sydney,Tokyo,Boeing 777,On Time,0,Economy,Mobile App,Visiting Friends/Relatives,Silver,316.84,332.68,3.5,No
P04434,FL0834,2025-12-04,London,Doha,Airbus A350,On Time,0,Business,Corporate,Leisure,Gold,2677.11,2677.11,4.7,No
P04435,FL0835,2025-05-30,Bangkok,Toronto,Airbus A380,On Time,0,Premium Economy,Website,Visiting Friends/Relatives,Silver,878.64,878.64,4.1,No
P04436,FL0836,2025-03-26,London,Singapore,Boeing 787,On Time,0,Economy,Mobile App,Business,Silver,341.76,341.76,3.8,No
P04437,FL0837,2025-05-11,Frankfurt,Singapore,Airbus A380,On Time,0,Business,Travel Agent,Visiting Friends/Relatives,Bronze,3404.2,3404.2,4.2,No
P04438,FL0838,2025-04-21,London,Bangkok,Boeing 787,Delayed,21,Premium Economy,Corporate,Leisure,Silver,615.23,615.23,3.1,No
P04439,FL0839,2025-11-21,Frankfurt,London,Airbus A380,On Time,0,Premium Economy,Website,Leisure,Platinum,678.19,678.19,4.0,No
P04440,FL0840,2025-12-04,Paris,New York,Airbus A380,Delayed,28,Economy,Website,Business,Platinum,381.02,381.02,4.2,No
P04441,FL0841,2025-01-03,Singapore,New York,Airbus A380,On Time,0,Premium Economy,Mobile App,Visiting Friends/Relatives,Bronze,1041.72,1093.81,4.0,No
P04442,FL0842,2025-10-27,New York,Frankfurt,Boeing 787,Delayed,23,Economy,Website,Business,Silver,440.75,440.75,3.3,No
P04443,FL0843,2025-03-07,Sydney,Doha,Airbus A320,On Time,0,Economy,Website,Visiting Friends/Relatives,Silver,371.55,371.55,3.9,No
P04444,FL0844,2025-06-14,Sydney,Tokyo,Airbus A380,Delayed,1,Economy,Website,Leisure,Silver,248.98,248.98,3.6,No
P04445,FL0845,2025-12-21,Frankfurt,Tokyo,Airbus A350,On Time,0,Economy,Website,Visiting Friends/Relatives,Bronze,239.26,251.22,4.2,No
P04446,FL0846,2025-08-20,Bangkok,Paris,Airbus A350,On Time,0,Economy,Website,Leisure,Silver,226.4,226.4,4.2,No
P04447,FL0847,2025-06-03,Sydney,New York,Airbus A380,Delayed,11,Economy,Website,Leisure,Bronze,281.02,281.02,3.5,No
P04448,FL0848,2025-04-18,Doha,Paris,Airbus A380,On Time,0,Premium Economy,Website,Visiting Friends/Relatives,Bronze,879.73,923.72,3.9,No
P04449,FL0849,2025-03-09,Bangkok,Toronto,Airbus A350,On Time,0,Economy,Mobile App,Leisure,Silver,218.51,218.51,4.8,No
P04450,FL0850,2025-06-30,Bangkok,Singapore,Airbus A380,On Time,0,Business,Mobile App,Leisure,Platinum,1271.21,1271.21,4.6,No
P04451,FL0851,2025-12-30,Sydney,Toronto,Boeing 787,On Time,0,Economy,Mobile App,Visiting Friends/Relatives,Platinum,260.64,260.64,3.9,No
P04452,FL0852,2025-08-05,New York,Paris,Airbus A320,On Time,0,Economy,Website,Business,Gold,461.61,461.61,4.4,No
P04453,FL0853,2025-03-16,Dubai,Bangkok,Airbus A320,On Time,0,Economy,Mobile App,Business,Platinum,307.71,307.71,4.0,No
P04454,FL0854,2025-03-24,Doha,Mumbai,Boeing 777,On Time,0,Premium Economy,Website,Business,Silver,743.92,743.92,3.7,No
P04455,FL0855,2025-12-20,Singapore,London,Boeing 777,On Time,0,Premium Economy,Website,Visiting Friends/Relatives,Platinum,867.44,910.81,3.4,No
P04456,FL0856,2025-07-03,New York,London,Boeing 787,On Time,0,Business,Corporate,Business,Bronze,1464.98,1464.98,4.4,No
P04457,FL0857,2025-11-28,New York,Dubai,Airbus A380,On Time,0,Economy,Mobile App,Visiting Friends/Relatives,Gold,142.81,149.95,3.7,No
P04458,FL0858,2025-12-21,New York,Paris,Airbus A320,Delayed,1,Economy,Website,Visiting Friends/Relatives,Gold,296.98,296.98,3.4,No
P04459,FL0859,2025-12-17,Frankfurt,Bangkok,Boeing 777,Delayed,36,Economy,Mobile App,Business,Bronze,295.25,295.25,3.3,Yes
P04460,FL0860,2025-08-15,Doha,Tokyo,Airbus A350,Delayed,24,Economy,Website,Leisure,Bronze,458.99,458.99,3.1,No
P04461,FL0861,2025-10-07,Bangkok,Tokyo,Airbus A380,On Time,0,Business,Website,Visiting Friends/Relatives,Bronze,1474.7,1474.7,4.2,No
P04462,FL0862,2025-08-18,Doha,Mumbai,Airbus A350,Cancelled,0,Premium Economy,Mobile App,Visiting Friends/Relatives,Silver,504.99,504.99,2.5,No
P04463,FL0863,2025-03-30,London,Dubai,Airbus A380,On Time,0,Premium Economy,Website,Business,Gold,614.63,614.63,3.6,No
P04464,FL0864,2025-05-23,Dubai,Bangkok,Airbus A380,On Time,0,Economy,Mobile App,Leisure,Bronze,523.25,523.25,4.0,No
P04465,FL0865,2025-05-11,Singapore,Tokyo,Airbus A320,On Time,0,Economy,Mobile App,Business,Bronze,456.18,478.99,3.8,No
P04466,FL0866,2025-03-20,Singapore,London,Boeing 777,On Time,0,Business,Mobile App,Visiting Friends/Relatives,Gold,1739.35,1739.35,4.9,No
P04467,FL0867,2025-06-04,Sydney,Toronto,Boeing 787,Delayed,13,Economy,Mobile App,Business,Silver,216.33,216.33,4.4,No
P04468,FL0868,2025-04-23,Bangkok,Sydney,Airbus A350,On Time,0,Premium Economy,Mobile App,Business,Platinum,643.77,675.96,4.0,No
P04469,FL0869,2025-08-01,New York,Doha,Airbus A380,On Time,0,Economy,Travel Agent,Business,Bronze,317.61,317.61,4.7,No
P04470,FL0870,2025-04-24,London,Frankfurt,Airbus A350,On Time,0,Economy,Website,Business,Bronze,290.63,290.63,4.5,No
P04471,FL0871,2025-05-31,Bangkok,Mumbai,Airbus A350,Delayed,16,Economy,Corporate,Leisure,Silver,364.75,364.75,3.9,No
P04472,FL0872,2025-09-01,Sydney,New York,Airbus A380,Delayed,19,Economy,Website,Leisure,Bronze,379.79,379.79,2.9,No
P04473,FL0873,2025-05-04,Bangkok,New York,Airbus A380,Delayed,17,Economy,Corporate,Visiting Friends/Relatives,Gold,249.22,249.22,3.2,No
P04474,FL0874,2025-12-16,Doha,London,Boeing 777,On Time,0,Economy,Website,Visiting Friends/Relatives,Silver,391.03,410.58,5,No
P04475,FL0875,2025-05-12,London,Bangkok,Airbus A380,On Time,0,Economy,Corporate,Leisure,Silver,317.86,317.86,3.3,Yes
P04476,FL0876,2025-07-11,Dubai,Sydney,Airbus A380,Delayed,14,Economy,Website,Visiting Friends/Relatives,Silver,416.42,416.42,3.8,No
P04477,FL0877,2025-09-21,Doha,Frankfurt,Airbus A320,Delayed,19,Business,Mobile App,Business,Bronze,2383.64,2502.82,3.5,No
P04478,FL0878,2025-10-01,Singapore,Sydney,Airbus A320,On Time,0,Economy,Mobile App,Business,Silver,339.48,339.48,4.4,No
P04479,FL0879,2025-11-19,Doha,Toronto,Airbus A350,Delayed,13,Economy,Travel Agent,Business,Silver,549.9,549.9,3.2,No
P04480,FL0880,2025-11-28,New York,Frankfurt,Airbus A320,On Time,0,Economy,Website,Business,Bronze,476.24,476.24,4.0,No
P04481,FL0881,2025-08-24,Singapore,London,Boeing 777,On Time,0,Economy,Travel Agent,Business,Platinum,359.0,376.95,4.0,No
P04482,FL0882,2025-04-02,London,Singapore,Boeing 777,On Time,0,Economy,Mobile App,Visiting Friends/Relatives,Bronze,265.97,279.27,3.9,No
P04483,FL0883,2025-05-13,Sydney,Dubai,Boeing 787,On Time,0,Economy,Corporate,Visiting Friends/Relatives,Bronze,461.09,461.09,3.9,No
P04484,FL0884,2025-06-11,Frankfurt,Bangkok,Airbus A320,On Time,0,Economy,Mobile App,Visiting Friends/Relatives,Platinum,383.03,383.03,3.8,No
P04485,FL0885,2025-01-04,London,Sydney,Airbus A380,On Time,0,Economy,Mobile App,Business,Bronze,334.97,334.97,4.5,Yes
P04486,FL0886,2025-12-25,Sydney,London,Airbus A320,On Time,0,Economy,Mobile App,Visiting Friends/Relatives,Bronze,319.24,335.2,4.3,No
P04487,FL0887,2025-05-29,New York,Singapore,Boeing 777,On Time,0,Business,Website,Business,Platinum,1948.97,1948.97,4.4,Yes
P04488,FL0888,2025-07-15,Mumbai,New York,Boeing 787,Delayed,20,Economy,Corporate,Visiting Friends/Relatives,Silver,434.46,456.18,3.5,No
P04489,FL0889,2025-03-22,Dubai,New York,Airbus A380,On Time,0,Business,Corporate,Visiting Friends/Relatives,Bronze,1580.53,1580.53,4.1,No
P04490,FL0890,2025-06-01,Frankfurt,Sydney,Airbus A350,On Time,0,Business,Website,Leisure,Silver,1810.97,1810.97,4.5,No
P04491,FL0891,2025-10-11,Bangkok,London,Airbus A380,On Time,0,Business,Website,Leisure,Bronze,1850.08,1850.08,4.0,No
P04492,FL0892,2025-10-21,Dubai,London,Airbus A380,On Time,0,First,Corporate,Business,Silver,4734.08,4970.78,3.8,No
P04493,FL0893,2025-06-06,New York,Singapore,Airbus A350,On Time,0,Business,Mobile App,Visiting Friends/Relatives,Platinum,1913.82,1913.82,4.7,No
P04494,FL0894,2025-07-31,Bangkok,Dubai,Airbus A380,On Time,0,Economy,Website,Visiting Friends/Relatives,Silver,279.12,279.12,4.4,No
P04495,FL0895,2025-11-12,Singapore,Paris,Boeing 777,On Time,0,Economy,Mobile App,Business,Silver,393.77,393.77,3.9,No
P04496,FL0896,2025-10-18,Singapore,Toronto,Airbus A320,Delayed,53,Economy,Mobile App,Leisure,Bronze,414.97,414.97,2.7,No
P04497,FL0897,2025-10-09,Paris,Toronto,Airbus A320,On Time,0,First,Website,Visiting Friends/Relatives,Gold,4565.02,4565.02,4.8,No
P04498,FL0898,2025-02-20,London,Mumbai,Airbus A350,On Time,0,Economy,Mobile App,Leisure,Silver,260.74,260.74,4.2,No
P04499,FL0899,2025-07-02,Paris,Frankfurt,Airbus A350,On Time,0,Business,Mobile App,Leisure,Bronze,1911.84,2007.43,4.1,No
P04500,FL0900,2025-05-26,Doha,Singapore,Airbus A380,On Time,0,Economy,Mobile App,Visiting Friends/Relatives,Gold,243.08,243.08,4.1,No
P04501,FL0001,2025-05-21,London,Singapore,Airbus A350,On Time,0,Economy,Website,Business,Bronze,434.97,434.97,4.1,No
P04502,FL0002,2025-10-07,London,Toronto,Airbus A320,On Time,0,Economy,Corporate,Visiting Friends/Relatives,Bronze,352.36,352.36,4.6,Yes
P04503,FL0003,2025-02-17,Dubai,London,Airbus A350,On Time,0,Economy,Mobile App,Visiting Friends/Relatives,Silver,367.23,385.59,4.5,No
P04504,FL0004,2025-10-15,Sydney,London,Airbus A350,On Time,0,Economy,Website,Business,Bronze,442.8,442.8,4.7,Yes
P04505,FL0005,2025-04-23,New York,Frankfurt,Boeing 787,On Time,0,Economy,Mobile App,Business,Gold,263.43,263.43,3.5,No
P04506,FL0006,2025-12-24,Dubai,Doha,Boeing 787,On Time,0,Business,Travel Agent,Business,Gold,1893.73,1893.73,3.7,No
P04507,FL0007,2025-06-22,Singapore,Paris,Airbus A320,On Time,0,Economy,Website,Visiting Friends/Relatives,Bronze,261.34,261.34,3.9,No
P04508,FL0008,2025-06-26,London,Frankfurt,Airbus A380,On Time,0,Economy,Travel Agent,Business,Gold,412.42,412.42,3.3,No
P04509,FL0009,2025-10-02,Dubai,New York,Airbus A320,Cancelled,0,Economy,Travel Agent,Business,Bronze,318.35,318.35,2.5,No
P04510,FL0010,2025-10-10,Frankfurt,Singapore,Boeing 777,Delayed,1,Economy,Website,Visiting Friends/Relatives,Platinum,186.39,186.39,3.3,No
P04511,FL0011,2025-12-27,Sydney,Dubai,Airbus A320,On Time,0,Economy,Mobile App,Visiting Friends/Relatives,Silver,676.98,710.83,4.3,No
P04512,FL0012,2025-02-10,Doha,Mumbai,Airbus A350,Delayed,1,Economy,Mobile App,Visiting Friends/Relatives,Silver,229.58,229.58,3.8,No
P04513,FL0013,2025-08-21,Frankfurt,Paris,Boeing 777,On Time,0,Economy,Website,Visiting Friends/Relatives,Bronze,208.99,219.44,3.9,No
P04514,FL0014,2025-12-10,Bangkok,Dubai,Boeing 777,On Time,0,Economy,Mobile App,Leisure,Platinum,358.07,358.07,4.6,No
P04515,FL0015,2025-11-22,London,Tokyo,Airbus A350,On Time,0,Premium Economy,Travel Agent,Business,Gold,854.54,854.54,4.5,No
P04516,FL0016,2025-08-25,Doha,Dubai,Boeing 787,On Time,0,Economy,Mobile App,Visiting Friends/Relatives,Silver,354.0,354.0,4.1,No
P04517,FL0017,2025-12-17,New York,Dubai,Boeing 777,Delayed,19,Economy,Travel Agent,Leisure,Bronze,518.31,518.31,4.8,No
P04518,FL0018,2025-07-25,Dubai,Frankfurt,Boeing 777,On Time,0,Economy,Website,Leisure,Bronze,290.08,290.08,5,No
P04519,FL0019,2025-04-19,Sydney,Mumbai,Boeing 787,On Time,0,Economy,Website,Visiting Friends/Relatives,Gold,290.93,290.93,3.9,No
P04520,FL0020,2025-05-16,Paris,Doha,Airbus A350,On Time,0,Economy,Mobile App,Visiting Friends/Relatives,Bronze,323.67,339.85,4.1,No
P04521,FL0021,2025-05-15,New York,Sydney,Airbus A380,On Time,0,Economy,Corporate,Business,Bronze,497.28,497.28,4.7,No
P04522,FL0022,2025-07-05,Sydney,Frankfurt,Airbus A350,Cancelled,0,Business,Mobile App,Leisure,Silver,2322.32,2438.44,2.4,No
P04523,FL0023,2025-09-10,Singapore,Sydney,Airbus A320,On Time,0,Economy,Travel Agent,Leisure,Platinum,406.12,406.12,4.8,No
P04524,FL0024,2025-11-18,London,Dubai,Airbus A350,Delayed,9,Economy,Website,Business,Bronze,236.81,236.81,3.6,No
P04525,FL0025,2025-02-02,Frankfurt,Tokyo,Boeing 787,On Time,0,Business,Website,Leisure,Bronze,1621.48,1702.55,4.5,No
P04526,FL0026,2025-05-09,Paris,Sydney,Airbus A380,Delayed,37,Business,Website,Business,Platinum,1525.32,1601.59,4.0,Yes
P04527,FL0027,2025-11-25,New York,Paris,Boeing 777,On Time,0,Economy,Corporate,Visiting Friends/Relatives,Silver,495.56,520.34,4.1,No
P04528,FL0028,2025-08-21,Frankfurt,Doha,Airbus A320,Delayed,19,Business,Travel Agent,Leisure,Silver,2308.9,2308.9,4.3,No
P04529,FL0029,2025-04-02,Mumbai,Sydney,Airbus A380,Delayed,24,Economy,Travel Agent,Business,Silver,328.54,328.54,3.0,No
P04530,FL0030,2025-04-12,New York,Tokyo,Airbus A350,On Time,0,Economy,Website,Leisure,Bronze,339.31,339.31,4.0,No
P04531,FL0031,2025-09-29,Singapore,Sydney,Airbus A320,On Time,0,Economy,Mobile App,Visiting Friends/Relatives,Bronze,212.87,212.87,5,No
P04532,FL0032,2025-02-27,Paris,London,Boeing 777,Delayed,10,Business,Website,Business,Silver,1677.01,1677.01,4.8,No
P04533,FL0033,2025-01-30,Mumbai,Dubai,Airbus A350,Delayed,22,Business,Mobile App,Leisure,Bronze,1761.06,1761.06,4.0,Yes
P04534,FL0034,2025-09-30,Paris,Singapore,Airbus A350,On Time,0,Economy,Travel Agent,Visiting Friends/Relatives,Bronze,424.9,424.9,4.0,No
P04535,FL0035,2025-03-26,Paris,Sydney,Boeing 777,On Time,0,Economy,Website,Business,Platinum,233.02,244.67,4.8,No
P04536,FL0036,2025-04-19,Sydney,Frankfurt,Airbus A380,On Time,0,Economy,Corporate,Business,Silver,369.69,369.69,4.7,No
P04537,FL0037,2025-07-24,Doha,Mumbai,Boeing 777,On Time,0,Economy,Website,Visiting Friends/Relatives,Gold,342.14,342.14,4.2,No
P04538,FL0038,2025-03-03,New York,Bangkok,Airbus A350,On Time,0,Business,Corporate,Business,Gold,1737.17,1737.17,4.7,No
P04539,FL0039,2025-10-29,Bangkok,London,Airbus A380,On Time,0,Economy,Mobile App,Leisure,Gold,293.3,293.3,4.6,Yes
P04540,FL0040,2025-02-06,Doha,London,Airbus A320,On Time,0,Economy,Website,Visiting Friends/Relatives,Silver,299.85,299.85,4.8,No
P04541,FL0041,2025-02-06,Dubai,Frankfurt,Airbus A380,On Time,0,Economy,Website,Visiting Friends/Relatives,Gold,185.27,185.27,4.3,No
P04542,FL0042,2025-10-04,Paris,Dubai,Airbus A350,On Time,0,Economy,Mobile App,Business,Silver,401.65,401.65,4.5,No
P04543,FL0043,2025-08-31,Sydney,Tokyo,Airbus A350,Delayed,16,Economy,Corporate,Visiting Friends/Relatives,Silver,291.88,291.88,3.5,No
P04544,FL0044,2025-02-18,Frankfurt,Dubai,Airbus A320,On Time,0,Economy,Mobile App,Business,Bronze,365.84,365.84,4.0,No
P04545,FL0045,2025-07-30,Bangkok,Frankfurt,Boeing 787,Delayed,34,Economy,Mobile App,Business,Bronze,364.27,364.27,3.9,No
P04546,FL0046,2025-07-26,London,Singapore,Boeing 777,Delayed,23,Business,Website,Visiting Friends/Relatives,Bronze,2239.22,2239.22,3.3,No
P04547,FL0047,2025-04-09,London,Paris,Airbus A350,On Time,0,First,Mobile App,Business,Bronze,3910.65,3910.65,4.3,No
P04548,FL0048,2025-04-04,Singapore,Bangkok,Boeing 777,On Time,0,Economy,Mobile App,Business,Silver,243.35,243.35,4.9,No
P04549,FL0049,2025-10-09,London,New York,Airbus A320,On Time,0,Economy,Website,Business,Platinum,271.09,271.09,5,No
P04550,FL0050,2025-02-17,New York,London,Airbus A350,On Time,0,Economy,Mobile App,Leisure,Bronze,235.16,235.16,4.6,No
P04551,FL0051,2025-04-20,Paris,New York,Boeing 787,Delayed,18,Economy,Website,Business,Platinum,213.52,224.2,3.6,No
P04552,FL0052,2025-08-21,Frankfurt,Paris,Boeing 777,On Time,0,Economy,Travel Agent,Visiting Friends/Relatives,Gold,293.13,293.13,4.3,No
P04553,FL0053,2025-09-07,New York,Toronto,Airbus A350,On Time,0,Economy,Mobile App,Visiting Friends/Relatives,Bronze,255.06,255.06,4.5,No
P04554,FL0054,2025-10-24,Doha,London,Airbus A380,On Time,0,Economy,Travel Agent,Visiting Friends/Relatives,Bronze,344.25,344.25,3.6,No
P04555,FL0055,2025-01-26,Bangkok,London,Airbus A380,On Time,0,Premium Economy,Mobile App,Visiting Friends/Relatives,Silver,645.86,678.15,4.1,No
P04556,FL0056,2025-01-30,New York,Doha,Airbus A380,On Time,0,Business,Travel Agent,Business,Silver,1783.24,1783.24,4.9,No
P04557,FL0057,2025-11-01,Singapore,Doha,Airbus A320,On Time,0,Economy,Mobile App,Leisure,Silver,343.73,343.73,3.9,No
P04558,FL0058,2025-03-03,Doha,Bangkok,Airbus A380,On Time,0,Economy,Corporate,Leisure,Silver,208.55,218.98,3.5,No
P04559,FL0059,2025-11-14,Sydney,London,Airbus A320,On Time,0,Economy,Corporate,Leisure,Silver,367.91,367.91,4.1,No
P04560,FL0060,2025-09-25,Sydney,Tokyo,Boeing 777,Delayed,18,Business,Mobile App,Business,Silver,2314.02,2314.02,4.7,No
P04561,FL0061,2025-06-10,Doha,Toronto,Airbus A350,On Time,0,Business,Website,Business,Silver,1720.58,1720.58,5,No
P04562,FL0062,2025-11-27,Singapore,Toronto,Boeing 777,On Time,0,Economy,Website,Leisure,Gold,271.76,285.35,4.3,Yes
P04563,FL0063,2025-08-23,London,Singapore,Airbus A380,Cancelled,0,Economy,Mobile App,Business,Silver,225.44,225.44,3.0,Yes
P04564,FL0064,2025-10-03,London,Doha,Airbus A350,On Time,0,Economy,Website,Visiting Friends/Relatives,Gold,392.03,392.03,3.8,No
P04565,FL0065,2025-02-05,Singapore,Frankfurt,Airbus A350,On Time,0,Economy,Website,Visiting Friends/Relatives,Silver,317.74,317.74,3.8,No
P04566,FL0066,2025-10-06,Singapore,New York,Boeing 777,On Time,0,Business,Corporate,Business,Platinum,1595.05,1595.05,3.2,No
P04567,FL0067,2025-12-08,New York,London,Airbus A380,On Time,0,Economy,Mobile App,Visiting Friends/Relatives,Silver,246.65,258.98,4.5,No
P04568,FL0068,2025-05-16,London,Dubai,Airbus A320,Delayed,17,Economy,Website,Visiting Friends/Relatives,Silver,219.8,230.79,4.0,No
P04569,FL0069,2025-04-18,Mumbai,Tokyo,Boeing 777,On Time,0,Premium Economy,Website,Business,Silver,601.13,631.19,3.3,No
P04570,FL0070,2025-09-08,Mumbai,Sydney,Boeing 777,Delayed,11,Economy,Website,Leisure,Silver,322.42,338.54,2.8,No
P04571,FL0071,2025-11-21,Dubai,Singapore,Boeing 787,Delayed,28,Economy,Website,Business,Silver,255.42,255.42,4.4,No
P04572,FL0072,2025-05-15,Singapore,Toronto,Airbus A350,On Time,0,Business,Travel Agent,Business,Bronze,2244.24,2244.24,5,No
P04573,FL0073,2025-10-15,New York,Frankfurt,Airbus A320,On Time,0,Premium Economy,Website,Visiting Friends/Relatives,Gold,1327.24,1327.24,3.3,No
P04574,FL0074,2025-01-19,Singapore,Sydney,Boeing 777,On Time,0,Economy,Website,Business,Silver,217.83,228.72,3.6,No
P04575,FL0075,2025-03-07,Singapore,Bangkok,Airbus A320,On Time,0,Economy,Mobile App,Business,Bronze,288.96,303.41,4.5,No
P04576,FL0076,2025-04-18,Dubai,Frankfurt,Airbus A350,On Time,0,Economy,Mobile App,Visiting Friends/Relatives,Platinum,334.26,334.26,5,No
P04577,FL0077,2025-07-28,Bangkok,Sydney,Airbus A380,On Time,0,Economy,Travel Agent,Leisure,Gold,302.7,302.7,3.6,No
P04578,FL0078,2025-04-01,Doha,Dubai,Boeing 787,On Time,0,Economy,Website,Visiting Friends/Relatives,Bronze,291.99,291.99,3.9,No
P04579,FL0079,2025-12-09,Bangkok,Frankfurt,Airbus A350,On Time,0,Premium Economy,Website,Business,Silver,526.92,526.92,3.0,No
P04580,FL0080,2025-01-20,London,Bangkok,Boeing 787,On Time,0,Economy,Mobile App,Business,Silver,407.3,407.3,3.9,No
P04581,FL0081,2025-06-06,Paris,Frankfurt,Airbus A350,On Time,0,Economy,Mobile App,Leisure,Bronze,217.77,217.77,5,No
P04582,FL0082,2025-06-18,Doha,Bangkok,Boeing 777,Delayed,20,Economy,Mobile App,Leisure,Silver,156.96,156.96,3.9,No
P04583,FL0083,2025-11-25,Mumbai,Frankfurt,Airbus A380,On Time,0,Business,Mobile App,Visiting Friends/Relatives,Bronze,1445.69,1445.69,4.3,Yes
P04584,FL0084,2025-01-15,New York,Mumbai,Airbus A320,Delayed,16,Premium Economy,Mobile App,Leisure,Gold,720.42,720.42,3.3,No
P04585,FL0085,2025-02-25,Mumbai,London,Airbus A380,On Time,0,Business,Mobile App,Visiting Friends/Relatives,Silver,1678.3,1678.3,4.0,No
P04586,FL0086,2025-11-07,Bangkok,Frankfurt,Airbus A380,On Time,0,Economy,Website,Leisure,Bronze,482.99,482.99,4.2,No
P04587,FL0087,2025-05-11,Sydney,Dubai,Airbus A320,On Time,0,Economy,Travel Agent,Leisure,Silver,160.77,160.77,5,No
P04588,FL0088,2025-10-03,Dubai,Sydney,Airbus A350,On Time,0,Economy,Website,Leisure,Silver,227.0,227.0,3.8,No
P04589,FL0089,2025-06-19,London,Toronto,Airbus A380,On Time,0,Economy,Travel Agent,Leisure,Silver,356.54,356.54,3.2,No
P04590,FL0090,2025-09-17,London,Mumbai,Boeing 777,On Time,0,Business,Mobile App,Visiting Friends/Relatives,Gold,1340.13,1407.14,3.8,No
P04591,FL0091,2025-12-23,Bangkok,Frankfurt,Boeing 777,On Time,0,Business,Website,Visiting Friends/Relatives,Platinum,3156.87,3156.87,4.5,No
P04592,FL0092,2025-12-07,Doha,Bangkok,Boeing 787,On Time,0,Economy,Mobile App,Leisure,Bronze,184.23,184.23,4.4,No
P04593,FL0093,2025-10-19,Singapore,Tokyo,Boeing 777,On Time,0,First,Website,Visiting Friends/Relatives,Silver,4404.58,4404.58,4.5,No
P04594,FL0094,2025-05-27,Dubai,Mumbai,Airbus A350,On Time,0,Economy,Travel Agent,Visiting Friends/Relatives,Silver,180.42,180.42,4.2,No
P04595,FL0095,2025-12-02,Sydney,Tokyo,Boeing 777,On Time,0,Business,Mobile App,Leisure,Gold,2458.95,2581.9,3.9,No
P04596,FL0096,2025-04-20,Paris,Toronto,Airbus A380,On Time,0,First,Mobile App,Visiting Friends/Relatives,Silver,5013.89,5013.89,4.6,No
P04597,FL0097,2025-02-13,Singapore,Toronto,Boeing 777,On Time,0,Economy,Travel Agent,Leisure,Bronze,284.09,284.09,4.5,No
P04598,FL0098,2025-02-17,Sydney,Mumbai,Airbus A350,On Time,0,Economy,Website,Visiting Friends/Relatives,Bronze,412.23,432.84,4.4,No
P04599,FL0099,2025-03-17,Doha,Paris,Airbus A320,On Time,0,Economy,Travel Agent,Visiting Friends/Relatives,Bronze,381.09,400.14,3.9,No
P04600,FL0100,2025-02-07,Paris,Tokyo,Boeing 787,On Time,0,First,Website,Business,Gold,3922.82,3922.82,3.8,No
P04601,FL0101,2025-12-23,Sydney,Dubai,Boeing 787,On Time,0,Economy,Mobile App,Visiting Friends/Relatives,Bronze,386.37,386.37,4.7,No
P04602,FL0102,2025-12-02,Doha,Dubai,Airbus A320,Delayed,33,Economy,Mobile App,Leisure,Silver,211.78,211.78,3.7,No
P04603,FL0103,2025-04-23,London,Bangkok,Airbus A350,Delayed,13,Economy,Corporate,Business,Silver,367.46,367.46,3.7,No
P04604,FL0104,2025-03-04,New York,Dubai,Boeing 787,On Time,0,Business,Website,Leisure,Gold,1709.78,1709.78,4.6,No
P04605,FL0105,2025-09-29,Paris,Toronto,Airbus A380,On Time,0,Economy,Website,Business,Bronze,186.28,186.28,4.5,No
P04606,FL0106,2025-09-16,Paris,Tokyo,Boeing 787,Delayed,5,Premium Economy,Mobile App,Visiting Friends/Relatives,Gold,563.18,563.18,3.6,No
P04607,FL0107,2025-03-23,New York,Bangkok,Boeing 787,On Time,0,Economy,Website,Business,Platinum,226.06,226.06,4.6,No
P04608,FL0108,2025-05-22,Doha,Toronto,Airbus A380,On Time,0,Economy,Mobile App,Visiting Friends/Relatives,Gold,178.8,178.8,3.8,No
P04609,FL0109,2025-08-14,Doha,Mumbai,Airbus A320,On Time,0,Economy,Website,Leisure,Bronze,261.13,261.13,4.3,No
P04610,FL0110,2025-06-21,Doha,Mumbai,Boeing 777,Delayed,24,Economy,Mobile App,Visiting Friends/Relatives,Silver,353.95,353.95,3.9,No
P04611,FL0111,2025-12-28,Frankfurt,Doha,Airbus A350,On Time,0,Business,Travel Agent,Visiting Friends/Relatives,Silver,1751.74,1751.74,4.3,No
P04612,FL0112,2025-10-05,Frankfurt,Mumbai,Boeing 787,On Time,0,Business,Website,Visiting Friends/Relatives,Gold,1668.94,1752.39,4.0,No
P04613,FL0113,2025-07-19,Doha,Bangkok,Airbus A380,Delayed,21,Economy,Mobile App,Visiting Friends/Relatives,Bronze,288.88,288.88,3.8,No
P04614,FL0114,2025-07-14,Dubai,Tokyo,Boeing 787,On Time,0,Economy,Mobile App,Leisure,Silver,292.81,292.81,4.5,No
P04615,FL0115,2025-07-19,Bangkok,Paris,Boeing 787,On Time,0,Business,Website,Business,Gold,1995.96,1995.96,4.0,No
P04616,FL0116,2025-04-23,New York,Tokyo,Boeing 787,On Time,0,Business,Mobile App,Business,Silver,2129.26,2129.26,4.2,No
P04617,FL0117,2025-01-15,Frankfurt,New York,Boeing 787,On Time,0,Economy,Website,Visiting Friends/Relatives,Gold,269.93,269.93,4.0,No
P04618,FL0118,2025-08-28,Frankfurt,Doha,Airbus A350,Cancelled,0,Economy,Website,Business,Silver,338.17,355.08,3.2,No
P04619,FL0119,2025-07-21,New York,London,Airbus A380,On Time,0,First,Travel Agent,Leisure,Platinum,5416.88,5416.88,3.8,No
P04620,FL0120,2025-11-26,Dubai,Singapore,Boeing 787,On Time,0,First,Travel Agent,Leisure,Bronze,4931.66,5178.24,4.9,No
P04621,FL0121,2025-01-26,Paris,Doha,Boeing 777,On Time,0,Business,Mobile App,Visiting Friends/Relatives,Bronze,2429.6,2429.6,5,No
P04622,FL0122,2025-06-17,Doha,New York,Boeing 777,On Time,0,Economy,Website,Leisure,Gold,339.11,356.07,4.0,No
P04623,FL0123,2025-08-04,Frankfurt,Paris,Boeing 777,Delayed,1,Economy,Corporate,Visiting Friends/Relatives,Gold,309.45,324.92,3.5,Yes
P04624,FL0124,2025-04-25,Dubai,Frankfurt,Airbus A320,Delayed,21,Economy,Mobile App,Visiting Friends/Relatives,Platinum,340.52,340.52,4.3,No
P04625,FL0125,2025-05-07,Dubai,London,Airbus A350,Delayed,11,Business,Website,Business,Bronze,1514.13,1514.13,3.6,No
P04626,FL0126,2025-02-28,Paris,Toronto,Airbus A380,Delayed,11,Economy,Website,Visiting Friends/Relatives,Bronze,329.51,329.51,4.1,No
P04627,FL0127,2025-07-08,Paris,Mumbai,Airbus A350,On Time,0,Economy,Website,Business,Silver,260.7,260.7,5,No
P04628,FL0128,2025-06-09,London,Dubai,Airbus A320,On Time,0,Economy,Mobile App,Visiting Friends/Relatives,Bronze,296.2,296.2,4.7,No
P04629,FL0129,2025-12-13,Mumbai,Tokyo,Boeing 787,On Time,0,Economy,Corporate,Leisure,Platinum,277.85,277.85,3.5,No
P04630,FL0130,2025-10-31,Doha,Singapore,Airbus A350,On Time,0,Economy,Travel Agent,Visiting Friends/Relatives,Bronze,441.54,463.62,4.2,No
P04631,FL0131,2025-11-04,Mumbai,Toronto,Airbus A320,Delayed,14,Business,Mobile App,Business,Silver,3188.65,3188.65,3.0,No
P04632,FL0132,2025-12-05,New York,Frankfurt,Boeing 777,On Time,0,Economy,Website,Visiting Friends/Relatives,Bronze,203.09,203.09,4.2,No
P04633,FL0133,2025-08-04,Bangkok,London,Boeing 787,On Time,0,Business,Website,Leisure,Bronze,1714.09,1714.09,3.9,No
P04634,FL0134,2025-08-24,Bangkok,Toronto,Airbus A350,On Time,0,Economy,Website,Leisure,Gold,184.13,184.13,5,Yes
P04635,FL0135,2025-05-19,New York,Toronto,Airbus A380,Delayed,16,Economy,Mobile App,Leisure,Bronze,299.47,299.47,3.8,No
P04636,FL0136,2025-08-27,New York,Bangkok,Boeing 787,Delayed,9,Economy,Mobile App,Visiting Friends/Relatives,Bronze,277.95,277.95,4.6,No
P04637,FL0137,2025-05-23,Doha,Singapore,Boeing 787,On Time,0,Business,Travel Agent,Business,Bronze,1193.67,1253.35,4.3,No
P04638,FL0138,2025-11-09,Paris,Tokyo,Boeing 787,On Time,0,Economy,Website,Visiting Friends/Relatives,Silver,191.21,191.21,3.5,No
P04639,FL0139,2025-04-04,Paris,Frankfurt,Boeing 787,On Time,0,Economy,Mobile App,Visiting Friends/Relatives,Platinum,402.65,402.65,3.8,No
P04640,FL0140,2025-05-24,Mumbai,Frankfurt,Airbus A380,On Time,0,Economy,Website,Business,Silver,292.71,292.71,3.7,Yes
P04641,FL0141,2025-01-06,Mumbai,Sydney,Airbus A380,Delayed,12,Economy,Mobile App,Business,Gold,442.06,442.06,3.8,No
P04642,FL0142,2025-07-28,London,Paris,Boeing 787,On Time,0,Business,Travel Agent,Leisure,Gold,1395.74,1395.74,4.4,No
P04643,FL0143,2025-11-27,Doha,New York,Boeing 787,On Time,0,Business,Travel Agent,Visiting Friends/Relatives,Bronze,1778.95,1778.95,4.5,No
P04644,FL0144,2025-05-31,Dubai,Singapore,Airbus A350,On Time,0,Economy,Travel Agent,Leisure,Silver,272.58,272.58,4.0,No
P04645,FL0145,2025-12-06,Doha,Mumbai,Airbus A380,On Time,0,Economy,Website,Business,Gold,301.77,301.77,3.3,No
P04646,FL0146,2025-06-26,New York,Sydney,Boeing 787,Cancelled,0,Economy,Website,Leisure,Silver,371.01,371.01,2.3,No
P04647,FL0147,2025-06-30,New York,Mumbai,Boeing 787,On Time,0,Economy,Travel Agent,Business,Bronze,363.63,363.63,3.9,Yes
P04648,FL0148,2025-03-03,Mumbai,Dubai,Airbus A350,On Time,0,Economy,Mobile App,Visiting Friends/Relatives,Silver,271.61,271.61,4.8,No
P04649,FL0149,2025-04-09,New York,Doha,Airbus A350,On Time,0,Economy,Website,Visiting Friends/Relatives,Gold,230.79,230.79,4.2,No
P04650,FL0150,2025-09-26,Mumbai,Tokyo,Airbus A380,On Time,0,First,Website,Leisure,Bronze,3720.57,3906.6,4.7,No
P04651,FL0151,2025-06-01,London,Paris,Airbus A350,On Time,0,Economy,Travel Agent,Visiting Friends/Relatives,Silver,176.55,185.38,4.1,No
P04652,FL0152,2025-12-29,Mumbai,London,Airbus A380,On Time,0,Economy,Website,Leisure,Bronze,654.98,654.98,3.3,No
P04653,FL0153,2025-10-11,Dubai,London,Boeing 777,On Time,0,Economy,Website,Business,Bronze,443.79,443.79,4.0,No
P04654,FL0154,2025-09-09,Singapore,Toronto,Airbus A320,Delayed,5,Economy,Corporate,Business,Silver,522.56,548.69,3.2,No
P04655,FL0155,2025-04-05,Paris,Frankfurt,Airbus A320,On Time,0,Business,Website,Business,Platinum,2725.37,2725.37,4.5,No
P04656,FL0156,2025-02-03,Paris,Singapore,Boeing 787,On Time,0,Business,Website,Visiting Friends/Relatives,Platinum,1784.95,1784.95,5,No
P04657,FL0157,2025-12-18,Sydney,Toronto,Airbus A320,On Time,0,First,Corporate,Business,Platinum,6945.93,6945.93,4.4,No
P04658,FL0158,2025-02-13,Sydney,Paris,Airbus A350,On Time,0,Premium Economy,Mobile App,Visiting Friends/Relatives,Bronze,511.03,511.03,3.8,No
P04659,FL0159,2025-11-02,Frankfurt,Tokyo,Airbus A380,On Time,0,Economy,Corporate,Leisure,Silver,211.67,222.25,5,No
P04660,FL0160,2025-08-19,New York,Frankfurt,Boeing 787,On Time,0,Economy,Mobile App,Visiting Friends/Relatives,Silver,302.08,317.18,4.1,No
P04661,FL0161,2025-06-06,Sydney,Frankfurt,Airbus A380,On Time,0,Business,Mobile App,Visiting Friends/Relatives,Silver,2242.64,2242.64,3.5,No
P04662,FL0162,2025-04-17,Sydney,Singapore,Airbus A350,On Time,0,Business,Travel Agent,Visiting Friends/Relatives,Platinum,1928.8,1928.8,3.8,No
P04663,FL0163,2025-05-03,London,Dubai,Airbus A350,On Time,0,Business,Travel Agent,Visiting Friends/Relatives,Bronze,2102.27,2102.27,3.6,No
P04664,FL0164,2025-07-29,Singapore,London,Boeing 787,On Time,0,Business,Mobile App,Leisure,Platinum,2075.45,2075.45,4.3,No
P04665,FL0165,2025-01-17,Paris,Mumbai,Airbus A350,On Time,0,Premium Economy,Corporate,Leisure,Platinum,932.16,932.16,3.4,No
P04666,FL0166,2025-02-06,Mumbai,New York,Airbus A350,Delayed,11,Economy,Website,Visiting Friends/Relatives,Bronze,305.56,305.56,4.0,No
P04667,FL0167,2025-04-12,Sydney,Toronto,Boeing 787,On Time,0,Economy,Website,Visiting Friends/Relatives,Platinum,394.29,394.29,4.2,No
P04668,FL0168,2025-03-18,Doha,Toronto,Boeing 777,Delayed,24,Economy,Mobile App,Leisure,Bronze,365.12,383.38,4.5,No
P04669,FL0169,2025-10-19,Mumbai,Tokyo,Boeing 777,On Time,0,Economy,Corporate,Business,Silver,398.23,418.14,4.6,No
P04670,FL0170,2025-12-25,Paris,Mumbai,Boeing 787,Delayed,21,Economy,Website,Business,Platinum,277.79,277.79,4.5,No
P04671,FL0171,2025-09-10,New York,Sydney,Boeing 787,On Time,0,Economy,Mobile App,Visiting Friends/Relatives,Silver,322.31,322.31,4.2,No
P04672,FL0172,2025-06-15,Dubai,Bangkok,Airbus A380,On Time,0,Business,Travel Agent,Business,Bronze,1148.17,1148.17,4.1,No
P04673,FL0173,2025-12-12,London,Paris,Airbus A380,On Time,0,Premium Economy,Travel Agent,Business,Bronze,659.98,659.98,4.2,No
P04674,FL0174,2025-05-18,Dubai,Toronto,Airbus A380,On Time,0,Economy,Travel Agent,Leisure,Gold,444.96,467.21,4.6,No
P04675,FL0175,2025-09-23,Singapore,New York,Boeing 787,Delayed,24,Business,Mobile App,Visiting Friends/Relatives,Gold,2399.26,2399.26,3.3,No
P04676,FL0176,2025-08-29,Paris,Singapore,Boeing 777,On Time,0,Business,Corporate,Business,Gold,1791.47,1791.47,4.0,No
P04677,FL0177,2025-02-23,Bangkok,Toronto,Airbus A350,On Time,0,Premium Economy,Website,Business,Bronze,846.23,888.54,4.2,No
P04678,FL0178,2025-12-06,Paris,Mumbai,Boeing 787,Delayed,32,Economy,Corporate,Visiting Friends/Relatives,Silver,371.79,390.38,4.0,No
P04679,FL0179,2025-08-21,New York,London,Airbus A320,On Time,0,Economy,Corporate,Business,Bronze,289.58,289.58,3.5,No
P04680,FL0180,2025-07-26,Bangkok,Singapore,Airbus A380,Delayed,42,Economy,Mobile App,Leisure,Gold,449.87,472.36,4.1,No
P04681,FL0181,2025-01-28,Paris,Bangkok,Airbus A350,On Time,0,Economy,Travel Agent,Visiting Friends/Relatives,Gold,313.18,313.18,5,No
P04682,FL0182,2025-11-17,Sydney,Bangkok,Boeing 787,On Time,0,Economy,Mobile App,Leisure,Bronze,392.32,411.94,4.2,No
P04683,FL0183,2025-10-09,Doha,Mumbai,Airbus A350,Delayed,18,Economy,Corporate,Leisure,Silver,272.2,285.81,3.6,Yes
P04684,FL0184,2025-03-04,Paris,New York,Airbus A320,Cancelled,0,Premium Economy,Travel Agent,Leisure,Bronze,505.63,505.63,1.9,No
P04685,FL0185,2025-12-30,Sydney,Dubai,Airbus A350,On Time,0,Economy,Travel Agent,Visiting Friends/Relatives,Silver,542.01,569.11,4.7,No
P04686,FL0186,2025-07-28,Dubai,Sydney,Airbus A320,On Time,0,Economy,Website,Business,Gold,317.18,317.18,4.2,No
P04687,FL0187,2025-03-02,London,New York,Airbus A350,On Time,0,Premium Economy,Corporate,Leisure,Silver,680.4,680.4,4.2,No
P04688,FL0188,2025-12-28,Mumbai,Sydney,Boeing 777,On Time,0,Economy,Website,Leisure,Silver,204.38,204.38,3.4,No
P04689,FL0189,2025-05-05,Paris,New York,Boeing 787,On Time,0,Economy,Website,Business,Platinum,434.46,434.46,4.3,No
P04690,FL0190,2025-11-03,Frankfurt,Dubai,Airbus A380,On Time,0,Economy,Mobile App,Business,Bronze,313.87,313.87,4.6,No
P04691,FL0191,2025-05-22,Singapore,Doha,Boeing 787,On Time,0,Business,Mobile App,Visiting Friends/Relatives,Silver,2229.23,2229.23,4.7,No
P04692,FL0192,2025-01-02,New York,Paris,Boeing 777,On Time,0,Economy,Mobile App,Leisure,Silver,372.81,391.45,4.0,Yes
P04693,FL0193,2025-12-04,Sydney,Tokyo,Boeing 787,Delayed,4,Premium Economy,Website,Business,Silver,403.21,403.21,3.8,No
P04694,FL0194,2025-10-06,Bangkok,Sydney,Boeing 787,On Time,0,Economy,Mobile App,Business,Silver,507.42,532.79,4.1,No
P04695,FL0195,2025-12-24,Bangkok,Dubai,Airbus A350,On Time,0,Economy,Travel Agent,Visiting Friends/Relatives,Gold,369.84,369.84,5,No
P04696,FL0196,2025-01-23,Doha,Bangkok,Boeing 777,On Time,0,Economy,Mobile App,Leisure,Gold,245.82,258.11,3.9,No
P04697,FL0197,2025-12-06,Frankfurt,Bangkok,Airbus A350,On Time,0,Economy,Mobile App,Visiting Friends/Relatives,Silver,372.26,372.26,4.1,No
P04698,FL0198,2025-09-15,Dubai,Doha,Airbus A380,On Time,0,Premium Economy,Mobile App,Visiting Friends/Relatives,Gold,633.4,633.4,4.3,No
P04699,FL0199,2025-02-21,London,New York,Airbus A380,Delayed,22,Economy,Website,Leisure,Gold,217.85,217.85,3.8,No
P04700,FL0200,2025-07-29,Dubai,Doha,Airbus A350,On Time,0,Economy,Website,Leisure,Bronze,283.17,297.33,4.6,No
P04701,FL0201,2025-11-16,Mumbai,Frankfurt,Boeing 787,On Time,0,Business,Website,Visiting Friends/Relatives,Silver,2018.4,2119.32,4.3,No
P04702,FL0202,2025-10-01,Bangkok,Toronto,Boeing 787,Delayed,1,Economy,Travel Agent,Visiting Friends/Relatives,Platinum,376.8,395.64,3.1,No
P04703,FL0203,2025-01-19,Paris,Sydney,Airbus A380,On Time,0,Economy,Corporate,Business,Silver,230.75,230.75,4.6,Yes
P04704,FL0204,2025-02-16,Mumbai,Dubai,Boeing 787,Cancelled,0,Economy,Website,Leisure,Gold,231.83,231.83,2.9,No
P04705,FL0205,2025-03-27,London,New York,Boeing 777,Delayed,1,Premium Economy,Corporate,Leisure,Bronze,559.1,559.1,4.2,No
P04706,FL0206,2025-01-29,Dubai,Frankfurt,Boeing 777,On Time,0,Economy,Travel Agent,Leisure,Silver,301.51,301.51,4.3,No
P04707,FL0207,2025-05-06,Frankfurt,Doha,Airbus A380,On Time,0,Economy,Website,Business,Platinum,272.89,272.89,4.0,No
P04708,FL0208,2025-03-31,Singapore,Dubai,Airbus A320,On Time,0,Economy,Website,Business,Silver,335.23,335.23,4.5,No
P04709,FL0209,2025-12-16,Frankfurt,Tokyo,Airbus A350,On Time,0,Premium Economy,Website,Business,Silver,1283.23,1283.23,3.5,No
P04710,FL0210,2025-04-29,Sydney,Doha,Boeing 787,On Time,0,Economy,Mobile App,Leisure,Silver,322.99,322.99,4.6,No
P04711,FL0211,2025-12-08,Paris,Mumbai,Airbus A320,Delayed,8,Economy,Mobile App,Visiting Friends/Relatives,Bronze,320.93,320.93,2.2,No
P04712,FL0212,2025-02-07,New York,Doha,Boeing 787,Delayed,20,Business,Website,Visiting Friends/Relatives,Silver,2477.72,2601.61,4.1,No
P04713,FL0213,2025-11-24,Sydney,Paris,Boeing 787,On Time,0,Premium Economy,Mobile App,Business,Bronze,744.78,744.78,3.6,No
P04714,FL0214,2025-04-12,Paris,Mumbai,Boeing 787,Delayed,27,Premium Economy,Mobile App,Business,Bronze,767.41,767.41,4.0,No
P04715,FL0215,2025-06-01,Bangkok,Tokyo,Boeing 777,On Time,0,Business,Mobile App,Visiting Friends/Relatives,Gold,1764.98,1853.23,4.1,No
P04716,FL0216,2025-01-05,Frankfurt,Paris,Airbus A380,Delayed,25,Business,Mobile App,Leisure,Bronze,1342.5,1409.62,3.2,No
P04717,FL0217,2025-09-12,Dubai,Tokyo,Boeing 777,On Time,0,Economy,Mobile App,Leisure,Platinum,449.44,449.44,3.6,No
P04718,FL0218,2025-06-30,Doha,Tokyo,Airbus A350,On Time,0,Premium Economy,Corporate,Leisure,Bronze,491.06,491.06,5.0,No
P04719,FL0219,2025-12-14,Sydney,Paris,Airbus A350,On Time,0,Economy,Website,Business,Bronze,247.43,247.43,3.4,No
P04720,FL0220,2025-08-14,Dubai,Mumbai,Airbus A320,On Time,0,Economy,Website,Business,Bronze,299.45,314.42,3.6,No
P04721,FL0221,2025-06-01,Singapore,Doha,Boeing 777,On Time,0,Economy,Website,Visiting Friends/Relatives,Silver,315.69,331.47,4.7,No
P04722,FL0222,2025-03-09,Singapore,Paris,Airbus A380,Delayed,8,Business,Mobile App,Visiting Friends/Relatives,Bronze,1944.78,1944.78,3.0,No
P04723,FL0223,2025-05-12,Mumbai,Doha,Boeing 787,Delayed,28,Business,Website,Leisure,Bronze,1977.05,1977.05,3.6,No
P04724,FL0224,2025-02-28,Mumbai,Frankfurt,Boeing 787,Delayed,37,Premium Economy,Travel Agent,Business,Platinum,696.17,730.98,4.1,No
P04725,FL0225,2025-07-07,Frankfurt,Sydney,Airbus A320,Delayed,42,Economy,Travel Agent,Leisure,Bronze,297.66,297.66,4.2,No
P04726,FL0226,2025-10-02,Dubai,Mumbai,Airbus A320,On Time,0,Economy,Mobile App,Leisure,Silver,345.77,345.77,4.2,No
P04727,FL0227,2025-07-15,Mumbai,Tokyo,Boeing 777,On Time,0,Economy,Mobile App,Leisure,Bronze,339.69,356.67,3.6,No
P04728,FL0228,2025-01-13,Doha,New York,Airbus A380,Delayed,1,Economy,Mobile App,Leisure,Silver,319.58,319.58,3.4,Yes
P04729,FL0229,2025-02-02,Doha,Toronto,Boeing 787,Delayed,7,Economy,Mobile App,Business,Silver,528.94,528.94,3.2,No
P04730,FL0230,2025-07-29,Mumbai,Toronto,Airbus A320,On Time,0,Economy,Travel Agent,Visiting Friends/Relatives,Platinum,301.81,301.81,4.4,No
P04731,FL0231,2025-09-10,Dubai,Mumbai,Airbus A320,On Time,0,Economy,Travel Agent,Business,Silver,287.47,301.84,4.0,No
P04732,FL0232,2025-07-18,New York,Doha,Boeing 787,On Time,0,Economy,Mobile App,Leisure,Silver,297.14,297.14,3.7,No
P04733,FL0233,2025-10-28,New York,Frankfurt,Airbus A350,Delayed,5,Business,Website,Visiting Friends/Relatives,Silver,1733.07,1733.07,3.0,No
P04734,FL0234,2025-05-24,Sydney,Frankfurt,Airbus A320,On Time,0,Economy,Mobile App,Business,Bronze,597.0,626.85,4.3,No
P04735,FL0235,2025-08-16,Doha,New York,Airbus A350,Delayed,1,Economy,Website,Business,Bronze,398.14,398.14,3.6,No
P04736,FL0236,2025-07-08,London,Toronto,Airbus A380,Delayed,15,Economy,Website,Visiting Friends/Relatives,Platinum,303.79,303.79,3.7,No
P04737,FL0237,2025-03-04,Mumbai,Dubai,Boeing 787,On Time,0,Business,Mobile App,Leisure,Bronze,1319.69,1319.69,4.8,No
P04738,FL0238,2025-11-24,Doha,Toronto,Airbus A380,Cancelled,0,Economy,Website,Visiting Friends/Relatives,Silver,254.52,254.52,2.7,No
P04739,FL0239,2025-05-05,Dubai,Frankfurt,Airbus A350,Delayed,14,Economy,Corporate,Leisure,Gold,258.05,258.05,3.3,Yes
P04740,FL0240,2025-10-11,Doha,Singapore,Airbus A350,On Time,0,Economy,Website,Business,Bronze,275.1,275.1,5.0,No
P04741,FL0241,2025-03-17,Doha,Frankfurt,Airbus A380,On Time,0,Business,Mobile App,Business,Silver,1604.96,1604.96,3.8,No
P04742,FL0242,2025-10-04,Singapore,Dubai,Boeing 777,Delayed,36,Economy,Travel Agent,Leisure,Bronze,614.05,614.05,3.0,No
P04743,FL0243,2025-07-03,Singapore,London,Airbus A350,On Time,0,Business,Mobile App,Leisure,Platinum,1027.46,1027.46,3.6,No
P04744,FL0244,2025-05-16,Dubai,Doha,Airbus A320,On Time,0,Economy,Mobile App,Leisure,Gold,339.91,356.91,4.3,No
P04745,FL0245,2025-02-28,Frankfurt,Sydney,Airbus A320,On Time,0,Economy,Mobile App,Leisure,Gold,296.22,296.22,4.3,No
P04746,FL0246,2025-10-31,Bangkok,Sydney,Airbus A320,On Time,0,Business,Mobile App,Leisure,Silver,2017.14,2118.0,3.8,No
P04747,FL0247,2025-01-23,Doha,Tokyo,Airbus A380,On Time,0,Economy,Website,Business,Gold,385.54,385.54,4.5,No
P04748,FL0248,2025-09-03,Dubai,London,Boeing 787,On Time,0,Economy,Mobile App,Business,Bronze,492.32,492.32,3.7,No
P04749,FL0249,2025-12-31,London,New York,Boeing 787,On Time,0,Economy,Website,Leisure,Bronze,435.51,435.51,4.2,No
P04750,FL0250,2025-11-08,London,Frankfurt,Airbus A350,On Time,0,Economy,Website,Visiting Friends/Relatives,Bronze,247.77,247.77,5,No
P04751,FL0251,2025-11-21,Mumbai,Tokyo,Airbus A380,On Time,0,Economy,Travel Agent,Visiting Friends/Relatives,Bronze,267.62,267.62,3.9,No
P04752,FL0252,2025-11-02,Bangkok,Frankfurt,Airbus A380,On Time,0,Economy,Website,Visiting Friends/Relatives,Bronze,276.11,289.92,3.2,No
P04753,FL0253,2025-08-09,New York,Tokyo,Airbus A320,Delayed,33,Premium Economy,Travel Agent,Visiting Friends/Relatives,Bronze,905.36,905.36,3.2,No
P04754,FL0254,2025-11-30,London,Toronto,Airbus A380,On Time,0,Economy,Mobile App,Business,Gold,319.31,335.28,4.1,No
P04755,FL0255,2025-08-20,Doha,Bangkok,Airbus A350,On Time,0,Economy,Mobile App,Leisure,Bronze,220.92,231.97,4.7,No
P04756,FL0256,2025-08-01,Paris,Bangkok,Airbus A320,On Time,0,Economy,Website,Leisure,Silver,374.33,374.33,4.7,No
P04757,FL0257,2025-05-11,Bangkok,Toronto,Boeing 777,Delayed,12,First,Corporate,Visiting Friends/Relatives,Platinum,4687.72,4687.72,4.1,No
P04758,FL0258,2025-02-17,London,Doha,Boeing 787,On Time,0,Economy,Website,Leisure,Bronze,258.45,271.37,4.2,No
P04759,FL0259,2025-10-12,Bangkok,Doha,Airbus A320,On Time,0,Economy,Mobile App,Leisure,Gold,293.03,293.03,5,No
P04760,FL0260,2025-06-18,New York,Sydney,Airbus A320,On Time,0,Premium Economy,Mobile App,Business,Silver,374.78,374.78,4.8,No
P04761,FL0261,2025-05-28,Frankfurt,London,Airbus A380,On Time,0,Economy,Mobile App,Visiting Friends/Relatives,Silver,318.58,318.58,4.2,No
P04762,FL0262,2025-09-17,London,Tokyo,Airbus A350,On Time,0,Economy,Mobile App,Visiting Friends/Relatives,Silver,276.17,276.17,4.0,No
P04763,FL0263,2025-02-25,Paris,Dubai,Boeing 777,Delayed,5,Business,Website,Leisure,Silver,2078.15,2182.06,3.5,No
P04764,FL0264,2025-05-23,Bangkok,Singapore,Airbus A380,On Time,0,Business,Travel Agent,Leisure,Platinum,2537.36,2537.36,4.3,No
P04765,FL0265,2025-11-15,Frankfurt,Sydney,Airbus A380,On Time,0,Economy,Travel Agent,Business,Silver,314.2,314.2,4.9,No
P04766,FL0266,2025-11-08,New York,London,Boeing 777,On Time,0,Economy,Website,Visiting Friends/Relatives,Bronze,228.51,239.94,4.2,No
P04767,FL0267,2025-06-23,Mumbai,Paris,Boeing 777,On Time,0,Economy,Mobile App,Visiting Friends/Relatives,Silver,359.7,359.7,4.7,No
P04768,FL0268,2025-12-03,Singapore,Tokyo,Boeing 787,On Time,0,Economy,Website,Business,Platinum,313.92,313.92,4.2,No
P04769,FL0269,2025-09-29,Dubai,Singapore,Airbus A350,On Time,0,Economy,Website,Business,Bronze,250.13,250.13,4.0,No
P04770,FL0270,2025-03-22,Paris,Frankfurt,Boeing 777,On Time,0,First,Mobile App,Business,Gold,3858.53,4051.46,4.3,No
P04771,FL0271,2025-11-02,Bangkok,Tokyo,Airbus A320,Delayed,29,Premium Economy,Mobile App,Visiting Friends/Relatives,Gold,588.16,588.16,4.0,No
P04772,FL0272,2025-02-11,Dubai,Toronto,Boeing 777,On Time,0,Economy,Website,Leisure,Bronze,295.97,295.97,4.5,No
P04773,FL0273,2025-11-07,Frankfurt,New York,Boeing 787,On Time,0,Economy,Website,Visiting Friends/Relatives,Platinum,359.94,359.94,3.6,No
P04774,FL0274,2025-02-28,Doha,Sydney,Boeing 777,On Time,0,Economy,Website,Visiting Friends/Relatives,Silver,197.87,197.87,4.1,No
P04775,FL0275,2025-12-14,Mumbai,Toronto,Airbus A380,On Time,0,Business,Mobile App,Business,Bronze,2251.56,2251.56,3.7,No
P04776,FL0276,2025-04-23,Mumbai,London,Boeing 787,Cancelled,0,Economy,Mobile App,Business,Platinum,229.27,229.27,2.4,No
P04777,FL0277,2025-04-15,Dubai,London,Boeing 777,Delayed,34,Premium Economy,Mobile App,Business,Bronze,314.08,314.08,4.1,No
P04778,FL0278,2025-05-29,Singapore,Mumbai,Boeing 777,On Time,0,Economy,Mobile App,Business,Bronze,258.49,271.41,3.7,No
P04779,FL0279,2025-03-31,Paris,Bangkok,Airbus A350,On Time,0,Economy,Mobile App,Business,Bronze,563.57,591.75,4.4,No
P04780,FL0280,2025-10-14,Doha,Sydney,Boeing 777,On Time,0,Economy,Mobile App,Business,Bronze,311.18,311.18,4.5,No
P04781,FL0281,2025-01-10,Dubai,Bangkok,Boeing 787,Delayed,28,Premium Economy,Website,Leisure,Bronze,669.42,669.42,3.8,No
P04782,FL0282,2025-12-30,Sydney,Frankfurt,Boeing 787,On Time,0,Business,Travel Agent,Visiting Friends/Relatives,Silver,1411.17,1411.17,4.3,No
P04783,FL0283,2025-06-16,Frankfurt,London,Airbus A350,Delayed,6,Economy,Travel Agent,Leisure,Silver,323.93,323.93,3.0,No
P04784,FL0284,2025-12-20,Sydney,Bangkok,Boeing 777,On Time,0,Economy,Website,Leisure,Platinum,255.65,255.65,4.7,No
P04785,FL0285,2025-08-12,London,Paris,Airbus A380,On Time,0,Premium Economy,Corporate,Leisure,Platinum,864.41,864.41,4.0,No
P04786,FL0286,2025-06-08,London,Bangkok,Boeing 777,On Time,0,Economy,Mobile App,Leisure,Bronze,560.31,560.31,4.7,No
P04787,FL0287,2025-09-19,Singapore,Doha,Airbus A320,On Time,0,First,Corporate,Leisure,Bronze,3537.91,3537.91,4.2,No
P04788,FL0288,2025-06-29,Doha,Frankfurt,Airbus A350,On Time,0,Economy,Website,Leisure,Bronze,464.48,464.48,4.5,No
P04789,FL0289,2025-04-12,Singapore,Mumbai,Airbus A350,On Time,0,Premium Economy,Website,Visiting Friends/Relatives,Silver,642.55,642.55,4.5,No
P04790,FL0290,2025-11-18,London,Dubai,Boeing 787,On Time,0,Economy,Mobile App,Leisure,Silver,352.11,352.11,4.5,No
P04791,FL0291,2025-08-18,Sydney,Tokyo,Airbus A380,On Time,0,Economy,Mobile App,Leisure,Bronze,242.18,242.18,3.8,No
P04792,FL0292,2025-11-18,Sydney,Mumbai,Boeing 777,On Time,0,Premium Economy,Website,Business,Silver,800.62,800.62,4.0,No
P04793,FL0293,2025-08-15,London,New York,Boeing 777,Delayed,8,Business,Mobile App,Leisure,Gold,1867.96,1867.96,4.0,No
P04794,FL0294,2025-08-25,London,Mumbai,Boeing 787,On Time,0,Economy,Travel Agent,Visiting Friends/Relatives,Silver,232.67,232.67,4.1,No
P04795,FL0295,2025-02-09,Bangkok,Paris,Airbus A320,On Time,0,Business,Mobile App,Visiting Friends/Relatives,Bronze,1481.75,1555.84,4.7,Yes
P04796,FL0296,2025-08-25,New York,Frankfurt,Airbus A380,On Time,0,Economy,Mobile App,Visiting Friends/Relatives,Silver,353.06,353.06,3.8,No
P04797,FL0297,2025-10-20,Dubai,New York,Airbus A350,On Time,0,Premium Economy,Corporate,Business,Gold,740.24,740.24,3.9,No
P04798,FL0298,2025-03-19,Paris,Sydney,Airbus A320,On Time,0,Economy,Website,Visiting Friends/Relatives,Bronze,496.35,521.17,4.2,No
P04799,FL0299,2025-09-16,Bangkok,Singapore,Airbus A350,On Time,0,Economy,Corporate,Leisure,Silver,274.05,274.05,4.5,No
P04800,FL0300,2025-09-26,Paris,New York,Airbus A380,On Time,0,Premium Economy,Mobile App,Visiting Friends/Relatives,Silver,571.04,571.04,4.4,No
P04801,FL0301,2025-05-25,Bangkok,Mumbai,Boeing 787,On Time,0,Economy,Website,Visiting Friends/Relatives,Gold,240.1,240.1,4.2,No
P04802,FL0302,2025-11-03,Bangkok,Toronto,Airbus A320,Delayed,11,Economy,Travel Agent,Business,Gold,367.45,367.45,3.4,No
P04803,FL0303,2025-06-18,Bangkok,Singapore,Airbus A320,On Time,0,Business,Website,Leisure,Bronze,2039.25,2039.25,5.0,No
P04804,FL0304,2025-05-10,Frankfurt,Paris,Airbus A380,Delayed,10,Economy,Mobile App,Leisure,Platinum,306.24,306.24,2.9,No
P04805,FL0305,2025-06-08,Singapore,Frankfurt,Boeing 787,On Time,0,Economy,Mobile App,Leisure,Bronze,281.13,281.13,4.0,No
P04806,FL0306,2025-10-14,London,Mumbai,Boeing 787,On Time,0,Economy,Travel Agent,Business,Platinum,238.83,250.77,4.5,No
P04807,FL0307,2025-12-10,Bangkok,Doha,Airbus A380,On Time,0,Economy,Travel Agent,Leisure,Bronze,236.88,236.88,4.3,No
P04808,FL0308,2025-07-05,Frankfurt,Sydney,Airbus A320,On Time,0,Economy,Travel Agent,Leisure,Silver,231.26,231.26,4.0,No
P04809,FL0309,2025-06-24,Singapore,Paris,Boeing 787,On Time,0,Economy,Website,Visiting Friends/Relatives,Bronze,244.74,256.98,3.5,No
P04810,FL0310,2025-02-09,Singapore,Dubai,Boeing 777,Delayed,31,Economy,Website,Leisure,Bronze,408.48,408.48,2.9,Yes
P04811,FL0311,2025-10-04,London,Sydney,Airbus A380,On Time,0,Premium Economy,Website,Visiting Friends/Relatives,Bronze,630.0,630.0,3.7,No
P04812,FL0312,2025-03-09,Bangkok,Tokyo,Airbus A380,On Time,0,Economy,Mobile App,Leisure,Gold,675.4,675.4,4.3,No
P04813,FL0313,2025-12-21,Singapore,Dubai,Airbus A380,Delayed,24,Economy,Mobile App,Leisure,Bronze,336.81,336.81,3.3,No
P04814,FL0314,2025-12-13,Frankfurt,Mumbai,Airbus A350,Delayed,29,First,Mobile App,Leisure,Gold,5611.57,5892.15,3.7,Yes
P04815,FL0315,2025-08-18,Sydney,Paris,Airbus A350,On Time,0,Economy,Website,Business,Bronze,291.09,305.64,4.3,No
P04816,FL0316,2025-04-10,Mumbai,New York,Boeing 777,On Time,0,Economy,Mobile App,Business,Platinum,234.23,234.23,4.1,No
P04817,FL0317,2025-08-25,Sydney,Bangkok,Boeing 777,On Time,0,Economy,Website,Leisure,Silver,294.96,294.96,4.2,No
P04818,FL0318,2025-08-03,New York,Sydney,Airbus A350,Delayed,20,Economy,Website,Business,Platinum,281.8,295.89,3.5,No
P04819,FL0319,2025-11-25,Mumbai,London,Boeing 787,Delayed,11,Economy,Website,Visiting Friends/Relatives,Platinum,303.46,303.46,4.6,No
P04820,FL0320,2025-12-31,New York,Singapore,Airbus A380,Delayed,13,Economy,Mobile App,Business,Silver,254.28,254.28,4.8,No
P04821,FL0321,2025-09-20,Mumbai,New York,Airbus A350,Delayed,37,Economy,Website,Visiting Friends/Relatives,Gold,334.27,334.27,3.8,No
P04822,FL0322,2025-08-19,London,Paris,Boeing 777,Delayed,7,Economy,Website,Leisure,Gold,308.76,324.2,3.3,No
P04823,FL0323,2025-07-17,Bangkok,Dubai,Airbus A320,On Time,0,Economy,Mobile App,Leisure,Bronze,172.19,172.19,5,No
P04824,FL0324,2025-02-20,Dubai,Frankfurt,Boeing 777,Delayed,24,Economy,Travel Agent,Visiting Friends/Relatives,Gold,287.89,302.28,3.7,No
P04825,FL0325,2025-05-27,Singapore,London,Boeing 787,On Time,0,Economy,Mobile App,Business,Bronze,284.74,284.74,3.5,No
P04826,FL0326,2025-08-18,Singapore,New York,Airbus A380,On Time,0,Premium Economy,Website,Business,Gold,656.49,656.49,5,Yes
P04827,FL0327,2025-05-12,London,Singapore,Airbus A350,Delayed,1,Economy,Travel Agent,Leisure,Platinum,508.89,508.89,3.1,Yes
P04828,FL0328,2025-02-26,New York,Frankfurt,Boeing 777,On Time,0,Economy,Mobile App,Business,Bronze,199.86,199.86,3.8,No
P04829,FL0329,2025-05-03,London,Singapore,Boeing 787,On Time,0,Premium Economy,Mobile App,Business,Platinum,734.63,771.36,3.7,No
P04830,FL0330,2025-02-02,Sydney,Bangkok,Airbus A320,Delayed,12,Economy,Mobile App,Leisure,Bronze,446.3,446.3,3.1,No
P04831,FL0331,2025-10-02,Paris,Tokyo,Airbus A320,On Time,0,Business,Travel Agent,Visiting Friends/Relatives,Silver,1977.98,1977.98,3.1,No
P04832,FL0332,2025-03-15,Sydney,Dubai,Boeing 777,On Time,0,Economy,Travel Agent,Visiting Friends/Relatives,Bronze,302.98,302.98,4.1,No
P04833,FL0333,2025-05-04,Sydney,Mumbai,Airbus A380,On Time,0,Premium Economy,Website,Business,Gold,699.2,699.2,3.9,No
P04834,FL0334,2025-07-04,London,Sydney,Airbus A320,Delayed,1,Economy,Travel Agent,Business,Bronze,313.85,329.54,4.6,No
P04835,FL0335,2025-01-11,New York,Sydney,Boeing 787,Delayed,12,Economy,Website,Visiting Friends/Relatives,Platinum,309.44,309.44,4.1,No
P04836,FL0336,2025-07-18,Dubai,Toronto,Boeing 777,On Time,0,Economy,Website,Leisure,Bronze,230.71,230.71,4.8,No
P04837,FL0337,2025-02-04,Dubai,Frankfurt,Boeing 777,On Time,0,Business,Mobile App,Leisure,Gold,1893.92,1893.92,4.1,No
P04838,FL0338,2025-06-20,London,Tokyo,Airbus A350,On Time,0,Economy,Website,Business,Silver,302.04,302.04,4.3,No
P04839,FL0339,2025-11-26,New York,Mumbai,Airbus A350,Delayed,4,Business,Corporate,Visiting Friends/Relatives,Gold,1195.3,1255.07,3.5,No
P04840,FL0340,2025-04-04,Paris,Toronto,Airbus A350,On Time,0,Economy,Mobile App,Visiting Friends/Relatives,Platinum,212.89,212.89,4.6,No
P04841,FL0341,2025-05-31,Paris,London,Airbus A350,On Time,0,Economy,Mobile App,Business,Gold,547.04,547.04,3.6,No
P04842,FL0342,2025-06-11,Doha,London,Boeing 777,On Time,0,Premium Economy,Website,Business,Gold,666.61,666.61,4.4,No
P04843,FL0343,2025-05-10,New York,Bangkok,Airbus A320,On Time,0,Economy,Travel Agent,Visiting Friends/Relatives,Platinum,296.72,296.72,3.9,No
P04844,FL0344,2025-07-02,Doha,Mumbai,Airbus A320,Delayed,1,Economy,Corporate,Leisure,Platinum,159.15,167.11,3.2,No
P04845,FL0345,2025-03-05,Bangkok,Paris,Boeing 777,On Time,0,Business,Travel Agent,Leisure,Silver,1863.92,1863.92,3.9,No
P04846,FL0346,2025-07-17,Frankfurt,New York,Boeing 777,Cancelled,0,Business,Website,Business,Silver,1599.5,1599.5,2.9,No
P04847,FL0347,2025-07-08,Paris,New York,Airbus A380,On Time,0,Business,Mobile App,Visiting Friends/Relatives,Gold,1694.28,1694.28,3.7,No
P04848,FL0348,2025-02-10,London,Bangkok,Boeing 787,On Time,0,Economy,Website,Leisure,Bronze,259.79,259.79,4.3,No
P04849,FL0349,2025-05-31,Singapore,Sydney,Boeing 777,On Time,0,Economy,Mobile App,Visiting Friends/Relatives,Gold,348.21,348.21,4.3,No
P04850,FL0350,2025-06-01,Bangkok,Toronto,Boeing 777,On Time,0,First,Website,Leisure,Bronze,2967.83,2967.83,5,No
P04851,FL0351,2025-12-20,Frankfurt,Doha,Boeing 787,On Time,0,Economy,Corporate,Visiting Friends/Relatives,Silver,441.04,441.04,4.2,No
P04852,FL0352,2025-11-11,Dubai,Frankfurt,Boeing 787,On Time,0,Economy,Corporate,Visiting Friends/Relatives,Bronze,368.73,387.17,4.7,No
P04853,FL0353,2025-12-10,Dubai,Singapore,Boeing 787,On Time,0,Economy,Mobile App,Business,Silver,351.88,351.88,4.5,No
P04854,FL0354,2025-03-15,Singapore,London,Airbus A380,On Time,0,Business,Mobile App,Business,Platinum,1756.13,1756.13,4.9,No
P04855,FL0355,2025-03-06,Paris,London,Airbus A320,On Time,0,Economy,Website,Visiting Friends/Relatives,Platinum,244.43,244.43,4.4,No
P04856,FL0356,2025-07-16,Bangkok,Mumbai,Airbus A380,On Time,0,Business,Travel Agent,Leisure,Bronze,1399.33,1399.33,4.5,No
P04857,FL0357,2025-08-19,Singapore,Toronto,Boeing 777,On Time,0,Economy,Website,Visiting Friends/Relatives,Bronze,377.19,377.19,4.2,No
P04858,FL0358,2025-03-12,London,Tokyo,Airbus A380,On Time,0,Business,Website,Visiting Friends/Relatives,Silver,1936.33,1936.33,3.8,No
P04859,FL0359,2025-05-23,Bangkok,Toronto,Airbus A350,Delayed,25,Premium Economy,Mobile App,Visiting Friends/Relatives,Bronze,495.37,495.37,2.7,No
P04860,FL0360,2025-10-15,New York,Frankfurt,Airbus A320,On Time,0,Economy,Mobile App,Business,Gold,344.35,344.35,4.2,No
P04861,FL0361,2025-04-20,Mumbai,New York,Airbus A380,On Time,0,Economy,Mobile App,Leisure,Silver,289.07,289.07,4.2,No
P04862,FL0362,2025-03-04,Paris,Dubai,Airbus A350,Delayed,19,Economy,Corporate,Leisure,Gold,331.64,331.64,4.1,No
P04863,FL0363,2025-08-16,Paris,Doha,Airbus A320,Delayed,52,Business,Corporate,Leisure,Gold,1389.11,1458.57,3.2,Yes
P04864,FL0364,2025-10-09,Bangkok,Singapore,Airbus A380,On Time,0,Business,Corporate,Business,Silver,2104.24,2104.24,5,No
P04865,FL0365,2025-12-31,Mumbai,Doha,Airbus A350,Delayed,10,Economy,Travel Agent,Business,Silver,262.4,262.4,3.6,No
P04866,FL0366,2025-03-04,New York,Dubai,Airbus A350,Delayed,19,Economy,Travel Agent,Business,Silver,274.3,288.02,3.0,No
P04867,FL0367,2025-10-21,Bangkok,Sydney,Boeing 777,On Time,0,Economy,Mobile App,Business,Gold,404.3,404.3,4.0,No
P04868,FL0368,2025-11-10,New York,Doha,Airbus A320,On Time,0,Business,Mobile App,Business,Silver,1929.64,1929.64,4.7,No
P04869,FL0369,2025-09-27,Frankfurt,New York,Boeing 787,On Time,0,Economy,Travel Agent,Leisure,Silver,175.46,184.23,4.3,No
P04870,FL0370,2025-03-06,Sydney,Singapore,Boeing 777,On Time,0,Economy,Travel Agent,Leisure,Bronze,352.56,352.56,4.9,No
P04871,FL0371,2025-12-15,Paris,New York,Airbus A380,On Time,0,First,Travel Agent,Business,Silver,4251.85,4464.44,4.0,No
P04872,FL0372,2025-10-28,New York,Toronto,Airbus A350,On Time,0,Economy,Travel Agent,Business,Bronze,275.77,275.77,3.6,No
P04873,FL0373,2025-09-15,Singapore,Bangkok,Airbus A320,Delayed,31,Economy,Corporate,Visiting Friends/Relatives,Bronze,406.22,426.53,3.7,No
P04874,FL0374,2025-06-05,New York,Doha,Airbus A350,On Time,0,Premium Economy,Mobile App,Business,Silver,1030.1,1030.1,4.4,No
P04875,FL0375,2025-09-23,Doha,Frankfurt,Boeing 777,Delayed,17,Economy,Travel Agent,Visiting Friends/Relatives,Bronze,230.73,230.73,3.5,No
P04876,FL0376,2025-03-06,New York,Paris,Boeing 777,On Time,0,Economy,Mobile App,Leisure,Silver,448.7,448.7,4.1,No
P04877,FL0377,2025-11-25,London,Sydney,Airbus A350,On Time,0,Premium Economy,Mobile App,Leisure,Gold,753.12,753.12,3.0,No
P04878,FL0378,2025-03-29,Sydney,Doha,Airbus A380,On Time,0,Business,Mobile App,Leisure,Silver,1995.44,2095.21,4.0,No
P04879,FL0379,2025-10-16,Sydney,Mumbai,Airbus A320,Delayed,35,Economy,Website,Visiting Friends/Relatives,Silver,206.55,206.55,4.2,No
P04880,FL0380,2025-01-24,Dubai,Singapore,Airbus A380,On Time,0,Economy,Website,Leisure,Bronze,366.8,385.14,3.5,No
P04881,FL0381,2025-08-02,Doha,Tokyo,Airbus A380,On Time,0,Economy,Corporate,Visiting Friends/Relatives,Bronze,281.43,281.43,4.3,No
P04882,FL0382,2025-10-07,Paris,Toronto,Boeing 777,On Time,0,Economy,Mobile App,Visiting Friends/Relatives,Silver,210.47,210.47,3.2,No
P04883,FL0383,2025-05-06,Mumbai,New York,Boeing 787,On Time,0,Economy,Website,Business,Gold,383.74,383.74,4.0,No
P04884,FL0384,2025-03-22,London,Singapore,Boeing 787,On Time,0,Economy,Corporate,Business,Gold,327.99,327.99,4.2,No
P04885,FL0385,2025-06-24,Paris,Dubai,Airbus A380,On Time,0,Business,Website,Leisure,Bronze,1615.72,1615.72,4.2,No
P04886,FL0386,2025-07-24,Bangkok,Mumbai,Airbus A350,On Time,0,Economy,Travel Agent,Leisure,Bronze,305.35,305.35,3.7,No
P04887,FL0387,2025-02-24,New York,Sydney,Boeing 777,On Time,0,Economy,Corporate,Visiting Friends/Relatives,Gold,220.35,220.35,3.8,No
P04888,FL0388,2025-08-19,London,Mumbai,Airbus A350,On Time,0,Economy,Website,Leisure,Platinum,349.24,349.24,3.8,No
P04889,FL0389,2025-07-16,Dubai,Mumbai,Airbus A380,On Time,0,Economy,Mobile App,Visiting Friends/Relatives,Silver,144.78,144.78,4.6,No
P04890,FL0390,2025-10-23,Singapore,Frankfurt,Boeing 777,On Time,0,Economy,Website,Visiting Friends/Relatives,Gold,513.57,513.57,5,No
P04891,FL0391,2025-09-21,Singapore,New York,Boeing 787,On Time,0,Economy,Website,Leisure,Gold,360.2,360.2,3.9,No
P04892,FL0392,2025-01-12,Mumbai,New York,Airbus A320,Delayed,1,Economy,Website,Leisure,Silver,239.27,251.23,3.8,No
P04893,FL0393,2025-06-30,Doha,Tokyo,Airbus A320,On Time,0,Economy,Travel Agent,Visiting Friends/Relatives,Silver,254.33,254.33,4.3,No
P04894,FL0394,2025-12-01,Paris,Tokyo,Boeing 787,On Time,0,Economy,Corporate,Business,Platinum,411.31,411.31,4.4,No
P04895,FL0395,2025-08-09,Dubai,Singapore,Airbus A350,Delayed,16,Economy,Website,Business,Bronze,307.11,307.11,3.5,No
P04896,FL0396,2025-07-07,Bangkok,Frankfurt,Airbus A320,On Time,0,Business,Website,Leisure,Bronze,2239.47,2239.47,3.4,No
P04897,FL0397,2025-04-10,Sydney,New York,Boeing 777,On Time,0,Economy,Corporate,Leisure,Gold,336.61,336.61,4.0,No
P04898,FL0398,2025-09-16,London,Bangkok,Boeing 787,On Time,0,Economy,Mobile App,Leisure,Bronze,247.31,247.31,4.3,No
P04899,FL0399,2025-12-15,Mumbai,Tokyo,Airbus A380,On Time,0,First,Mobile App,Business,Silver,4477.76,4701.65,4.7,No
P04900,FL0400,2025-07-11,London,Bangkok,Boeing 777,On Time,0,Economy,Mobile App,Visiting Friends/Relatives,Silver,386.83,386.83,3.8,No
P04901,FL0401,2025-04-12,Bangkok,Doha,Airbus A380,On Time,0,Business,Mobile App,Visiting Friends/Relatives,Bronze,1354.88,1354.88,4.6,Yes
P04902,FL0402,2025-01-24,New York,London,Airbus A320,On Time,0,Economy,Website,Leisure,Bronze,235.9,235.9,4.2,No
P04903,FL0403,2025-09-23,Bangkok,New York,Boeing 787,On Time,0,Economy,Mobile App,Business,Gold,350.19,350.19,4.3,No
P04904,FL0404,2025-06-17,New York,Doha,Airbus A380,On Time,0,Business,Website,Visiting Friends/Relatives,Silver,2287.05,2287.05,4.6,No
P04905,FL0405,2025-06-03,Frankfurt,Tokyo,Airbus A380,On Time,0,Economy,Mobile App,Visiting Friends/Relatives,Silver,313.02,313.02,4.6,No
P04906,FL0406,2025-09-08,New York,Sydney,Airbus A380,On Time,0,Premium Economy,Website,Visiting Friends/Relatives,Silver,749.45,749.45,4.8,No
P04907,FL0407,2025-06-19,Dubai,Frankfurt,Airbus A320,Cancelled,0,Economy,Mobile App,Leisure,Silver,257.71,257.71,3.5,No
P04908,FL0408,2025-12-19,Sydney,Paris,Airbus A320,On Time,0,Economy,Website,Leisure,Bronze,415.05,415.05,4.0,No
P04909,FL0409,2025-10-24,Mumbai,Toronto,Airbus A380,On Time,0,Economy,Website,Leisure,Platinum,322.85,322.85,5,No
P04910,FL0410,2025-09-03,Dubai,Tokyo,Airbus A350,On Time,0,Premium Economy,Mobile App,Leisure,Silver,649.42,649.42,4.0,No
P04911,FL0411,2025-03-17,Sydney,Frankfurt,Airbus A350,On Time,0,Economy,Mobile App,Visiting Friends/Relatives,Bronze,263.52,263.52,3.7,No
P04912,FL0412,2025-01-10,London,Paris,Boeing 787,On Time,0,Economy,Website,Business,Silver,334.69,351.42,4.1,No
P04913,FL0413,2025-12-20,Singapore,Bangkok,Airbus A350,On Time,0,Economy,Corporate,Visiting Friends/Relatives,Bronze,326.19,326.19,4.5,No
P04914,FL0414,2025-02-01,Sydney,Bangkok,Airbus A350,On Time,0,Economy,Website,Business,Bronze,306.03,306.03,3.6,No
P04915,FL0415,2025-12-06,New York,Mumbai,Boeing 787,On Time,0,Economy,Mobile App,Leisure,Platinum,434.64,456.37,3.8,No
P04916,FL0416,2025-08-24,Bangkok,Doha,Airbus A380,On Time,0,Economy,Travel Agent,Visiting Friends/Relatives,Bronze,269.84,269.84,4.2,No
P04917,FL0417,2025-12-15,Bangkok,Toronto,Boeing 777,On Time,0,Business,Mobile App,Business,Bronze,1160.39,1218.41,3.9,No
P04918,FL0418,2025-05-23,Doha,Paris,Airbus A380,On Time,0,Economy,Mobile App,Visiting Friends/Relatives,Gold,295.15,295.15,4.2,No
P04919,FL0419,2025-12-27,Mumbai,Paris,Airbus A350,On Time,0,Economy,Website,Leisure,Gold,494.91,519.66,4.5,No
P04920,FL0420,2025-09-03,Paris,Frankfurt,Boeing 777,On Time,0,Economy,Website,Visiting Friends/Relatives,Bronze,303.93,303.93,4.3,No
P04921,FL0421,2025-03-04,Mumbai,Paris,Airbus A380,On Time,0,Economy,Website,Leisure,Bronze,401.68,401.68,4.0,No
P04922,FL0422,2025-06-26,Frankfurt,Bangkok,Airbus A350,On Time,0,Premium Economy,Mobile App,Visiting Friends/Relatives,Silver,965.5,965.5,3.8,No
P04923,FL0423,2025-06-27,Mumbai,Singapore,Boeing 787,On Time,0,Business,Website,Business,Bronze,1200.64,1200.64,3.1,No
P04924,FL0424,2025-04-14,Paris,Dubai,Airbus A380,On Time,0,Economy,Travel Agent,Visiting Friends/Relatives,Bronze,320.08,320.08,4.2,No
P04925,FL0425,2025-03-12,New York,Paris,Airbus A320,On Time,0,Economy,Mobile App,Visiting Friends/Relatives,Bronze,519.09,519.09,3.5,No
P04926,FL0426,2025-05-05,Sydney,Dubai,Airbus A320,On Time,0,Economy,Mobile App,Business,Gold,260.6,260.6,4.9,No
P04927,FL0427,2025-11-23,New York,Dubai,Airbus A350,On Time,0,Economy,Website,Business,Silver,241.82,241.82,5,No
P04928,FL0428,2025-08-30,Frankfurt,Mumbai,Airbus A320,On Time,0,Economy,Mobile App,Leisure,Gold,243.15,255.31,4.4,No
P04929,FL0429,2025-10-09,Singapore,London,Airbus A350,On Time,0,Economy,Website,Visiting Friends/Relatives,Silver,282.43,282.43,4.9,No
P04930,FL0430,2025-11-30,Paris,New York,Airbus A350,On Time,0,Economy,Mobile App,Business,Platinum,344.28,344.28,3.8,No
P04931,FL0431,2025-05-27,Mumbai,Frankfurt,Airbus A320,Delayed,31,Economy,Corporate,Visiting Friends/Relatives,Bronze,221.76,232.85,3.3,No
P04932,FL0432,2025-03-31,New York,London,Boeing 787,Delayed,26,Economy,Website,Business,Bronze,343.62,343.62,4.1,No
P04933,FL0433,2025-07-23,Singapore,London,Boeing 787,On Time,0,Economy,Mobile App,Business,Silver,504.78,504.78,4.2,No
P04934,FL0434,2025-01-05,Mumbai,London,Boeing 777,On Time,0,Economy,Website,Business,Bronze,469.02,469.02,4.1,No
P04935,FL0435,2025-05-26,London,Frankfurt,Boeing 787,Cancelled,0,Economy,Website,Leisure,Silver,367.12,367.12,2.5,No
P04936,FL0436,2025-09-10,New York,Sydney,Airbus A350,Delayed,10,Economy,Mobile App,Leisure,Silver,295.18,295.18,3.6,No
P04937,FL0437,2025-03-25,London,Frankfurt,Boeing 787,On Time,0,Economy,Website,Leisure,Platinum,372.43,372.43,4.3,No
P04938,FL0438,2025-06-22,Singapore,London,Boeing 777,On Time,0,Business,Website,Visiting Friends/Relatives,Bronze,1682.04,1682.04,4.6,No
P04939,FL0439,2025-11-09,Doha,Dubai,Boeing 787,Delayed,19,Economy,Corporate,Visiting Friends/Relatives,Platinum,385.22,385.22,4.2,No
P04940,FL0440,2025-02-14,New York,Mumbai,Boeing 787,On Time,0,Business,Website,Visiting Friends/Relatives,Silver,1166.2,1224.51,4.3,No
P04941,FL0441,2025-09-02,Singapore,Dubai,Boeing 777,Delayed,29,First,Website,Business,Silver,3571.28,3749.84,4.6,No
P04942,FL0442,2025-06-18,Paris,Mumbai,Boeing 777,On Time,0,Economy,Mobile App,Visiting Friends/Relatives,Silver,348.84,348.84,4.8,No
P04943,FL0443,2025-05-14,Sydney,London,Boeing 777,On Time,0,Economy,Corporate,Business,Bronze,244.25,244.25,4.1,No
P04944,FL0444,2025-03-02,Dubai,Toronto,Boeing 787,On Time,0,Economy,Corporate,Visiting Friends/Relatives,Gold,369.0,369.0,3.2,No
P04945,FL0445,2025-09-15,Frankfurt,Toronto,Boeing 777,On Time,0,Economy,Website,Leisure,Bronze,404.56,404.56,4.5,No
P04946,FL0446,2025-11-11,Mumbai,Frankfurt,Airbus A350,On Time,0,Economy,Website,Visiting Friends/Relatives,Bronze,249.96,262.46,4.6,No
P04947,FL0447,2025-03-20,Singapore,New York,Boeing 787,On Time,0,Economy,Corporate,Visiting Friends/Relatives,Platinum,250.16,262.67,3.3,No
P04948,FL0448,2025-08-01,Sydney,Mumbai,Airbus A380,Delayed,18,Economy,Mobile App,Leisure,Bronze,295.78,295.78,4.0,No
P04949,FL0449,2025-04-22,New York,Toronto,Airbus A350,On Time,0,Economy,Website,Leisure,Gold,257.73,257.73,3.3,No
P04950,FL0450,2025-09-27,Sydney,Singapore,Boeing 787,On Time,0,Economy,Corporate,Business,Silver,288.13,288.13,4.6,No
P04951,FL0451,2025-10-16,Bangkok,Singapore,Airbus A320,On Time,0,Business,Mobile App,Visiting Friends/Relatives,Gold,2605.61,2605.61,4.9,No
P04952,FL0452,2025-04-14,New York,Sydney,Airbus A380,On Time,0,Economy,Website,Business,Silver,348.59,348.59,4.1,No
P04953,FL0453,2025-09-24,Singapore,Frankfurt,Boeing 787,On Time,0,Business,Website,Business,Bronze,1723.33,1723.33,4.5,No
P04954,FL0454,2025-09-08,Doha,Tokyo,Airbus A320,Delayed,14,Economy,Mobile App,Business,Platinum,258.72,258.72,3.2,No
P04955,FL0455,2025-08-01,Singapore,Sydney,Boeing 787,On Time,0,Economy,Travel Agent,Business,Gold,220.37,220.37,4.0,No
P04956,FL0456,2025-12-11,New York,Bangkok,Boeing 777,On Time,0,Business,Mobile App,Leisure,Bronze,1912.72,1912.72,4.5,No
P04957,FL0457,2025-01-02,Frankfurt,Paris,Airbus A350,On Time,0,Economy,Travel Agent,Leisure,Silver,337.9,337.9,4.0,No
P04958,FL0458,2025-06-26,Dubai,Bangkok,Airbus A320,On Time,0,Premium Economy,Travel Agent,Leisure,Bronze,527.93,527.93,4.5,No
P04959,FL0459,2025-08-30,Dubai,Singapore,Airbus A320,On Time,0,Economy,Mobile App,Visiting Friends/Relatives,Platinum,548.92,548.92,3.8,No
P04960,FL0460,2025-11-25,Singapore,Dubai,Boeing 787,On Time,0,Premium Economy,Mobile App,Leisure,Silver,412.57,412.57,3.8,No
P04961,FL0461,2025-07-13,Frankfurt,New York,Boeing 787,On Time,0,Premium Economy,Mobile App,Visiting Friends/Relatives,Bronze,789.63,789.63,4.4,Yes
P04962,FL0462,2025-12-01,New York,Doha,Boeing 777,On Time,0,Economy,Website,Visiting Friends/Relatives,Bronze,360.94,378.99,4.2,No
P04963,FL0463,2025-09-28,New York,Frankfurt,Airbus A350,On Time,0,Economy,Corporate,Visiting Friends/Relatives,Bronze,385.02,385.02,4.8,No
P04964,FL0464,2025-01-12,Doha,London,Boeing 777,On Time,0,Economy,Website,Visiting Friends/Relatives,Platinum,253.68,253.68,4.1,No
P04965,FL0465,2025-09-30,New York,Frankfurt,Boeing 787,Delayed,19,Economy,Corporate,Visiting Friends/Relatives,Silver,261.12,274.18,3.4,No
P04966,FL0466,2025-06-27,Doha,New York,Airbus A350,On Time,0,Economy,Mobile App,Leisure,Silver,440.91,440.91,3.7,No
P04967,FL0467,2025-12-05,London,Singapore,Boeing 787,On Time,0,Economy,Website,Visiting Friends/Relatives,Silver,345.24,345.24,4.2,Yes
P04968,FL0468,2025-04-16,Dubai,Paris,Airbus A320,On Time,0,Economy,Website,Visiting Friends/Relatives,Gold,364.92,364.92,4.7,No
P04969,FL0469,2025-11-03,Dubai,New York,Airbus A320,On Time,0,Economy,Corporate,Business,Silver,320.83,320.83,4.5,No
P04970,FL0470,2025-08-13,Dubai,Bangkok,Airbus A350,On Time,0,Economy,Website,Visiting Friends/Relatives,Gold,515.19,515.19,4.8,No
P04971,FL0471,2025-09-15,Dubai,Doha,Boeing 777,On Time,0,Economy,Website,Business,Silver,342.35,342.35,4.0,No
P04972,FL0472,2025-10-23,Sydney,Mumbai,Airbus A380,On Time,0,Premium Economy,Website,Visiting Friends/Relatives,Platinum,1208.02,1208.02,4.4,No
P04973,FL0473,2025-06-04,Bangkok,Dubai,Airbus A350,Cancelled,0,Economy,Mobile App,Leisure,Bronze,296.59,311.42,3.1,No
P04974,FL0474,2025-07-31,New York,Dubai,Boeing 777,On Time,0,Economy,Website,Visiting Friends/Relatives,Bronze,223.71,234.9,4.8,No
P04975,FL0475,2025-03-31,New York,Tokyo,Boeing 787,On Time,0,Economy,Mobile App,Visiting Friends/Relatives,Silver,366.69,366.69,4.6,No
P04976,FL0476,2025-11-26,Dubai,Frankfurt,Boeing 787,Delayed,12,Business,Corporate,Visiting Friends/Relatives,Silver,1742.82,1742.82,2.9,No
P04977,FL0477,2025-07-12,Singapore,Mumbai,Airbus A350,On Time,0,Business,Website,Visiting Friends/Relatives,Gold,2226.22,2226.22,4.2,No
P04978,FL0478,2025-04-26,Paris,Dubai,Boeing 777,Delayed,29,Economy,Mobile App,Business,Bronze,276.2,276.2,4.3,No
P04979,FL0479,2025-01-30,Singapore,New York,Airbus A380,On Time,0,Premium Economy,Mobile App,Business,Platinum,423.45,444.62,4.3,No
P04980,FL0480,2025-09-29,Frankfurt,Sydney,Airbus A350,On Time,0,Economy,Corporate,Visiting Friends/Relatives,Silver,277.35,291.22,4.5,No
P04981,FL0481,2025-06-19,Mumbai,Dubai,Airbus A320,Delayed,21,Economy,Mobile App,Leisure,Bronze,606.7,606.7,4.8,No
P04982,FL0482,2025-05-18,Doha,London,Boeing 787,On Time,0,Economy,Mobile App,Leisure,Gold,399.31,399.31,3.8,No
P04983,FL0483,2025-02-07,Sydney,London,Airbus A350,Delayed,13,Economy,Travel Agent,Leisure,Silver,434.87,434.87,2.9,No
P04984,FL0484,2025-10-14,Sydney,Toronto,Airbus A350,On Time,0,Economy,Mobile App,Leisure,Platinum,424.59,424.59,2.7,No
P04985,FL0485,2025-01-08,Bangkok,Paris,Airbus A350,Delayed,23,Economy,Website,Visiting Friends/Relatives,Bronze,363.23,363.23,4.2,No
P04986,FL0486,2025-12-23,Paris,Dubai,Airbus A380,On Time,0,Economy,Website,Leisure,Bronze,282.69,296.82,4.0,Yes
P04987,FL0487,2025-10-10,Frankfurt,Dubai,Boeing 777,On Time,0,Premium Economy,Travel Agent,Leisure,Bronze,933.65,980.33,4.3,No
P04988,FL0488,2025-10-01,Frankfurt,New York,Boeing 777,On Time,0,Economy,Website,Business,Gold,356.97,356.97,4.4,Yes
P04989,FL0489,2025-09-12,Bangkok,Sydney,Boeing 787,On Time,0,Business,Website,Visiting Friends/Relatives,Gold,2284.32,2284.32,4.3,No
P04990,FL0490,2025-04-15,Paris,Frankfurt,Boeing 777,On Time,0,Economy,Website,Business,Silver,332.43,332.43,3.7,No
P04991,FL0491,2025-04-24,Dubai,Tokyo,Airbus A350,On Time,0,Economy,Corporate,Visiting Friends/Relatives,Bronze,303.27,318.43,4.0,No
P04992,FL0492,2025-10-24,New York,Tokyo,Boeing 787,On Time,0,Economy,Website,Business,Gold,416.93,416.93,4.9,No
P04993,FL0493,2025-04-28,Doha,Frankfurt,Boeing 787,On Time,0,Economy,Corporate,Visiting Friends/Relatives,Platinum,383.5,383.5,3.8,No
P04994,FL0494,2025-10-09,Doha,New York,Boeing 777,On Time,0,Economy,Travel Agent,Visiting Friends/Relatives,Bronze,464.36,464.36,4.0,No
P04995,FL0495,2025-09-09,Paris,Toronto,Boeing 787,On Time,0,Economy,Mobile App,Visiting Friends/Relatives,Silver,294.41,309.13,3.5,No
P04996,FL0496,2025-03-13,Bangkok,Doha,Airbus A380,On Time,0,Economy,Travel Agent,Business,Gold,276.26,276.26,3.5,No
P04997,FL0497,2025-01-31,New York,Toronto,Airbus A380,On Time,0,Business,Website,Leisure,Gold,2328.21,2444.62,5.0,No
P04998,FL0498,2025-01-25,London,Toronto,Airbus A320,On Time,0,Business,Mobile App,Leisure,Platinum,1543.67,1620.85,4.0,No
P04999,FL0499,2025-12-29,Doha,Singapore,Airbus A350,On Time,0,Economy,Website,Leisure,Bronze,466.1,466.1,3.8,No
P05000,FL0500,2025-07-11,New York,Bangkok,Airbus A320,On Time,0,Economy,Website,Visiting Friends/Relatives,Platinum,191.81,191.81,4.3,No
